direction,prize_topic,citation_topic,prize_domain,citation_domain,prize_paper_field,citation_paper_field,count,sample_prize_paper_id,sample_prize_paper_title,sample_citation_paper_id,sample_citation_paper_title
prize_paper_references_citation_paper,"Biochemistry, Genetics and Molecular Biology",Environmental Science,Life Sciences,Physical Sciences,"Biochemistry, Genetics and Molecular Biology",Environmental Science,95,W1506010125,A Restriction enzyme from Hemophilus influenzae,W1493689801,The P22 bacteriophage DNA molecule
prize_paper_references_citation_paper,"Biochemistry, Genetics and Molecular Biology","Biochemistry, Genetics and Molecular Biology",Life Sciences,Life Sciences,"Biochemistry, Genetics and Molecular Biology","Biochemistry, Genetics and Molecular Biology",1915,W1506010125,A Restriction enzyme from Hemophilus influenzae,W1534152204,A restriction enzyme from Hemophilus influenzae: II. Base sequence of the recognition site
prize_paper_references_citation_paper,Physics and Astronomy,Physics and Astronomy,Physical Sciences,Physical Sciences,Physics and Astronomy,Physics and Astronomy,1576,W2000744791,Observation of High-Energy Neutrino Reactions and the Existence of Two Kinds of Neutrinos,W119557844,New Limit on thee+γDecay Mode of the Muon
prize_paper_references_citation_paper,Physics and Astronomy,Engineering,Physical Sciences,Physical Sciences,Physics and Astronomy,Engineering,220,W2000744791,Observation of High-Energy Neutrino Reactions and the Existence of Two Kinds of Neutrinos,W2010256898,Muon Capture in Liquid Hydrogen
prize_paper_references_citation_paper,Physics and Astronomy,Computer Science,Physical Sciences,Physical Sciences,Physics and Astronomy,Computer Science,44,W2000744791,Observation of High-Energy Neutrino Reactions and the Existence of Two Kinds of Neutrinos,W2019898617,On the conservation of the lepton number
prize_paper_references_citation_paper,Physics and Astronomy,"Biochemistry, Genetics and Molecular Biology",Physical Sciences,Life Sciences,Physics and Astronomy,"Biochemistry, Genetics and Molecular Biology",14,W2000744791,Observation of High-Energy Neutrino Reactions and the Existence of Two Kinds of Neutrinos,W2059905772,"Decays of the<mml:math xmlns:mml=""http://www.w3.org/1998/Math/MathML"" display=""inline""><mml:mi>μ</mml:mi></mml:math>Meson in the Intermediate-Meson Theory"
prize_paper_references_citation_paper,Physics and Astronomy,Arts and Humanities,Physical Sciences,Social Sciences,Physics and Astronomy,Arts and Humanities,19,W2000744791,Observation of High-Energy Neutrino Reactions and the Existence of Two Kinds of Neutrinos,W2156086489,A theory of the fundamental interactions
prize_paper_references_citation_paper,Agricultural and Biological Sciences,Chemistry,Life Sciences,Physical Sciences,Agricultural and Biological Sciences,Chemistry,4,W1493302394,The Absorption and Translocation of Lead by Plants,W2060807621,The Permeability of Protoplasm to Ions and the Theory of Antagonism
prize_paper_references_citation_paper,Nursing,Chemistry,Health Sciences,Physical Sciences,Nursing,Chemistry,7,W4244596985,Hexuronic Acid as the Antiscorbutic Factor,W2012509974,THE QUANTITATIVE DETERMINATION OF THE ANTISCORBUTIC VITAMIN (VITAMIN C).
prize_paper_references_citation_paper,Nursing,Agricultural and Biological Sciences,Health Sciences,Life Sciences,Nursing,Agricultural and Biological Sciences,3,W4244596985,Hexuronic Acid as the Antiscorbutic Factor,W28034627,ON THE FUNCTION OF HEXURONIC ACID IN THE RESPIRATION OF THE CABBAGE LEAF
prize_paper_references_citation_paper,Agricultural and Biological Sciences,Medicine,Life Sciences,Health Sciences,Agricultural and Biological Sciences,Medicine,36,W2055404553,A Method for the Fluorimetric Determination of Adrenaline and Noradrenaline in Tissues.<sup>1</sup>,W1930369825,THE SIMULTANEOUS FLUORIMETRIC DETERMINATION OF ADRENALINE AND NORADRENALINE IN PLASMA—II*
prize_paper_references_citation_paper,Agricultural and Biological Sciences,"Biochemistry, Genetics and Molecular Biology",Life Sciences,Life Sciences,Agricultural and Biological Sciences,"Biochemistry, Genetics and Molecular Biology",31,W2055404553,A Method for the Fluorimetric Determination of Adrenaline and Noradrenaline in Tissues.<sup>1</sup>,W1978152852,Modifikationen zur Fluorescenzmethode von Weil-Malherbe und Bone zur Bestimmung von Adrenalin und Noradrenalin im menschlichen Blutplasma
prize_paper_references_citation_paper,Agricultural and Biological Sciences,Agricultural and Biological Sciences,Life Sciences,Life Sciences,Agricultural and Biological Sciences,Agricultural and Biological Sciences,48,W2055404553,A Method for the Fluorimetric Determination of Adrenaline and Noradrenaline in Tissues.<sup>1</sup>,W1999911464,Fluorimetric Determination of Adrenaline in Blood. III. A New Sensitive and Specific Method.
prize_paper_references_citation_paper,Agricultural and Biological Sciences,Engineering,Life Sciences,Physical Sciences,Agricultural and Biological Sciences,Engineering,1,W2055404553,A Method for the Fluorimetric Determination of Adrenaline and Noradrenaline in Tissues.<sup>1</sup>,W2021432299,A Fluorimetric Method for the Determination of Dopamine (3‐Hydroxytyramine.)
prize_paper_references_citation_paper,Agricultural and Biological Sciences,Neuroscience,Life Sciences,Life Sciences,Agricultural and Biological Sciences,Neuroscience,4,W2055404553,A Method for the Fluorimetric Determination of Adrenaline and Noradrenaline in Tissues.<sup>1</sup>,W2075235687,Release by reserpine of catechol amines from rabbits' hearts
prize_paper_references_citation_paper,Agricultural and Biological Sciences,"Pharmacology, Toxicology and Pharmaceutics",Life Sciences,Life Sciences,Agricultural and Biological Sciences,"Pharmacology, Toxicology and Pharmaceutics",1,W2055404553,A Method for the Fluorimetric Determination of Adrenaline and Noradrenaline in Tissues.<sup>1</sup>,W562254,The chemical estimation of adrenaline-like substances in blood
prize_paper_references_citation_paper,Environmental Science,Social Sciences,Physical Sciences,Social Sciences,Environmental Science,Social Sciences,3,W2331925520,The Companion in the Bird's World,W4243825713,Scotland
prize_paper_references_citation_paper,"Biochemistry, Genetics and Molecular Biology",Chemistry,Life Sciences,Physical Sciences,"Biochemistry, Genetics and Molecular Biology",Chemistry,144,W2314460680,Über den Mechanismus der Oxydationsvorgänge,W1491901714,The Mode of Oxidation in the Animal Organism of Phenyl Derivatives of Fatty Acids. Part IV
prize_paper_references_citation_paper,"Biochemistry, Genetics and Molecular Biology",Neuroscience,Life Sciences,Life Sciences,"Biochemistry, Genetics and Molecular Biology",Neuroscience,73,W2314460680,Über den Mechanismus der Oxydationsvorgänge,W1576302563,Über scheinbare Atmung abgetöteter Zellen durch Farbstoffreduktion
prize_paper_references_citation_paper,"Biochemistry, Genetics and Molecular Biology",Medicine,Life Sciences,Health Sciences,"Biochemistry, Genetics and Molecular Biology",Medicine,277,W2314460680,Über den Mechanismus der Oxydationsvorgänge,W1605936672,Zur Lehre von der Wirkung der Salze
prize_paper_references_citation_paper,"Biochemistry, Genetics and Molecular Biology",Materials Science,Life Sciences,Physical Sciences,"Biochemistry, Genetics and Molecular Biology",Materials Science,76,W2314460680,Über den Mechanismus der Oxydationsvorgänge,W2002183338,Le Mécanisme D'Action des Ferments Oxydants Et des Ferments Réducteurs
prize_paper_references_citation_paper,"Biochemistry, Genetics and Molecular Biology",Earth and Planetary Sciences,Life Sciences,Physical Sciences,"Biochemistry, Genetics and Molecular Biology",Earth and Planetary Sciences,14,W2314460680,Über den Mechanismus der Oxydationsvorgänge,W2010890917,Über Verbrennung der Oxalsäure an Blutkohle und die Hemmung dieser Reaktion durch indifferente Narkotika
prize_paper_references_citation_paper,"Biochemistry, Genetics and Molecular Biology",Arts and Humanities,Life Sciences,Social Sciences,"Biochemistry, Genetics and Molecular Biology",Arts and Humanities,6,W2314460680,Über den Mechanismus der Oxydationsvorgänge,W2073406286,Über die Atmung der Froschmuskulatur
prize_paper_references_citation_paper,"Biochemistry, Genetics and Molecular Biology",Engineering,Life Sciences,Physical Sciences,"Biochemistry, Genetics and Molecular Biology",Engineering,40,W2314460680,Über den Mechanismus der Oxydationsvorgänge,W2318662425,Über das Gärungscoferment im Tierkörper. 2. Mitteilung
prize_paper_references_citation_paper,"Biochemistry, Genetics and Molecular Biology",Agricultural and Biological Sciences,Life Sciences,Life Sciences,"Biochemistry, Genetics and Molecular Biology",Agricultural and Biological Sciences,132,W2314460680,Über den Mechanismus der Oxydationsvorgänge,W2326627071,Über die Reduktion des Furfurols durch Hefe bei der alkoholischen Gärung.
prize_paper_references_citation_paper,"Biochemistry, Genetics and Molecular Biology",Unknown Citation Field,Life Sciences,Unknown Domain,"Biochemistry, Genetics and Molecular Biology",,43,W2314460680,Über den Mechanismus der Oxydationsvorgänge,W2328722759,Über das Vorkommen von Bernsteinsäure im Fleischextrakt und im frischen Fleische.
prize_paper_references_citation_paper,"Biochemistry, Genetics and Molecular Biology","Pharmacology, Toxicology and Pharmaceutics",Life Sciences,Life Sciences,"Biochemistry, Genetics and Molecular Biology","Pharmacology, Toxicology and Pharmaceutics",12,W2314460680,Über den Mechanismus der Oxydationsvorgänge,W2331361741,Mechanismus der Giftwirkung aromatischer Nitroverbindungen
prize_paper_references_citation_paper,"Biochemistry, Genetics and Molecular Biology",Immunology and Microbiology,Life Sciences,Life Sciences,"Biochemistry, Genetics and Molecular Biology",Immunology and Microbiology,51,W2314460680,Über den Mechanismus der Oxydationsvorgänge,W2977815843,Erhaltung der Funktionen aerober Zellen bei Ersatz des freien Sauerstoffs durch chemisch gebundenen: „Pseudoanoxybiose“
citation_paper_cites_prize_paper,"Biochemistry, Genetics and Molecular Biology",Materials Science,Life Sciences,Physical Sciences,"Biochemistry, Genetics and Molecular Biology",Materials Science,5579,W2162734772,A STUDY OF TISSUE CULTURE CELLS BY ELECTRON MICROSCOPY,W2168365305,A STUDY OF FIXATION FOR ELECTRON MICROSCOPY
citation_paper_cites_prize_paper,Neuroscience,Neuroscience,Life Sciences,Life Sciences,Neuroscience,Neuroscience,47855,W2116360511,"Receptive fields, binocular interaction and functional architecture in the cat's visual cortex",W2085319761,Coherent oscillations: A mechanism of feature linking in the visual cortex?
citation_paper_cites_prize_paper,Neuroscience,Computer Science,Life Sciences,Physical Sciences,Neuroscience,Computer Science,5510,W2116360511,"Receptive fields, binocular interaction and functional architecture in the cat's visual cortex",W2166982406,Multifrequency channel decompositions of images and wavelet models
citation_paper_cites_prize_paper,Chemistry,Chemistry,Physical Sciences,Physical Sciences,Chemistry,Chemistry,43835,W2154165252,Polymerisation von Äthylen und anderen Olefinen,W2029266122,Transition Metal-Mediated Cycloaddition Reactions
citation_paper_cites_prize_paper,"Biochemistry, Genetics and Molecular Biology",Medicine,Life Sciences,Health Sciences,"Biochemistry, Genetics and Molecular Biology",Medicine,58874,W2030522563,Continuous cultures of fused cells secreting antibody of predefined specificity,W2086278983,Isolation and quantification of soluble Alzheimer's β-peptide from biological fluids
citation_paper_cites_prize_paper,Medicine,Medicine,Health Sciences,Health Sciences,Medicine,Medicine,62453,W1929691604,The Technique of Free Skin Grafting in Mammals,W2080064179,Biological effects of cyclosporin A: A new antilymphocytic agent
citation_paper_cites_prize_paper,Engineering,Physics and Astronomy,Physical Sciences,Physical Sciences,Engineering,Physics and Astronomy,10724,W1983718136,Resonance Absorption by Nuclear Magnetic Moments in a Solid,W2110820154,Photonic band-gap structures
citation_paper_cites_prize_paper,Physics and Astronomy,Chemistry,Physical Sciences,Physical Sciences,Physics and Astronomy,Chemistry,26922,W2070302549,Application of Fourier Transform Spectroscopy to Magnetic Resonance,W968790055,Carbon-13 Nuclear Magnetic Resonance Spectroscopy of Monosaccharides
citation_paper_cites_prize_paper,Physics and Astronomy,Physics and Astronomy,Physical Sciences,Physical Sciences,Physics and Astronomy,Physics and Astronomy,294511,W2030976617,Inhomogeneous Electron Gas,W2073773252,Linear scaling electronic structure methods
citation_paper_cites_prize_paper,"Biochemistry, Genetics and Molecular Biology",Neuroscience,Life Sciences,Life Sciences,"Biochemistry, Genetics and Molecular Biology",Neuroscience,11533,W2009310436,A comprehensive set of sequence analysis programs for the VAX,W1919210158,Cloning and characterization of chi-1: a developmentally regulated member of a novel class of the ionotropic glutamate receptor family
citation_paper_cites_prize_paper,Environmental Science,Neuroscience,Physical Sciences,Life Sciences,Environmental Science,Neuroscience,1577,W2138270253,DNA sequencing with chain-terminating inhibitors,W1919210158,Cloning and characterization of chi-1: a developmentally regulated member of a novel class of the ionotropic glutamate receptor family
citation_paper_cites_prize_paper,"Biochemistry, Genetics and Molecular Biology",Veterinary,Life Sciences,Health Sciences,"Biochemistry, Genetics and Molecular Biology",Veterinary,285,W1993834457,Site-directed mutagenesis by gene targeting in mouse embryo-derived stem cells,W2067049479,Disruption of the murine IL-4 gene blocks Th2 cytokine responses
citation_paper_cites_prize_paper,Neuroscience,Medicine,Life Sciences,Health Sciences,Neuroscience,Medicine,9530,W2009667219,Improved patch-clamp techniques for high-resolution current recording from cells and cell-free membrane patches,W1992045485,Electrophysiology of the pancreatic β-cell
citation_paper_cites_prize_paper,Chemistry,Environmental Science,Physical Sciences,Physical Sciences,Chemistry,Environmental Science,12727,W1986113254,"THE ADSORPTION OF GASES ON PLANE SURFACES OF GLASS, MICA AND PLATINUM.",W1969302318,Colloid mobilization and transport in groundwater
citation_paper_cites_prize_paper,"Biochemistry, Genetics and Molecular Biology",Immunology and Microbiology,Life Sciences,Life Sciences,"Biochemistry, Genetics and Molecular Biology",Immunology and Microbiology,8967,W2320556745,<b>Solid Phase Peptide Synthesis. I. The Synthesis of a Tetrapeptide</b>,W4255507877,Peptide antibiotics
citation_paper_cites_prize_paper,"Biochemistry, Genetics and Molecular Biology","Biochemistry, Genetics and Molecular Biology",Life Sciences,Life Sciences,"Biochemistry, Genetics and Molecular Biology","Biochemistry, Genetics and Molecular Biology",192579,W1983534198,The Complete Atomic Structure of the Large Ribosomal Subunit at 2.4 Å Resolution,W2166117980,Structural basis for the interaction of antibiotics with the peptidyl transferase centre in eubacteria
citation_paper_cites_prize_paper,Chemistry,Physics and Astronomy,Physical Sciences,Physical Sciences,Chemistry,Physics and Astronomy,13484,W2049635189,On the Interaction of Electrons in Metals,W2036330668,Exchange-correlation energy of a metallic surface: Wave-vector analysis
citation_paper_cites_prize_paper,Physics and Astronomy,Neuroscience,Physical Sciences,Life Sciences,Physics and Astronomy,Neuroscience,2280,W2730405628,On the movement of small particles suspended in a stationary liquid demanded by the molecular-kinetic theory of heart,W1845163922,Quantitative Ultrastructural Analysis of Hippocampal Excitatory Synapses
citation_paper_cites_prize_paper,Immunology and Microbiology,"Biochemistry, Genetics and Molecular Biology",Life Sciences,Life Sciences,Immunology and Microbiology,"Biochemistry, Genetics and Molecular Biology",3307,W2129319296,Defective LPS Signaling in C3H/HeJ and C57BL/10ScCr Mice: Mutations in <i>Tlr4</i> Gene,W2083682196,HSP70 as Endogenous Stimulus of the Toll/Interleukin-1 Receptor Signal Pathway
citation_paper_cites_prize_paper,Engineering,Engineering,Physical Sciences,Physical Sciences,Engineering,Engineering,9645,W2001716999,Tunneling Through Thin Insulating Layers,W2059217336,Electric Tunnel Effect between Dissimilar Electrodes Separated by a Thin Insulating Film
citation_paper_cites_prize_paper,Physics and Astronomy,"Biochemistry, Genetics and Molecular Biology",Physical Sciences,Life Sciences,Physics and Astronomy,"Biochemistry, Genetics and Molecular Biology",9228,W2074770586,Investigation of exchange processes by two-dimensional NMR spectroscopy,W2146088099,Conformation and Biological Activity of Cyclic Peptides
citation_paper_cites_prize_paper,Materials Science,Materials Science,Physical Sciences,Physical Sciences,Materials Science,Materials Science,51569,W2058122340,Electric Field Effect in Atomically Thin Carbon Films,W2049372046,Graphene and boron nitride lateral heterostructures for atomically thin circuitry
citation_paper_cites_prize_paper,Medicine,"Biochemistry, Genetics and Molecular Biology",Health Sciences,Life Sciences,Medicine,"Biochemistry, Genetics and Molecular Biology",24271,W2048075051,über Induktion von Embryonalanlagen durch Implantation artfremder Organisatoren,W2033418096,"Follistatin, an antagonist of activin, is expressed in the Spemann organizer and displays direct neuralizing activity"
citation_paper_cites_prize_paper,Environmental Science,"Biochemistry, Genetics and Molecular Biology",Physical Sciences,Life Sciences,Environmental Science,"Biochemistry, Genetics and Molecular Biology",39727,W2138270253,DNA sequencing with chain-terminating inhibitors,W2033418096,"Follistatin, an antagonist of activin, is expressed in the Spemann organizer and displays direct neuralizing activity"
citation_paper_cites_prize_paper,Physics and Astronomy,Earth and Planetary Sciences,Physical Sciences,Physical Sciences,Physics and Astronomy,Earth and Planetary Sciences,6756,W2030976617,Inhomogeneous Electron Gas,W2078321088,Quantum-mechanical theory of stress and force
citation_paper_cites_prize_paper,Environmental Science,Medicine,Physical Sciences,Health Sciences,Environmental Science,Medicine,14707,W2138270253,DNA sequencing with chain-terminating inhibitors,W2108293406,Mutations in the <i>MDR</i> 3 gene cause progressive familial intrahepatic cholestasis
citation_paper_cites_prize_paper,Neuroscience,"Biochemistry, Genetics and Molecular Biology",Life Sciences,Life Sciences,Neuroscience,"Biochemistry, Genetics and Molecular Biology",22062,W2097400197,The effect of sodium ions on the electrical activity of the giant axon of the squid,W2158699967,Intracellular pH regulation in the renal proximal tubule of the salamander. Basolateral HCO3- transport.
citation_paper_cites_prize_paper,Arts and Humanities,Psychology,Social Sciences,Social Sciences,Arts and Humanities,Psychology,30,W2523278764,THE NATURE OF CONDUCTION OF AN IMPULSE IN THE RELATIVELY REFRACTORY PERIOD,W2092741127,The refractory phase of voluntary and associative responses.
citation_paper_cites_prize_paper,Chemistry,Earth and Planetary Sciences,Physical Sciences,Physical Sciences,Chemistry,Earth and Planetary Sciences,834,W2315929257,Molecular Size Distribution in Linear Condensation Polymers<sup>1</sup>,W2147603876,Progress of nanocrystalline growth kinetics based on oriented attachment
citation_paper_cites_prize_paper,Physics and Astronomy,Materials Science,Physical Sciences,Physical Sciences,Physics and Astronomy,Materials Science,63674,W2030976617,Inhomogeneous Electron Gas,W2053802818,"Electronic and magnetic properties of<mml:math xmlns:mml=""http://www.w3.org/1998/Math/MathML"" display=""inline""><mml:mrow><mml:mn>3</mml:mn><mml:mi>d</mml:mi></mml:mrow></mml:math>transition-metal atom adsorbed graphene and graphene nanoribbons"
citation_paper_cites_prize_paper,Medicine,Physics and Astronomy,Health Sciences,Physical Sciences,Medicine,Physics and Astronomy,1536,W2020623316,Image Formation by Induced Local Interactions: Examples Employing Nuclear Magnetic Resonance,W1991744090,MRI of the lungs using hyperpolarized noble gases
citation_paper_cites_prize_paper,Nursing,"Biochemistry, Genetics and Molecular Biology",Health Sciences,Life Sciences,Nursing,"Biochemistry, Genetics and Molecular Biology",876,W2409039558,CONVERSION OF PHOSPHORYLASE b TO PHOSPHORYLASE a IN MUSCLE EXTRACTS,W2073887637,The Family of Glycogen Phosphorylases: Structure and Functio
citation_paper_cites_prize_paper,Materials Science,Physics and Astronomy,Physical Sciences,Physical Sciences,Materials Science,Physics and Astronomy,8915,W1991101760,A New Microscopic Principle,W4249023884,White-light diffraction tomography of unlabelled live cells
citation_paper_cites_prize_paper,Materials Science,Engineering,Physical Sciences,Physical Sciences,Materials Science,Engineering,13951,W1993209440,Electrical Conductivity in Doped Polyacetylene,W2084206465,Conformational Molecular Switch of the Azobenzene Molecule: A Scanning Tunneling Microscopy Study
citation_paper_cites_prize_paper,Physics and Astronomy,Engineering,Physical Sciences,Physical Sciences,Physics and Astronomy,Engineering,39831,W2230728100,Self-Consistent Equations Including Exchange and Correlation Effects,W2084206465,Conformational Molecular Switch of the Azobenzene Molecule: A Scanning Tunneling Microscopy Study
citation_paper_cites_prize_paper,Immunology and Microbiology,Immunology and Microbiology,Life Sciences,Life Sciences,Immunology and Microbiology,Immunology and Microbiology,13674,W2129319296,Defective LPS Signaling in C3H/HeJ and C57BL/10ScCr Mice: Mutations in <i>Tlr4</i> Gene,W1588312796,Apoptosis Induced by the Toll-Like Receptor Adaptor TRIF Is Dependent on Its Receptor Interacting Protein Homotypic Interaction Motif
citation_paper_cites_prize_paper,Agricultural and Biological Sciences,Agricultural and Biological Sciences,Life Sciences,Life Sciences,Agricultural and Biological Sciences,Agricultural and Biological Sciences,2588,W2006788765,A gene complex controlling segmentation in Drosophila,W2167892440,The developmental basis for allometry in insects
citation_paper_cites_prize_paper,Physics and Astronomy,Energy,Physical Sciences,Physical Sciences,Physics and Astronomy,Energy,3581,W1965245884,Giant Magnetoresistance of (001)Fe/(001)Cr Magnetic Superlattices,W2113111618,"Fe3O4 nanostructures: synthesis, growth mechanism, properties and applications"
citation_paper_cites_prize_paper,Medicine,Health Professions,Health Sciences,Health Sciences,Medicine,Health Professions,313,W1964719327,Ein Beitrag zur Chemotherapie der bakteriellen Infektionen,W4246349758,Struvite stones
citation_paper_cites_prize_paper,"Biochemistry, Genetics and Molecular Biology",Chemistry,Life Sciences,Physical Sciences,"Biochemistry, Genetics and Molecular Biology",Chemistry,6350,W2014815386,The principles of conformational analysis,W2074849341,The total synthesis of reserpine
citation_paper_cites_prize_paper,Chemistry,Engineering,Physical Sciences,Physical Sciences,Chemistry,Engineering,10797,W1703910647,I. <i>On the constitution of atoms and molecules</i>,W2168578815,Ion implantation of titanium based biomaterials
citation_paper_cites_prize_paper,Medicine,Neuroscience,Health Sciences,Life Sciences,Medicine,Neuroscience,3537,W2079512683,The regulation of respiration and circulation during the initial stages of muscular work,W1506365821,Brain Stem Mechanisms for Generation and Control of Breathing Pattern
citation_paper_cites_prize_paper,Materials Science,Chemistry,Physical Sciences,Physical Sciences,Materials Science,Chemistry,2858,W2058122340,Electric Field Effect in Atomically Thin Carbon Films,W2093899323,"Reduced graphene oxide/nickel nanocomposites: facile synthesis, magnetic and catalytic properties"
citation_paper_cites_prize_paper,Engineering,Chemistry,Physical Sciences,Physical Sciences,Engineering,Chemistry,1486,W2065744907,Radioactive Element 93,W2159784593,The Transuranium Elements
citation_paper_cites_prize_paper,Chemistry,"Pharmacology, Toxicology and Pharmaceutics",Physical Sciences,Life Sciences,Chemistry,"Pharmacology, Toxicology and Pharmaceutics",903,W2102110064,Specification of Molecular Chirality,W2074243254,The FDA perspective on the development of stereoisomers
citation_paper_cites_prize_paper,"Biochemistry, Genetics and Molecular Biology",Agricultural and Biological Sciences,Life Sciences,Life Sciences,"Biochemistry, Genetics and Molecular Biology",Agricultural and Biological Sciences,13770,W2029987769,Labeling deoxyribonucleic acid to high specific activity in vitro by nick translation with DNA polymerase I,W1543101582,Rhizobium phaseoli symbiotic mutants with transposon Tn5 insertions
citation_paper_cites_prize_paper,Earth and Planetary Sciences,Earth and Planetary Sciences,Physical Sciences,Physical Sciences,Earth and Planetary Sciences,Earth and Planetary Sciences,3409,W1971991115,The influence of nitrogen oxides on the atmospheric ozone content,W2064302020,A chronology of human understanding of the nitrogen cycle <sup />
citation_paper_cites_prize_paper,"Biochemistry, Genetics and Molecular Biology",Physics and Astronomy,Life Sciences,Physical Sciences,"Biochemistry, Genetics and Molecular Biology",Physics and Astronomy,5019,W2067287942,Microscopy by reconstructed wave-fronts,W2160794025,Observation of Aharonov-Bohm Effect by Electron Holography
citation_paper_cites_prize_paper,Neuroscience,Environmental Science,Life Sciences,Physical Sciences,Neuroscience,Environmental Science,618,W1985940938,A quantitative description of membrane current and its application to conduction and excitation in nerve,W4211213555,Electric Organs
citation_paper_cites_prize_paper,Physics and Astronomy,Computer Science,Physical Sciences,Physical Sciences,Physics and Astronomy,Computer Science,12192,W2592799394,The Quantum Theory of Optical Coherence,W2051898668,Nondestructive Detection of an Optical Photon
citation_paper_cites_prize_paper,Environmental Science,Engineering,Physical Sciences,Physical Sciences,Environmental Science,Engineering,1427,W2138270253,DNA sequencing with chain-terminating inhibitors,W2088895458,The Two Major Xylanases from Trichoderma Reesei: Characterization of Both Enzymes and Genes
citation_paper_cites_prize_paper,Arts and Humanities,Chemistry,Social Sciences,Physical Sciences,Arts and Humanities,Chemistry,972,W2000547662,Synthesen in der hydroaromatischen Reihe,W2011367379,Diels–Alder Cycloaddition‐Cycloreversion: A Powerful Combo in Materials Design
citation_paper_cites_prize_paper,Medicine,Immunology and Microbiology,Health Sciences,Life Sciences,Medicine,Immunology and Microbiology,3967,W2011580247,Isolation and characterization of autophagy‐defective mutants of <i>Saccharomyces cerevisiae</i>,W2021011570,Genome-Wide Analyses of Steroid- and Radiation-Triggered Programmed Cell Death in Drosophila
citation_paper_cites_prize_paper,"Biochemistry, Genetics and Molecular Biology",Unknown Citation Field,Life Sciences,Unknown Domain,"Biochemistry, Genetics and Molecular Biology",,813,W1647075334,Potent and specific genetic interference by double-stranded RNA in Caenorhabditis elegans,W2655290038,Coronaviruses
citation_paper_cites_prize_paper,Agricultural and Biological Sciences,Unknown Citation Field,Life Sciences,Unknown Domain,Agricultural and Biological Sciences,,99,W2046171723,PLAQUE FORMATION AND ISOLATION OF PURE LINES WITH POLIOMYELITIS VIRUSES,W2655290038,Coronaviruses
citation_paper_cites_prize_paper,Neuroscience,Engineering,Life Sciences,Physical Sciences,Neuroscience,Engineering,5558,W1985940938,A quantitative description of membrane current and its application to conduction and excitation in nerve,W2067709814,"Energy-Efficient Neuron, Synapse and STDP Integrated Circuits"
citation_paper_cites_prize_paper,Chemical Engineering,Chemical Engineering,Physical Sciences,Physical Sciences,Chemical Engineering,Chemical Engineering,610,W2148849027,Coil-stretch transition of dilute flexible polymers under ultrahigh velocity gradients,W2028404626,A Microfluidic Rectifier: Anisotropic Flow Resistance at Low Reynolds Numbers
citation_paper_cites_prize_paper,Computer Science,Computer Science,Physical Sciences,Physical Sciences,Computer Science,Computer Science,2175,W2025623691,Quantum Rabi Oscillation: A Direct Test of Field Quantization in a Cavity,W2001398023,Generating and Probing a Two-Photon Fock State with a Single Atom in a Cavity
citation_paper_cites_prize_paper,Chemistry,Materials Science,Physical Sciences,Physical Sciences,Chemistry,Materials Science,13746,W1986113254,"THE ADSORPTION OF GASES ON PLANE SURFACES OF GLASS, MICA AND PLATINUM.",W2593770547,Superior Adsorption and Regenerable Dye Adsorbent Based on Flower-Like Molybdenum Disulfide Nanostructure
citation_paper_cites_prize_paper,Engineering,Materials Science,Physical Sciences,Physical Sciences,Engineering,Materials Science,2526,W2329751713,"THE ULTRA-CENTRIFUGE, A NEW INSTRUMENT FOR THE DETERMINATION OF SIZE AND DISTRIBUTION OF SIZE OF PARTICLE IN AMICROSCOPIC COLLOIDS",W2156463136,Length Fractionation of Carbon Nanotubes Using Centrifugation
citation_paper_cites_prize_paper,"Biochemistry, Genetics and Molecular Biology",Engineering,Life Sciences,Physical Sciences,"Biochemistry, Genetics and Molecular Biology",Engineering,6243,W1647075334,Potent and specific genetic interference by double-stranded RNA in Caenorhabditis elegans,W2118017650,Engineering and functionalization of biomaterials via surface modification
citation_paper_cites_prize_paper,Engineering,Medicine,Physical Sciences,Health Sciences,Engineering,Medicine,2880,W2001024934,Reconstruction of Three Dimensional Structures from Electron Micrographs,W2030543911,Three-dimensional reconstruction of the fibres of sickle cell haemoglobin
citation_paper_cites_prize_paper,Environmental Science,Environmental Science,Physical Sciences,Physical Sciences,Environmental Science,Environmental Science,7270,W2051995369,The constitution and fundamental properties of solids and liquids,W2067673221,Arsenate adsorption on three types of granular schwertmannite
citation_paper_cites_prize_paper,Materials Science,"Biochemistry, Genetics and Molecular Biology",Physical Sciences,Life Sciences,Materials Science,"Biochemistry, Genetics and Molecular Biology",3725,W2058122340,Electric Field Effect in Atomically Thin Carbon Films,W2046216572,Bottom-up fabrication of two-dimensional carbon nitride and highly sensitive electrochemical sensors for mercuric ions
citation_paper_cites_prize_paper,Physics and Astronomy,Medicine,Physical Sciences,Health Sciences,Physics and Astronomy,Medicine,4797,W2009902266,Quantum tunnelling in a dissipative system,W1576289280,Bright Side of the Coulomb Blockade
citation_paper_cites_prize_paper,Mathematics,Materials Science,Physical Sciences,Physical Sciences,Mathematics,Materials Science,188,W2248814689,Fine Structure of the Hydrogen Atom by a Microwave Method,W2033893392,On Radiative Corrections to Electron Scattering
citation_paper_cites_prize_paper,Engineering,"Biochemistry, Genetics and Molecular Biology",Physical Sciences,Life Sciences,Engineering,"Biochemistry, Genetics and Molecular Biology",6921,W2116441099,The packing of α-helices: simple coiled-coils,W2924493367,Packing of apolar side chains enables accurate design of highly stable membrane proteins
citation_paper_cites_prize_paper,Environmental Science,Immunology and Microbiology,Physical Sciences,Life Sciences,Environmental Science,Immunology and Microbiology,4075,W2138270253,DNA sequencing with chain-terminating inhibitors,W2111099916,Genetic variability between isolates of human immunodeficiency virus (HIV) type 2 is comparable to the variability among HIV type 1.
citation_paper_cites_prize_paper,"Pharmacology, Toxicology and Pharmaceutics","Biochemistry, Genetics and Molecular Biology",Life Sciences,Life Sciences,"Pharmacology, Toxicology and Pharmaceutics","Biochemistry, Genetics and Molecular Biology",2076,W1205458192,Tissue fractionation studies. 6. Intracellular distribution patterns of enzymes in rat-liver tissue,W74350690,Characteristics of hepatic alanine-glyoxylate aminotransferase in different mammalian species
citation_paper_cites_prize_paper,Agricultural and Biological Sciences,"Biochemistry, Genetics and Molecular Biology",Life Sciences,Life Sciences,Agricultural and Biological Sciences,"Biochemistry, Genetics and Molecular Biology",8011,W2026519705,The origin and behavior of mutable loci in maize,W2067095822,The American cranberry: first insights into the whole genome of a species adapted to bog habitat
citation_paper_cites_prize_paper,Chemistry,Psychology,Physical Sciences,Social Sciences,Chemistry,Psychology,192,W2322067933,THE SYNTHESIS OF AN OCTAPEPTIDE AMIDE WITH THE HORMONAL ACTIVITY OF OXYTOCIN,W2086044671,Plasma oxytocin in human pregnancy and parturition
citation_paper_cites_prize_paper,Mathematics,Physics and Astronomy,Physical Sciences,Physical Sciences,Mathematics,Physics and Astronomy,1004,W2248814689,Fine Structure of the Hydrogen Atom by a Microwave Method,W3098922973,QED tests with highly charged ions
citation_paper_cites_prize_paper,Computer Science,Physics and Astronomy,Physical Sciences,Physical Sciences,Computer Science,Physics and Astronomy,1666,W1966533239,Demonstration of a Fundamental Quantum Logic Gate,W429190274,Semiconductor quantum optics
citation_paper_cites_prize_paper,Agricultural and Biological Sciences,Environmental Science,Life Sciences,Physical Sciences,Agricultural and Biological Sciences,Environmental Science,412,W2006788765,A gene complex controlling segmentation in Drosophila,W2590522030,Clustered brachiopod Hox genes are not expressed collinearly and are associated with lophotrochozoan novelties
citation_paper_cites_prize_paper,Neuroscience,Physics and Astronomy,Life Sciences,Physical Sciences,Neuroscience,Physics and Astronomy,3025,W1985940938,A quantitative description of membrane current and its application to conduction and excitation in nerve,W2326883828,Phase synchronization of bursting neurons in clustered small-world networks
citation_paper_cites_prize_paper,Medicine,Agricultural and Biological Sciences,Health Sciences,Life Sciences,Medicine,Agricultural and Biological Sciences,5035,W2011580247,Isolation and characterization of autophagy‐defective mutants of <i>Saccharomyces cerevisiae</i>,W2153013618,Developmentally Programmed Nuclear Destruction during Yeast Gametogenesis
citation_paper_cites_prize_paper,Medicine,Earth and Planetary Sciences,Health Sciences,Physical Sciences,Medicine,Earth and Planetary Sciences,295,W190540197,"On the Antibacterial Action of Cultures of a Penicillium, with Special Reference to Their Use in the Isolation of B. influenzae",W2343785976,"Melding the Old with the New: Trends in Methods Used to Identify, Monitor, and Control Microorganisms on Cultural Heritage Materials"
citation_paper_cites_prize_paper,Medicine,Chemistry,Health Sciences,Physical Sciences,Medicine,Chemistry,3632,W2020623316,Image Formation by Induced Local Interactions: Examples Employing Nuclear Magnetic Resonance,W2125236641,Introduction to Solid-State NMR
citation_paper_cites_prize_paper,Arts and Humanities,Engineering,Social Sciences,Physical Sciences,Arts and Humanities,Engineering,374,W2005886497,Über einen die Erzeugung und Verwandlung des Lichtes betreffenden heuristischen Gesichtspunkt,W1975801873,Electron cloud in accelerators
citation_paper_cites_prize_paper,Agricultural and Biological Sciences,Medicine,Life Sciences,Health Sciences,Agricultural and Biological Sciences,Medicine,8204,W2143107875,UNIDENTIFIED CURVED BACILLI IN THE STOMACH OF PATIENTS WITH GASTRITIS AND PEPTIC ULCERATION,W2077551394,Adherence to the Sydney System guidelines increases the detection of<i>Helicobacter</i>gastritis and intestinal metaplasia in 400 738 sets of gastric biopsies
citation_paper_cites_prize_paper,Energy,"Biochemistry, Genetics and Molecular Biology",Physical Sciences,Life Sciences,Energy,"Biochemistry, Genetics and Molecular Biology",811,W2608873142,Propriétés magnétiques des ferrites ; ferrimagnétisme et antiferromagnétisme,W2598024137,Magnetizations in Rocks and Minerals
citation_paper_cites_prize_paper,Earth and Planetary Sciences,Engineering,Physical Sciences,Physical Sciences,Earth and Planetary Sciences,Engineering,642,W2058179313,Stratospheric sink for chlorofluoromethanes: chlorine atom-catalysed destruction of ozone,W4248774292,Condensation heat transfer and pressure drop characteristics of R-600a in horizontal smooth and helically dimpled tubes
citation_paper_cites_prize_paper,Materials Science,Energy,Physical Sciences,Physical Sciences,Materials Science,Energy,2151,W2058122340,Electric Field Effect in Atomically Thin Carbon Films,W2114850834,Facile electrochemical co-deposition of a graphene–cobalt nanocomposite for highly efficient water oxidation in alkaline media: direct detection of underlying electron transfer reactions under catalytic turnover conditions
citation_paper_cites_prize_paper,Medicine,Arts and Humanities,Health Sciences,Social Sciences,Medicine,Arts and Humanities,306,W2092145002,Endothelium-derived relaxing factor produced and released from artery and vein is nitric oxide.,W2981888371,The Principles of Biomedical Scientific Writing: Title
citation_paper_cites_prize_paper,Environmental Science,Psychology,Physical Sciences,Social Sciences,Environmental Science,Psychology,495,W1999595872,Der Kumpan in der Umwelt des Vogels,W321495396,Verhaltensforschung und Psychiatrie
citation_paper_cites_prize_paper,Neuroscience,Psychology,Life Sciences,Social Sciences,Neuroscience,Psychology,1419,W1594551768,RECEPTIVE FIELDS AND FUNCTIONAL ARCHITECTURE IN TWO NONSTRIATE VISUAL AREAS (18 AND 19) OF THE CAT,W172971373,Visual Discriminations in the Cat
citation_paper_cites_prize_paper,Environmental Science,Materials Science,Physical Sciences,Physical Sciences,Environmental Science,Materials Science,1525,W2051995369,The constitution and fundamental properties of solids and liquids,W2915773021,Templating Interfacial Nanoparticle Assemblies via in Situ Techniques
citation_paper_cites_prize_paper,Materials Science,Medicine,Physical Sciences,Health Sciences,Materials Science,Medicine,525,W1985854865,A Three-Dimensional Model of the Myoglobin Molecule Obtained by X-Ray Analysis,W2079187843,Applications of the second virial coefficient: protein crystallization and solubility
citation_paper_cites_prize_paper,Earth and Planetary Sciences,Physics and Astronomy,Physical Sciences,Physical Sciences,Earth and Planetary Sciences,Physics and Astronomy,2139,W1971991115,The influence of nitrogen oxides on the atmospheric ozone content,W2464735415,On the origin of pronounced O <sub>3</sub> gradients in the thunderstorm outflow region during DC3
citation_paper_cites_prize_paper,Chemistry,"Biochemistry, Genetics and Molecular Biology",Physical Sciences,Life Sciences,Chemistry,"Biochemistry, Genetics and Molecular Biology",9343,W2333363395,Spectrophotometric Study of the Reaction of Protein Sulfhydryl Groups with Organic Mercurials,W2003119884,"The oxidation of cysteine, glutathione and thioglycollate by iodate, bromate, persulphate and air"
citation_paper_cites_prize_paper,Unknown Nobel Field,Medicine,Unknown Domain,Health Sciences,,Medicine,194,W2260604921,"THE ACTION OF CERTAIN ESTERS AND ETHERS OF CHOLINE, AND THEIR RELATION TO MUSCARINE",W1514608706,The Autonomic Nervous System
citation_paper_cites_prize_paper,"Biochemistry, Genetics and Molecular Biology",Nursing,Life Sciences,Health Sciences,"Biochemistry, Genetics and Molecular Biology",Nursing,1021,W2050643839,Allosteric proteins and cellular control systems,W4214852142,Adenyl Cyclase
citation_paper_cites_prize_paper,Chemistry,Chemical Engineering,Physical Sciences,Physical Sciences,Chemistry,Chemical Engineering,1540,W2073292063,Electrospray Ionization for Mass Spectrometry of Large Biomolecules,W3089026061,ORGANOMETALLIC GAS‐PHASE ION CHEMISTRY AND CATALYSIS: INSIGHTS INTO THE USE OF METAL CATALYSTS TO PROMOTE SELECTIVITY IN THE REACTIONS OF CARBOXYLIC ACIDS AND THEIR DERIVATIVES
citation_paper_cites_prize_paper,Nursing,Medicine,Health Sciences,Health Sciences,Nursing,Medicine,452,W2414829511,The disulphide bonds of insulin,W1599139003,Introduction—a perspective
citation_paper_cites_prize_paper,Energy,Engineering,Physical Sciences,Physical Sciences,Energy,Engineering,125,W2608873142,Propriétés magnétiques des ferrites ; ferrimagnétisme et antiferromagnétisme,W3150863119,Reversible magnetism switching of iron oxide nanoparticle dispersions by controlled agglomeration
citation_paper_cites_prize_paper,Medicine,Mathematics,Health Sciences,Physical Sciences,Medicine,Mathematics,186,W2004804713,"Representation of a Function by Its Line Integrals, with Some Radiological Applications",W1557991152,1 Linear Inverse Problems
citation_paper_cites_prize_paper,Agricultural and Biological Sciences,Health Professions,Life Sciences,Health Sciences,Agricultural and Biological Sciences,Health Professions,46,W2046171723,PLAQUE FORMATION AND ISOLATION OF PURE LINES WITH POLIOMYELITIS VIRUSES,W2087148669,A clinical and radiographic evaluation of cultivated and autotransplanted human teeth
citation_paper_cites_prize_paper,Agricultural and Biological Sciences,Neuroscience,Life Sciences,Life Sciences,Agricultural and Biological Sciences,Neuroscience,976,W2004771750,DNA related to the transforming gene(s) of avian sarcoma viruses is present in normal avian DNA,W4211093740,Regulation of NMDA Receptors by Kinases and Phosphatases
citation_paper_cites_prize_paper,Medicine,Computer Science,Health Sciences,Physical Sciences,Medicine,Computer Science,512,W2004804713,"Representation of a Function by Its Line Integrals, with Some Radiological Applications",W2283443652,Development of 3D Background Oriented Schlieren with a Plenoptic Camera
citation_paper_cites_prize_paper,Chemistry,Medicine,Physical Sciences,Health Sciences,Chemistry,Medicine,4129,W2322067933,THE SYNTHESIS OF AN OCTAPEPTIDE AMIDE WITH THE HORMONAL ACTIVITY OF OXYTOCIN,W2048753924,Chimie des Hormones neurohypophysaires
citation_paper_cites_prize_paper,Chemistry,Nursing,Physical Sciences,Health Sciences,Chemistry,Nursing,239,W1987712838,PHARMACOLOGY OF A NEW ADRENERGIC BETA-RECEPTOR-BLOCKING COMPOUND (NETHALIDE),W1965050281,The correlation of inhibition of uphill ion movements and initiation of contracture in intact rat myometrium with inhibition of Mg and Na + K-activated atpase in myometrial homogenates
citation_paper_cites_prize_paper,Physics and Astronomy,Mathematics,Physical Sciences,Physical Sciences,Physics and Astronomy,Mathematics,5439,W2002116790,Reciprocal Relations in Irreversible Processes. II.,W3033558452,Supplementary Variable Method for Developing Structure-Preserving Numerical Approximations to Thermodynamically Consistent Partial Differential Equations
citation_paper_cites_prize_paper,Physics and Astronomy,Arts and Humanities,Physical Sciences,Social Sciences,Physics and Astronomy,Arts and Humanities,1743,W3082095273,Sur la theorie du mouvement brownien,W3041256721,The concept of velocity in the history of Brownian motion -- From physics to mathematics and vice versa
citation_paper_cites_prize_paper,Immunology and Microbiology,Veterinary,Life Sciences,Health Sciences,Immunology and Microbiology,Veterinary,39,W2074949244,Definition and Antagonism of Histamine H2-receptors,W1984950230,Hypotension following cimetidine administration during cardiopulmonary bypass
citation_paper_cites_prize_paper,Materials Science,Mathematics,Physical Sciences,Physical Sciences,Materials Science,Mathematics,230,W1988619801,Metallic Phase with Long-Range Orientational Order and No Translational Symmetry,W3161239138,Tempered distributions with translation bounded measure as Fourier transform and the generalized Eberlein decomposition
citation_paper_cites_prize_paper,Energy,Materials Science,Physical Sciences,Physical Sciences,Energy,Materials Science,1213,W2608873142,Propriétés magnétiques des ferrites ; ferrimagnétisme et antiferromagnétisme,W2378245169,Tunable Magnetic Properties in CuCr2−x Fe x O4 Ceramics by Doping of Fe
citation_paper_cites_prize_paper,Nursing,Chemistry,Health Sciences,Physical Sciences,Nursing,Chemistry,194,W2414829511,The disulphide bonds of insulin,W7002981,Location of disulphide bridges by diagonal paper electrophoresis. The disulphide bridges of bovine chymotrypsinogen A.
citation_paper_cites_prize_paper,"Pharmacology, Toxicology and Pharmaceutics",Medicine,Life Sciences,Health Sciences,"Pharmacology, Toxicology and Pharmaceutics",Medicine,1488,W1205458192,Tissue fractionation studies. 6. Intracellular distribution patterns of enzymes in rat-liver tissue,W1542632241,The Lipoxygenase of Reticulocytes
citation_paper_cites_prize_paper,Chemistry,Arts and Humanities,Physical Sciences,Social Sciences,Chemistry,Arts and Humanities,368,W1703910647,I. <i>On the constitution of atoms and molecules</i>,W1993961378,Conceptual Developments of 20th Century Field Theories
citation_paper_cites_prize_paper,Materials Science,Arts and Humanities,Physical Sciences,Social Sciences,Materials Science,Arts and Humanities,338,W1989868128,Quantenmechanik der Sto�vorg�nge,W1993961378,Conceptual Developments of 20th Century Field Theories
citation_paper_cites_prize_paper,Arts and Humanities,Arts and Humanities,Social Sciences,Social Sciences,Arts and Humanities,Arts and Humanities,140,W2005886497,Über einen die Erzeugung und Verwandlung des Lichtes betreffenden heuristischen Gesichtspunkt,W1993961378,Conceptual Developments of 20th Century Field Theories
citation_paper_cites_prize_paper,Mathematics,Arts and Humanities,Physical Sciences,Social Sciences,Mathematics,Arts and Humanities,15,W2248814689,Fine Structure of the Hydrogen Atom by a Microwave Method,W1993961378,Conceptual Developments of 20th Century Field Theories
citation_paper_cites_prize_paper,Chemistry,Agricultural and Biological Sciences,Physical Sciences,Life Sciences,Chemistry,Agricultural and Biological Sciences,1152,W2322067933,THE SYNTHESIS OF AN OCTAPEPTIDE AMIDE WITH THE HORMONAL ACTIVITY OF OXYTOCIN,W2089202213,Species differences in insulin
citation_paper_cites_prize_paper,Materials Science,Neuroscience,Physical Sciences,Life Sciences,Materials Science,Neuroscience,392,W2037138473,CIS-TRANS ISOMERS OF VITAMIN A AND RETINENE IN THE RHODOPSIN SYSTEM,W2164826126,THE MOLECULAR WEIGHT OF RHODOPSIN AND THE NATURE OF THE RHODOPSIN-DIGITONIN COMPLEX
citation_paper_cites_prize_paper,Environmental Science,Arts and Humanities,Physical Sciences,Social Sciences,Environmental Science,Arts and Humanities,148,W2138270253,DNA sequencing with chain-terminating inhibitors,W746966510,AMPLIFYING ANCIENT DNA
citation_paper_cites_prize_paper,"Biochemistry, Genetics and Molecular Biology",Environmental Science,Life Sciences,Physical Sciences,"Biochemistry, Genetics and Molecular Biology",Environmental Science,5662,W2032118018,Primer-Directed Enzymatic Amplification of DNA with a Thermostable DNA Polymerase,W2132463456,Global phylogeography of the leatherback turtle (<i>Dermochelys coriacea</i>)
citation_paper_cites_prize_paper,Neuroscience,Chemical Engineering,Life Sciences,Physical Sciences,Neuroscience,Chemical Engineering,212,W2117059432,An analysis of the end‐plate potential recorded with an intra‐cellular electrode,W2041659810,An analysis of the dose‐response relationship at voltage‐clamped frog neuromuscular junctions.
citation_paper_cites_prize_paper,Medicine,Engineering,Health Sciences,Physical Sciences,Medicine,Engineering,3134,W2123169298,Computerized transverse axial scanning (tomography): Part 1. Description of system,W158877773,Principles of computerized tomography.
citation_paper_cites_prize_paper,"Biochemistry, Genetics and Molecular Biology","Pharmacology, Toxicology and Pharmaceutics",Life Sciences,Life Sciences,"Biochemistry, Genetics and Molecular Biology","Pharmacology, Toxicology and Pharmaceutics",769,W1992595091,A new method for sequencing DNA.,W2044239458,Nucleotide sequence of a full-length cDNA coding for 3-methylcholanthrene-induced rat liver cytochrome P-450MC
citation_paper_cites_prize_paper,Environmental Science,Agricultural and Biological Sciences,Physical Sciences,Life Sciences,Environmental Science,Agricultural and Biological Sciences,7786,W2138270253,DNA sequencing with chain-terminating inhibitors,W2168194237,Jasmonate methyl ester induces the synthesis of a cytoplasmic/nuclear chitooligosaccharide‐binding lectin in tobacco leaves
citation_paper_cites_prize_paper,Medicine,Materials Science,Health Sciences,Physical Sciences,Medicine,Materials Science,1594,W190540197,"On the Antibacterial Action of Cultures of a Penicillium, with Special Reference to Their Use in the Isolation of B. influenzae",W2923626982,&lt;p&gt;Starch-mediated synthesis of mono- and bimetallic silver/gold nanoparticles as antimicrobial and anticancer agents&lt;/p&gt;
citation_paper_cites_prize_paper,Earth and Planetary Sciences,Arts and Humanities,Physical Sciences,Social Sciences,Earth and Planetary Sciences,Arts and Humanities,96,W2085155384,On the relative motion of the Earth and the luminiferous ether,W1487072876,Falsifikation und die Methodologie wissenschaftlicher Forschungsprogramme
citation_paper_cites_prize_paper,Neuroscience,Materials Science,Life Sciences,Physical Sciences,Neuroscience,Materials Science,683,W1559264985,Light-driven monodirectional molecular rotor,W1985885692,"Widely Tunable, Photoinvertible Cholesteric Liquid Crystals"
citation_paper_cites_prize_paper,Environmental Science,"Pharmacology, Toxicology and Pharmaceutics",Physical Sciences,Life Sciences,Environmental Science,"Pharmacology, Toxicology and Pharmaceutics",288,W2138270253,DNA sequencing with chain-terminating inhibitors,W1979719585,The CYP2D gene subfamily: analysis of the molecular basis of the debrisoquine 4-hydroxylase deficiency in DA rats
citation_paper_cites_prize_paper,Physics and Astronomy,Environmental Science,Physical Sciences,Physical Sciences,Physics and Astronomy,Environmental Science,1514,W2094642658,The influence of polarization functions on molecular orbital hydrogenation energies,W2066922036,Theoretical studies on the pKa values of perfluoroalkyl carboxylic acids
citation_paper_cites_prize_paper,Medicine,Nursing,Health Sciences,Health Sciences,Medicine,Nursing,1267,W1918431092,The free amino groups of insulin,W2155292950,Fish products as protein supplements to cereals
citation_paper_cites_prize_paper,Mathematics,Earth and Planetary Sciences,Physical Sciences,Physical Sciences,Mathematics,Earth and Planetary Sciences,6,W1996895697,Theory of the Variations in Paramagnetic Anisotropy Among Different Salts of the Iron Group,W2107476980,Iron speciation and mixing in single aerosol particles from the Asian continental outflow
citation_paper_cites_prize_paper,Agricultural and Biological Sciences,Immunology and Microbiology,Life Sciences,Life Sciences,Agricultural and Biological Sciences,Immunology and Microbiology,1266,W2046171723,PLAQUE FORMATION AND ISOLATION OF PURE LINES WITH POLIOMYELITIS VIRUSES,W2146109293,MACROPHAGE-MELANOCYTE HETEROKARYONS
citation_paper_cites_prize_paper,Unknown Nobel Field,Physics and Astronomy,Unknown Domain,Physical Sciences,,Physics and Astronomy,254,W2263240235,WEAK AND ELECTROMAGNETIC INTERACTIONS.,W2523297111,Invitation to Random Tensors
citation_paper_cites_prize_paper,Environmental Science,Chemistry,Physical Sciences,Physical Sciences,Environmental Science,Chemistry,1466,W2051995369,The constitution and fundamental properties of solids and liquids,W2171302090,Effect of Salinity on the Interfacial Tension of Model and Crude Oil Systems
citation_paper_cites_prize_paper,Earth and Planetary Sciences,Environmental Science,Physical Sciences,Physical Sciences,Earth and Planetary Sciences,Environmental Science,763,W2058179313,Stratospheric sink for chlorofluoromethanes: chlorine atom-catalysed destruction of ozone,W2894871349,Atmospheric monitoring and inverse modelling for verification of greenhouse gas inventories
citation_paper_cites_prize_paper,Medicine,Dentistry,Health Sciences,Health Sciences,Medicine,Dentistry,349,W2030087792,Thromboxanes: a new group of biologically active compounds derived from prostaglandin endoperoxides.,W1668441101,Evaluation of Cold Plasma Treatment and Safety in Disinfecting 3-week Root Canal Enterococcus faecalis Biofilm In Vitro
citation_paper_cites_prize_paper,Immunology and Microbiology,Medicine,Life Sciences,Health Sciences,Immunology and Microbiology,Medicine,5410,W2074949244,Definition and Antagonism of Histamine H2-receptors,W2125040075,"Gastric H,K-ATPASE as Therapeutic Target"
citation_paper_cites_prize_paper,Engineering,Agricultural and Biological Sciences,Physical Sciences,Life Sciences,Engineering,Agricultural and Biological Sciences,203,W1983718136,Resonance Absorption by Nuclear Magnetic Moments in a Solid,W2015323335,Using high-performance quantitative NMR (HP-qNMR®) for certifying traceable and highly accurate purity values of organic reference materials with uncertainties &lt;0.1 %
citation_paper_cites_prize_paper,Neuroscience,Nursing,Life Sciences,Health Sciences,Neuroscience,Nursing,395,W4250830606,Neuronal Correlates of Habituation and Dishabituation of the Gill-Withdrawal Reflex in <i>Aplysia</i>,W2499381404,NEURAL AND MOLECULAR MECHANISMS OF FOOD-INDUCED AROUSAL IN APLYSIA CALIFORNIA
citation_paper_cites_prize_paper,Computer Science,Psychology,Physical Sciences,Social Sciences,Computer Science,Psychology,47,W2059693774,A New Audiometer,W2021373997,Fractional Escape and Avoidance on a Titration Schedule
citation_paper_cites_prize_paper,Materials Science,Environmental Science,Physical Sciences,Physical Sciences,Materials Science,Environmental Science,583,W2058122340,Electric Field Effect in Atomically Thin Carbon Films,W2161403111,Fabrication of Co3O4/graphene oxide composites using supercritical fluid and their catalytic application for the decomposition of ammonium perchlorate
citation_paper_cites_prize_paper,Neuroscience,Immunology and Microbiology,Life Sciences,Life Sciences,Neuroscience,Immunology and Microbiology,421,W2064008537,THE NATURAL-SELECTION THEORY OF ANTIBODY FORMATION,W2020538613,Attempts to determine the formation and character of γ-globulin and of natural and immune antibodies in young pigs reared without colostrum
citation_paper_cites_prize_paper,Engineering,Neuroscience,Physical Sciences,Life Sciences,Engineering,Neuroscience,551,W2021432299,A Fluorimetric Method for the Determination of Dopamine (3‐Hydroxytyramine.),W1969039667,Alterations in the Pattern of Amine Excretion in Man Produced by a Monoamine Oxidase Inhibitor
citation_paper_cites_prize_paper,"Biochemistry, Genetics and Molecular Biology",Psychology,Life Sciences,Social Sciences,"Biochemistry, Genetics and Molecular Biology",Psychology,714,W2126466006,Molecular Structure of Nucleic Acids: A Structure for Deoxyribose Nucleic Acid,W2161232646,The role of chunk tightness and chunk familiarity in problem solving: Evidence from ERPs and fMRI
citation_paper_cites_prize_paper,"Pharmacology, Toxicology and Pharmaceutics",Immunology and Microbiology,Life Sciences,Life Sciences,"Pharmacology, Toxicology and Pharmaceutics",Immunology and Microbiology,91,W1205458192,Tissue fractionation studies. 6. Intracellular distribution patterns of enzymes in rat-liver tissue,W42528668,Studies on the heparin sulphamidase activity from rat spleen. Intracellular distribution and characterization of the enzyme
citation_paper_cites_prize_paper,Agricultural and Biological Sciences,Psychology,Life Sciences,Social Sciences,Agricultural and Biological Sciences,Psychology,123,W2055404553,A Method for the Fluorimetric Determination of Adrenaline and Noradrenaline in Tissues.<sup>1</sup>,W1986625864,Die Konzentration von Noradrenalin und Adrenalin in den einzelnen Abschnitten des Herzens
citation_paper_cites_prize_paper,"Pharmacology, Toxicology and Pharmaceutics",Physics and Astronomy,Life Sciences,Physical Sciences,"Pharmacology, Toxicology and Pharmaceutics",Physics and Astronomy,11,W1205458192,Tissue fractionation studies. 6. Intracellular distribution patterns of enzymes in rat-liver tissue,W1987272121,Concentration of 17 elements in subcellular fractions of beef heart tissue determined by neutron activation analysis
citation_paper_cites_prize_paper,Computer Science,Engineering,Physical Sciences,Physical Sciences,Computer Science,Engineering,404,W2015233893,Invention of the integrated circuit,W2617131022,Modeling of defect generation during plasma etching and its impact on electronic device performance—plasma-induced damage
citation_paper_cites_prize_paper,Neuroscience,Agricultural and Biological Sciences,Life Sciences,Life Sciences,Neuroscience,Agricultural and Biological Sciences,1565,W2116360511,"Receptive fields, binocular interaction and functional architecture in the cat's visual cortex",W4211026339,The Cephalopods
citation_paper_cites_prize_paper,Nursing,Nursing,Health Sciences,Health Sciences,Nursing,Nursing,285,W2000315362,Eine ergiebige Synthese der l‐Ascorbinsäure (C‐Vitamin),W2092737642,Rate of Anaerobic Degradation of Ascorbic Acid in Aqueous Solution
citation_paper_cites_prize_paper,Medicine,Environmental Science,Health Sciences,Physical Sciences,Medicine,Environmental Science,1473,W1918431092,The free amino groups of insulin,W2031286382,Studies on soil humic acids II: Observations on the estimation of free amino groups. Reactions of humic acid and lignin preparations with nitrous acid
citation_paper_cites_prize_paper,Earth and Planetary Sciences,Agricultural and Biological Sciences,Physical Sciences,Life Sciences,Earth and Planetary Sciences,Agricultural and Biological Sciences,295,W1971991115,The influence of nitrogen oxides on the atmospheric ozone content,W1498107262,The maintenance of soil fertility in Amazonian managed systems
citation_paper_cites_prize_paper,Earth and Planetary Sciences,Medicine,Physical Sciences,Health Sciences,Earth and Planetary Sciences,Medicine,312,W2058179313,Stratospheric sink for chlorofluoromethanes: chlorine atom-catalysed destruction of ozone,W2472247662,Summary of Common Approaches to Pharmaceutical Aerosol Administration
citation_paper_cites_prize_paper,Physics and Astronomy,Nursing,Physical Sciences,Health Sciences,Physics and Astronomy,Nursing,140,W2010528272,Two-dimensional spectroscopy. Application to nuclear magnetic resonance,W2068333837,NMR analysis of the structure and metal sequestering properties of metallothioneins.
citation_paper_cites_prize_paper,Environmental Science,Decision Sciences,Physical Sciences,Social Sciences,Environmental Science,Decision Sciences,32,W2138270253,DNA sequencing with chain-terminating inhibitors,W2391204536,The information science of microbial ecology
citation_paper_cites_prize_paper,Physics and Astronomy,Chemical Engineering,Physical Sciences,Physical Sciences,Physics and Astronomy,Chemical Engineering,2132,W2113372755,Observation of a single-beam gradient force optical trap for dielectric particles,W2766951581,Rheological Study of Soft Matters: A Review of Microrheology and Microrheometers
citation_paper_cites_prize_paper,Neuroscience,Social Sciences,Life Sciences,Social Sciences,Neuroscience,Social Sciences,284,W1987303129,The Variation of Phase Along the Basilar Membrane with Sinusoidal Vibrations,W2327385829,Labyrinthliquor
citation_paper_cites_prize_paper,Computer Science,Medicine,Physical Sciences,Health Sciences,Computer Science,Medicine,56,W2059693774,A New Audiometer,W2030737258,Eine Verbesserte Vertäubungsmethode Für Die Audiometrie
citation_paper_cites_prize_paper,"Biochemistry, Genetics and Molecular Biology",Social Sciences,Life Sciences,Social Sciences,"Biochemistry, Genetics and Molecular Biology",Social Sciences,795,W2242726375,The Combinations of Haemoglobin with Oxygen and with Carbon Monoxide. I,W2092309647,"Joseph Barcroft, 1872-1947"
citation_paper_cites_prize_paper,Materials Science,Computer Science,Physical Sciences,Physical Sciences,Materials Science,Computer Science,541,W2140992384,The structure of proteins: Two hydrogen-bonded helical configurations of the polypeptide chain,W3134320828,Quantum Speedup for Protein Structure Prediction
citation_paper_cites_prize_paper,Medicine,Psychology,Health Sciences,Social Sciences,Medicine,Psychology,398,W2017470279,Automatic Recording Apparatus for Use in Chromatography of Amino Acids,W1932887617,"SYNTHESIS, PHARMACOLOGICAL, CONFORMATIONAL, AND DYNAMIC STUDIES OF THE POTENT HORMONE ANTAGONISTS [1‐PENICILLAMINE, 4‐THREONINE]‐OXYTOCIN AND [1‐PENICILLAMINE, 2‐PHENYLALANINE, 4‐THREONINE] ‐OXYTOCIN"
citation_paper_cites_prize_paper,Medicine,Social Sciences,Health Sciences,Social Sciences,Medicine,Social Sciences,235,W1722478811,"A new type of papillomavirus DNA, its presence in genital cancer biopsies and in cell lines derived from cervical cancer.",W125540539,Carcinogenesis in the Uterine Cervix and Human Papillomavirus Infection
citation_paper_cites_prize_paper,Engineering,"Pharmacology, Toxicology and Pharmaceutics",Physical Sciences,Life Sciences,Engineering,"Pharmacology, Toxicology and Pharmaceutics",45,W2013282061,A METHOD FOR THE DETERMINATION OF DIFFUSION CONSTANTS AND THE CALCULATION OF THE RADIUS AND WEIGHT OF THE HEMOGLOBIN MOLECULE,W161258902,ACTIVITY OF TYPE A BOTULINAL TOXIN AND HEMAGGLUTININ EXPOSED TO PROTEOLYTIC ENZYME
citation_paper_cites_prize_paper,Environmental Science,Nursing,Physical Sciences,Health Sciences,Environmental Science,Nursing,461,W2138270253,DNA sequencing with chain-terminating inhibitors,W2032337490,Synthesis and glycosylation of the common alpha subunit of human glycoprotein hormones in mouse cells.
citation_paper_cites_prize_paper,Environmental Science,Chemical Engineering,Physical Sciences,Physical Sciences,Environmental Science,Chemical Engineering,45,W1969094530,The nucleotide sequence of bacteriophage φX174,W2094772935,Linear dichroism characteristics of ethidium–and proflavine–supercoiled DNA complexes
citation_paper_cites_prize_paper,"Pharmacology, Toxicology and Pharmaceutics",Agricultural and Biological Sciences,Life Sciences,Life Sciences,"Pharmacology, Toxicology and Pharmaceutics",Agricultural and Biological Sciences,190,W2090488193,FRACTIONATION OF MAMMALIAN LIVER CELLS BY DIFFERENTIAL CENTRIFUGATION,W1496646152,Mouse liver nucleic acids
citation_paper_cites_prize_paper,Medicine,Veterinary,Health Sciences,Health Sciences,Medicine,Veterinary,407,W2082909688,"Avermectins, New Family of Potent Anthelmintic Agents: Producing Organism and Fermentation",W2047439316,Isoenzyme analysis of Haemonchus contortus resistant or susceptible to ivermectin
citation_paper_cites_prize_paper,Immunology and Microbiology,Psychology,Life Sciences,Social Sciences,Immunology and Microbiology,Psychology,68,W2043400793,Experimental Transmission of a Kuru-like Syndrome to Chimpanzees,W2090691967,Scrapie--a personal view
citation_paper_cites_prize_paper,Environmental Science,Veterinary,Physical Sciences,Health Sciences,Environmental Science,Veterinary,161,W2138270253,DNA sequencing with chain-terminating inhibitors,W2050016718,Cloning and nucleotide sequence analysis of aBrucella abortusgene encoding an 18 kDa immunoreactive protein
citation_paper_cites_prize_paper,Veterinary,Veterinary,Health Sciences,Health Sciences,Veterinary,Veterinary,86,W2112130390,"Avermectins, New Family of Potent Anthelmintic Agents: Efficacy of the B <sub>1a</sub> Component",W2109107556,Safety and therapeutic activity of ivermectin as an equine anthelmintic
citation_paper_cites_prize_paper,Neuroscience,"Pharmacology, Toxicology and Pharmaceutics",Life Sciences,Life Sciences,Neuroscience,"Pharmacology, Toxicology and Pharmaceutics",106,W2097400197,The effect of sodium ions on the electrical activity of the giant axon of the squid,W2125107279,Comparison of Depolarizing and Direct Current Systems on Iontophoretic Enhancement of Transport of Sodium Benzoate Through Human and Hairless Rat Skin
citation_paper_cites_prize_paper,Engineering,Arts and Humanities,Physical Sciences,Social Sciences,Engineering,Arts and Humanities,372,W1973083520,Artificial Production of a New Kind of Radio-Element,W1627294127,Die Geschichte der Entdeckung k�nstlicher Elemente
citation_paper_cites_prize_paper,Medicine,"Pharmacology, Toxicology and Pharmaceutics",Health Sciences,Life Sciences,Medicine,"Pharmacology, Toxicology and Pharmaceutics",870,W2035178202,Chromatography of Amino Acids on Sulfonated Polystyrene Resins. An Improved System,W1989199331,Evaluation and utilization of guava seed meal (<i>Psidium guajava L.</i>) in cookies preparation as wheat flour substitute
citation_paper_cites_prize_paper,"Pharmacology, Toxicology and Pharmaceutics","Pharmacology, Toxicology and Pharmaceutics",Life Sciences,Life Sciences,"Pharmacology, Toxicology and Pharmaceutics","Pharmacology, Toxicology and Pharmaceutics",131,W2090488193,FRACTIONATION OF MAMMALIAN LIVER CELLS BY DIFFERENTIAL CENTRIFUGATION,W308135992,Atypical distribution of several enzymes in the fractions of Ehrlich ascites and liver cells prepared from glycerol homogenates.
citation_paper_cites_prize_paper,Neuroscience,Chemistry,Life Sciences,Physical Sciences,Neuroscience,Chemistry,1432,W2073929966,Cholinergic and inhibitory synapses in a pathway from motor‐axon collaterals to motoneurones,W4255462505,ACETYLCHOLINE AS A CENTRAL TRANSMITTER
citation_paper_cites_prize_paper,Energy,Physics and Astronomy,Physical Sciences,Physical Sciences,Energy,Physics and Astronomy,565,W2608873142,Propriétés magnétiques des ferrites ; ferrimagnétisme et antiferromagnétisme,W2182255358,Surface-Driven Effects on the Magnetic Behavior of Oxide Nanoparticles
citation_paper_cites_prize_paper,Engineering,Immunology and Microbiology,Physical Sciences,Life Sciences,Engineering,Immunology and Microbiology,756,W1566766802,Towards a network theory of the immune system.,W1502102164,Clonal dominance and the preservation of clonal memory cells mediated by antigen-antibody.
citation_paper_cites_prize_paper,Arts and Humanities,"Biochemistry, Genetics and Molecular Biology",Social Sciences,Life Sciences,Arts and Humanities,"Biochemistry, Genetics and Molecular Biology",214,W2073406286,Über die Atmung der Froschmuskulatur,W4232005973,Über den Mechanismus der Oxydationsvorgänge
citation_paper_cites_prize_paper,Immunology and Microbiology,Agricultural and Biological Sciences,Life Sciences,Life Sciences,Immunology and Microbiology,Agricultural and Biological Sciences,733,W1998240361,Immunological surveillance against altered self components by sensitised T lymphocytes in lymphocytes choriomeningitis,W1512074129,Cell-mediated immunity in lumphocytic choriomeningitis. I. The specificity of the cytotoxic T lymphocytes.
citation_paper_cites_prize_paper,Arts and Humanities,Physics and Astronomy,Social Sciences,Physical Sciences,Arts and Humanities,Physics and Astronomy,1749,W2005886497,Über einen die Erzeugung und Verwandlung des Lichtes betreffenden heuristischen Gesichtspunkt,W52140006,The Optogalvanic Effect
citation_paper_cites_prize_paper,Chemistry,Mathematics,Physical Sciences,Physical Sciences,Chemistry,Mathematics,487,W1992787746,Einfluss der Configuration auf die Wirkung der Enzyme,W114950587,On Characterization of 3D Molecular Structure
citation_paper_cites_prize_paper,Physics and Astronomy,Unknown Citation Field,Physical Sciences,Unknown Domain,Physics and Astronomy,,1885,W2048251016,Zur Elektrodynamik bewegter Körper,W2081607198,A Look Back at Hermann Minkowski’s Cologne Lecture “Raum und Zeit”
citation_paper_cites_prize_paper,Physics and Astronomy,"Economics, Econometrics and Finance",Physical Sciences,Social Sciences,Physics and Astronomy,"Economics, Econometrics and Finance",352,W2264002775,Absence of Diffusion in Certain Random Lattices,W3165777969,Econophysics of cryptocurrency crashes: an overview
citation_paper_cites_prize_paper,Immunology and Microbiology,Nursing,Life Sciences,Health Sciences,Immunology and Microbiology,Nursing,132,W2074949244,Definition and Antagonism of Histamine H2-receptors,W2154851176,Effect of histamine receptor antagonists on bile damage to the gastric mucosa of canine Heidenhain pouches.
citation_paper_cites_prize_paper,Chemistry,Immunology and Microbiology,Physical Sciences,Life Sciences,Chemistry,Immunology and Microbiology,169,W2094419713,A new apparatus for electrophoretic analysis of colloidal mixtures,W3020925614,Isotype Determination of Antibodies
citation_paper_cites_prize_paper,Unknown Nobel Field,"Biochemistry, Genetics and Molecular Biology",Unknown Domain,Life Sciences,,"Biochemistry, Genetics and Molecular Biology",456,W1606860533,THE COAGULATION OF ALBUMEN BY PRESSURE,W2183976982,"Effect of high pressure - low temperature phase transitions on model systems, foods and microorganisms"
citation_paper_cites_prize_paper,Neuroscience,Unknown Citation Field,Life Sciences,Unknown Domain,Neuroscience,,376,W2073929966,Cholinergic and inhibitory synapses in a pathway from motor‐axon collaterals to motoneurones,W72499975,The Story of the Renshaw Cell
prize_paper_references_citation_paper,Physics and Astronomy,Mathematics,Physical Sciences,Physical Sciences,Physics and Astronomy,Mathematics,36,W1508439018,Theory of the Fermi Interaction,W3372358,"The Lifetime of the<mml:math xmlns:mml=""http://www.w3.org/1998/Math/MathML"" display=""inline""><mml:mrow><mml:msup><mml:mrow><mml:mi>μ</mml:mi></mml:mrow><mml:mrow><mml:mo>+</mml:mo></mml:mrow></mml:msup></mml:mrow></mml:math>-Meson"
prize_paper_references_citation_paper,Environmental Science,Arts and Humanities,Physical Sciences,Social Sciences,Environmental Science,Arts and Humanities,3,W1999595872,Der Kumpan in der Umwelt des Vogels,W1495605644,Zur Naturgeschichte des Singammers
prize_paper_references_citation_paper,Environmental Science,Unknown Citation Field,Physical Sciences,Unknown Domain,Environmental Science,,2,W1999595872,Der Kumpan in der Umwelt des Vogels,W1621801394,Instinkt und Erfahrung
prize_paper_references_citation_paper,Environmental Science,Psychology,Physical Sciences,Social Sciences,Environmental Science,Psychology,3,W1999595872,Der Kumpan in der Umwelt des Vogels,W1969267343,An Introduction to Social Psychology
prize_paper_references_citation_paper,Environmental Science,Agricultural and Biological Sciences,Physical Sciences,Life Sciences,Environmental Science,Agricultural and Biological Sciences,9,W1999595872,Der Kumpan in der Umwelt des Vogels,W1976928410,Betrachtungen über das Erkennen der arteigenen Triebhandlungen der Vögel
prize_paper_references_citation_paper,Environmental Science,"Biochemistry, Genetics and Molecular Biology",Physical Sciences,Life Sciences,Environmental Science,"Biochemistry, Genetics and Molecular Biology",49,W1999595872,Der Kumpan in der Umwelt des Vogels,W2003436515,The Voices of Pigeons Regarded as a Means of Social Control
prize_paper_references_citation_paper,Environmental Science,Environmental Science,Physical Sciences,Physical Sciences,Environmental Science,Environmental Science,57,W1999595872,Der Kumpan in der Umwelt des Vogels,W2020159813,Bewegungsstudien an Vögeln des Berliner Zoologischen Gartens
citation_paper_cites_prize_paper,Engineering,Computer Science,Physical Sciences,Physical Sciences,Engineering,Computer Science,878,W1983718136,Resonance Absorption by Nuclear Magnetic Moments in a Solid,W2131308955,Quantum Information Processing in Multi-Spin Systems
citation_paper_cites_prize_paper,Chemical Engineering,Physics and Astronomy,Physical Sciences,Physical Sciences,Chemical Engineering,Physics and Astronomy,884,W1884836326,Der stetige �bergang von der Mikro- zur Makromechanik,W3104633376,Density matrix form of Gross-Pitaevskii equation
citation_paper_cites_prize_paper,"Biochemistry, Genetics and Molecular Biology",Health Professions,Life Sciences,Health Sciences,"Biochemistry, Genetics and Molecular Biology",Health Professions,177,W2035879817,Prostaglandin endoperoxides VII. Novel transformations of arachidonic acid in guinea pig lung,W1474484224,The biological significance of prostaglandin-like substances released from immunologically challenged guinea-pig lungs [proceedings].
citation_paper_cites_prize_paper,"Biochemistry, Genetics and Molecular Biology",Earth and Planetary Sciences,Life Sciences,Physical Sciences,"Biochemistry, Genetics and Molecular Biology",Earth and Planetary Sciences,514,W2014815386,The principles of conformational analysis,W1994804110,The structure of morpholine molecules in vapor
citation_paper_cites_prize_paper,"Pharmacology, Toxicology and Pharmaceutics",Chemistry,Life Sciences,Physical Sciences,"Pharmacology, Toxicology and Pharmaceutics",Chemistry,214,W2328964470,"<b>Stable Carbonium Ions. II.</b><sup>1a</sup> <b>Oxocarbonium</b><sup>1b</sup> <b>(Acylium) Tetrafluoroborates, Hexafluorophosphates, Hexafluoroantimonates and Hexafluoroarsenates. Structure and Chemical Reactivity of Acyl Fluoride: Lewis Acid Fluoride Complexes</b><sup>1c</sup>",W2059720485,Formation of pyrylium salts in the acylation of sterically hindered quinones
citation_paper_cites_prize_paper,Chemistry,Computer Science,Physical Sciences,Physical Sciences,Chemistry,Computer Science,833,W1981458170,An Extended Hückel Theory. I. Hydrocarbons,W2473526058,Molecular Orbital Theory and Pharmacologic Receptor Theory as Integrated Experimental Tools
citation_paper_cites_prize_paper,Environmental Science,Computer Science,Physical Sciences,Physical Sciences,Environmental Science,Computer Science,254,W2320823423,Selection Rules for Concerted Cycloaddition Reactions,W2473526058,Molecular Orbital Theory and Pharmacologic Receptor Theory as Integrated Experimental Tools
citation_paper_cites_prize_paper,Psychology,Neuroscience,Social Sciences,Life Sciences,Psychology,Neuroscience,55,W2068610106,PREFRONTAL LEUCOTOMY IN THE TREATMENT OF MENTAL DISORDERS,W2489524443,White Matter Pathways in Early Neuroscience
citation_paper_cites_prize_paper,Environmental Science,Health Professions,Physical Sciences,Health Sciences,Environmental Science,Health Professions,49,W2331925520,The Companion in the Bird's World,W2584454435,How We Hear and Experience Music
citation_paper_cites_prize_paper,Medicine,Unknown Citation Field,Health Sciences,Unknown Domain,Medicine,,505,W2035178202,Chromatography of Amino Acids on Sulfonated Polystyrene Resins. An Improved System,W4243067229,Abstracts of Communications
citation_paper_cites_prize_paper,Chemical Engineering,Environmental Science,Physical Sciences,Physical Sciences,Chemical Engineering,Environmental Science,5,W2148849027,Coil-stretch transition of dilute flexible polymers under ultrahigh velocity gradients,W136261881,Fundamental studies of the sterile filtration of large plasmid DNA
citation_paper_cites_prize_paper,Engineering,Mathematics,Physical Sciences,Physical Sciences,Engineering,Mathematics,158,W1996620877,Mathematical Formulation of the Quantum Theory of Electromagnetic Interaction,W1666681759,"Local Functions : Algebras, Ideals, and Reduced Power Algebras"
citation_paper_cites_prize_paper,Mathematics,"Biochemistry, Genetics and Molecular Biology",Physical Sciences,Life Sciences,Mathematics,"Biochemistry, Genetics and Molecular Biology",22,W1996895697,Theory of the Variations in Paramagnetic Anisotropy Among Different Salts of the Iron Group,W2142635570,A New Aspect of Jahn‐Teller Effect in the Low‐Spin Ferrihaemoglobin Azide
citation_paper_cites_prize_paper,Agricultural and Biological Sciences,"Pharmacology, Toxicology and Pharmaceutics",Life Sciences,Life Sciences,Agricultural and Biological Sciences,"Pharmacology, Toxicology and Pharmaceutics",103,W2055404553,A Method for the Fluorimetric Determination of Adrenaline and Noradrenaline in Tissues.<sup>1</sup>,W2263531247,[On the problem of the effects on the central nervous system of toxic doses of atropine].
citation_paper_cites_prize_paper,"Biochemistry, Genetics and Molecular Biology",Decision Sciences,Life Sciences,Social Sciences,"Biochemistry, Genetics and Molecular Biology",Decision Sciences,217,W2032619610,Genetic regulatory mechanisms in the synthesis of proteins,W2282537060,Dna binding economies
citation_paper_cites_prize_paper,"Biochemistry, Genetics and Molecular Biology","Economics, Econometrics and Finance",Life Sciences,Social Sciences,"Biochemistry, Genetics and Molecular Biology","Economics, Econometrics and Finance",110,W1647075334,Potent and specific genetic interference by double-stranded RNA in Caenorhabditis elegans,W2464150029,"Basic research, innovation and economic growth"
citation_paper_cites_prize_paper,Medicine,"Economics, Econometrics and Finance",Health Sciences,Social Sciences,Medicine,"Economics, Econometrics and Finance",48,W2020623316,Image Formation by Induced Local Interactions: Examples Employing Nuclear Magnetic Resonance,W2464150029,"Basic research, innovation and economic growth"
citation_paper_cites_prize_paper,Environmental Science,"Economics, Econometrics and Finance",Physical Sciences,Social Sciences,Environmental Science,"Economics, Econometrics and Finance",19,W2138270253,DNA sequencing with chain-terminating inhibitors,W2464150029,"Basic research, innovation and economic growth"
citation_paper_cites_prize_paper,Arts and Humanities,Materials Science,Social Sciences,Physical Sciences,Arts and Humanities,Materials Science,409,W2005886497,Über einen die Erzeugung und Verwandlung des Lichtes betreffenden heuristischen Gesichtspunkt,W2548923121,Electronic structure and magnetism of selected materials
citation_paper_cites_prize_paper,Chemistry,Neuroscience,Physical Sciences,Life Sciences,Chemistry,Neuroscience,386,W1992787746,Einfluss der Configuration auf die Wirkung der Enzyme,W2890766678,Support Vector Regression for Predicting Binding Affinity in Spinocerebellar Ataxia
citation_paper_cites_prize_paper,Immunology and Microbiology,Health Professions,Life Sciences,Health Sciences,Immunology and Microbiology,Health Professions,119,W1977282539,Isolation of a T-Lymphotropic Retrovirus from a Patient at Risk for Acquired Immune Deficiency Syndrome (AIDS),W4211099376,How to Have Theory in an Epidemic
citation_paper_cites_prize_paper,Engineering,Chemical Engineering,Physical Sciences,Physical Sciences,Engineering,Chemical Engineering,101,W2020687655,Interactions between Light Waves in a Nonlinear Dielectric,W818963710,Development and evaluation of a Laser-Induced Fluorescence Experiment for the Detection of Trace Compounds in Water Using a Tuneable UV-OPO System.
citation_paper_cites_prize_paper,"Biochemistry, Genetics and Molecular Biology",Computer Science,Life Sciences,Physical Sciences,"Biochemistry, Genetics and Molecular Biology",Computer Science,1276,W2126466006,Molecular Structure of Nucleic Acids: A Structure for Deoxyribose Nucleic Acid,W847650810,Analysis and correction of short read data
citation_paper_cites_prize_paper,Physics and Astronomy,Decision Sciences,Physical Sciences,Social Sciences,Physics and Astronomy,Decision Sciences,602,W2019709661,Discovery of a pulsar in a binary system,W94064129,Nonparametric Detection and Estimation of Highly Oscillatory Signals
citation_paper_cites_prize_paper,Chemical Engineering,Mathematics,Physical Sciences,Physical Sciences,Chemical Engineering,Mathematics,76,W1884836326,Der stetige �bergang von der Mikro- zur Makromechanik,W4283757258,Coadjoint orbits and Kähler Structure: Examples from Coherent States
citation_paper_cites_prize_paper,Veterinary,Medicine,Health Sciences,Health Sciences,Veterinary,Medicine,81,W2112130390,"Avermectins, New Family of Potent Anthelmintic Agents: Efficacy of the B <sub>1a</sub> Component",W2113664602,"Avermectins, New Family of Potent Anthelmintic Agents: Isolation and Chromatographic Properties"
citation_paper_cites_prize_paper,Medicine,Chemical Engineering,Health Sciences,Physical Sciences,Medicine,Chemical Engineering,180,W2092145002,Endothelium-derived relaxing factor produced and released from artery and vein is nitric oxide.,W2975272751,Electrochemical Nitric Oxide Sensors: Principles of Design and Characterization
citation_paper_cites_prize_paper,Neuroscience,Arts and Humanities,Life Sciences,Social Sciences,Neuroscience,Arts and Humanities,377,W2116360511,"Receptive fields, binocular interaction and functional architecture in the cat's visual cortex",W2478223057,Measuring the Intentional World
citation_paper_cites_prize_paper,Engineering,Earth and Planetary Sciences,Physical Sciences,Physical Sciences,Engineering,Earth and Planetary Sciences,190,W2113742150,Charge Coupled Semiconductor Devices,W2247206100,An investigation into the characteristics and sources of light emission at deep-sea hydrothermal vents
citation_paper_cites_prize_paper,Earth and Planetary Sciences,Chemistry,Physical Sciences,Physical Sciences,Earth and Planetary Sciences,Chemistry,710,W2037363234,A New Method of Measuring Nuclear Magnetic Moment,W2900795282,A Historical Review of U.S. Contributions to the Atomic Redefinition of the SI Second in 1967
citation_paper_cites_prize_paper,"Biochemistry, Genetics and Molecular Biology","Business, Management and Accounting",Life Sciences,Social Sciences,"Biochemistry, Genetics and Molecular Biology","Business, Management and Accounting",140,W2032619610,Genetic regulatory mechanisms in the synthesis of proteins,W2733821375,Finding optimized configurations for variability-intensive systems without constraint violations using a Regulatory Algorithm (RGA)
citation_paper_cites_prize_paper,Neuroscience,Mathematics,Life Sciences,Physical Sciences,Neuroscience,Mathematics,369,W1985940938,A quantitative description of membrane current and its application to conduction and excitation in nerve,W2738971580,Approximations of the Homoclinic Orbits Near a Double-Zero Bifurcation with Symmetry of Order Two
citation_paper_cites_prize_paper,Chemical Engineering,Chemistry,Physical Sciences,Physical Sciences,Chemical Engineering,Chemistry,65,W1884836326,Der stetige �bergang von der Mikro- zur Makromechanik,W2781985436,"q-Deformed Barut–Girardello su(1, 1) coherent states and Schrödinger cat states"
citation_paper_cites_prize_paper,Chemical Engineering,Computer Science,Physical Sciences,Physical Sciences,Chemical Engineering,Computer Science,324,W1884836326,Der stetige �bergang von der Mikro- zur Makromechanik,W2805988644,Multiphoton supercoherent states
citation_paper_cites_prize_paper,Environmental Science,Unknown Citation Field,Physical Sciences,Unknown Domain,Environmental Science,,147,W2138270253,DNA sequencing with chain-terminating inhibitors,W2828556470,Transpositions: from traces through data to models and simulations
citation_paper_cites_prize_paper,Physics and Astronomy,Agricultural and Biological Sciences,Physical Sciences,Life Sciences,Physics and Astronomy,Agricultural and Biological Sciences,650,W2072443063,A New Type of Secondary Radiation,W2883813994,Characterizing the Spoilage of Egg Products using Targeted and Non-targeted Approaches
citation_paper_cites_prize_paper,Arts and Humanities,Computer Science,Social Sciences,Physical Sciences,Arts and Humanities,Computer Science,175,W2005886497,Über einen die Erzeugung und Verwandlung des Lichtes betreffenden heuristischen Gesichtspunkt,W2890866085,Time ordering in the classically driven nonlinear Jaynes-Cummings model
citation_paper_cites_prize_paper,Environmental Science,Physics and Astronomy,Physical Sciences,Physical Sciences,Environmental Science,Physics and Astronomy,260,W2078507839,Physical Principles in the Construction of Regular Viruses,W2891075193,Algal Viruses: The (Atomic) Shape of Things to Come
citation_paper_cites_prize_paper,Psychology,Medicine,Social Sciences,Health Sciences,Psychology,Medicine,100,W2068610106,PREFRONTAL LEUCOTOMY IN THE TREATMENT OF MENTAL DISORDERS,W2899472532,Neurosurgical Intervention for Treatment-Resistant Psychiatric Disorders
citation_paper_cites_prize_paper,Physics and Astronomy,Social Sciences,Physical Sciences,Social Sciences,Physics and Astronomy,Social Sciences,661,W2014437371,Theory of Superconductivity,W2906476689,Critical behavior of a generalized Bak-Sneppen model
citation_paper_cites_prize_paper,Agricultural and Biological Sciences,"Business, Management and Accounting",Life Sciences,Social Sciences,Agricultural and Biological Sciences,"Business, Management and Accounting",8,W201050536,Viral RNA-dependent DNA Polymerase: RNA-dependent DNA Polymerase in Virions of Rous Sarcoma Virus,W2939455864,Patenting of Genetic Research in Europe and the U.S.: A Questionable Future for Diagnostic Methods and Personalized Medicines
citation_paper_cites_prize_paper,Earth and Planetary Sciences,Social Sciences,Physical Sciences,Social Sciences,Earth and Planetary Sciences,Social Sciences,145,W2058179313,Stratospheric sink for chlorofluoromethanes: chlorine atom-catalysed destruction of ozone,W2949292498,Resilience to exogenous shocks in environmental management regimes in the Arctic – lessons learned from survivors
citation_paper_cites_prize_paper,Agricultural and Biological Sciences,"Economics, Econometrics and Finance",Life Sciences,Social Sciences,Agricultural and Biological Sciences,"Economics, Econometrics and Finance",13,W2143107875,UNIDENTIFIED CURVED BACILLI IN THE STOMACH OF PATIENTS WITH GASTRITIS AND PEPTIC ULCERATION,W2976142348,Rational choice of drugs for ulcer therapy
citation_paper_cites_prize_paper,"Biochemistry, Genetics and Molecular Biology",Energy,Life Sciences,Physical Sciences,"Biochemistry, Genetics and Molecular Biology",Energy,486,W2004303971,"Theoretical studies of enzymic reactions: Dielectric, electrostatic and steric stabilization of the carbonium ion in the reaction of lysozyme",W3003013178,Probing the Structure of [NiFeSe] Hydrogenase with QM/MM Computations
citation_paper_cites_prize_paper,Chemistry,Unknown Citation Field,Physical Sciences,Unknown Domain,Chemistry,,465,W1986113254,"THE ADSORPTION OF GASES ON PLANE SURFACES OF GLASS, MICA AND PLATINUM.",W3005642746,Nonylphenol ethoxylate-assisted hydrothermal preparation of carbon adsorbent from phenolic waste liquid
citation_paper_cites_prize_paper,Materials Science,Chemical Engineering,Physical Sciences,Physical Sciences,Materials Science,Chemical Engineering,355,W2058122340,Electric Field Effect in Atomically Thin Carbon Films,W3012978079,Control of pH-Responsiveness in Graphene Oxide Grafted with Poly-DEAEMA via Tailored Functionalization
citation_paper_cites_prize_paper,Medicine,Decision Sciences,Health Sciences,Social Sciences,Medicine,Decision Sciences,61,W2069463805,BIRTH AFTER THE REIMPLANTATION OF A HUMAN EMBRYO,W3018031038,Assessing Clinical Embryology Research: A Global Bibliometric Analysis
citation_paper_cites_prize_paper,Chemical Engineering,Materials Science,Physical Sciences,Physical Sciences,Chemical Engineering,Materials Science,179,W2148849027,Coil-stretch transition of dilute flexible polymers under ultrahigh velocity gradients,W3108580015,Conformational and Dynamical Evolution of Block Copolymers in Shear Flow
citation_paper_cites_prize_paper,Earth and Planetary Sciences,Mathematics,Physical Sciences,Physical Sciences,Earth and Planetary Sciences,Mathematics,58,W2085155384,On the relative motion of the Earth and the luminiferous ether,W3135643898,A Viable Approach to Mitigating Irreproducibility
citation_paper_cites_prize_paper,Immunology and Microbiology,Neuroscience,Life Sciences,Life Sciences,Immunology and Microbiology,Neuroscience,531,W2129319296,Defective LPS Signaling in C3H/HeJ and C57BL/10ScCr Mice: Mutations in <i>Tlr4</i> Gene,W3183140671,Regulation of the Brain Neural Niche by Soluble Molecule Akhirin
citation_paper_cites_prize_paper,Immunology and Microbiology,Chemistry,Life Sciences,Physical Sciences,Immunology and Microbiology,Chemistry,155,W2074949244,Definition and Antagonism of Histamine H2-receptors,W4206559827,PROCEEDINGS OF THE British Pharmacological Society
citation_paper_cites_prize_paper,Chemistry,"Business, Management and Accounting",Physical Sciences,Social Sciences,Chemistry,"Business, Management and Accounting",17,W2073292063,Electrospray Ionization for Mass Spectrometry of Large Biomolecules,W4214673604,Recent Progress in Laser Analytics
citation_paper_cites_prize_paper,Environmental Science,Social Sciences,Physical Sciences,Social Sciences,Environmental Science,Social Sciences,200,W2331925520,The Companion in the Bird's World,W4230097841,Early Experience and Critical Periods
citation_paper_cites_prize_paper,"Biochemistry, Genetics and Molecular Biology",Chemical Engineering,Life Sciences,Physical Sciences,"Biochemistry, Genetics and Molecular Biology",Chemical Engineering,339,W1542263802,Fluorescent indicators for Ca2+based on green fluorescent proteins and calmodulin,W4237453190,Spatiotemporal Measurement of Osmotic Pressures by FRET Imaging
citation_paper_cites_prize_paper,"Biochemistry, Genetics and Molecular Biology",Mathematics,Life Sciences,Physical Sciences,"Biochemistry, Genetics and Molecular Biology",Mathematics,224,W2170343590,MUTATIONS OF BACTERIA FROM VIRUS SENSITIVITY TO VIRUS RESISTANCE,W4250409606,Convergence results for compound Poisson distributions and applications to the standard Luria–Delbrück distribution
citation_paper_cites_prize_paper,Energy,Chemistry,Physical Sciences,Physical Sciences,Energy,Chemistry,42,W1982444105,Genetic Control of Biochemical Reactions in Neurospora,W4252609382,Experimental estimation of proteome size for cells and human plasma
citation_paper_cites_prize_paper,Physics and Astronomy,"Pharmacology, Toxicology and Pharmaceutics",Physical Sciences,Life Sciences,Physics and Astronomy,"Pharmacology, Toxicology and Pharmaceutics",588,W2094642658,The influence of polarization functions on molecular orbital hydrogenation energies,W4256261022,"Synthesis of Hydroxy and Methoxy Perylene Quinones, Their Spectroscopic and Computational Characterization, and Their Antiviral Activity<sup>¶</sup>"
citation_paper_cites_prize_paper,Agricultural and Biological Sciences,Nursing,Life Sciences,Health Sciences,Agricultural and Biological Sciences,Nursing,204,W1967136383,The Antihæmorrhagic Vitamin of the Chick.: Occurrence And Chemical Nature,W4285309340,Vitamin K
citation_paper_cites_prize_paper,Environmental Science,"Business, Management and Accounting",Physical Sciences,Social Sciences,Environmental Science,"Business, Management and Accounting",42,W1999595872,Der Kumpan in der Umwelt des Vogels,W4307386011,Imprinting in HR process research: a systematic review and integrative conceptual model
citation_paper_cites_prize_paper,Computer Science,Materials Science,Physical Sciences,Physical Sciences,Computer Science,Materials Science,202,W1652946403,Single photons on demand from a single molecule at room temperature,W4385830196,Mixed-dimensional heterostructures for quantum photonic science and technology
citation_paper_cites_prize_paper,Agricultural and Biological Sciences,Arts and Humanities,Life Sciences,Social Sciences,Agricultural and Biological Sciences,Arts and Humanities,135,W2143107875,UNIDENTIFIED CURVED BACILLI IN THE STOMACH OF PATIENTS WITH GASTRITIS AND PEPTIC ULCERATION,W80615288,Helicobacter pylori in the Pathogenesis of Peptic Ulcer — Evidence in Favour
citation_paper_cites_prize_paper,Unknown Nobel Field,Environmental Science,Unknown Domain,Physical Sciences,,Environmental Science,17,W1606860533,THE COAGULATION OF ALBUMEN BY PRESSURE,W1593056522,AMMONIA PRODUCTION FROM VARIOUS SUBSTRATES BY PREVIOUSLY PRESSURIZED CELLS OF <i>ESCHERICHIA COLI</i>
citation_paper_cites_prize_paper,Computer Science,"Biochemistry, Genetics and Molecular Biology",Physical Sciences,Life Sciences,Computer Science,"Biochemistry, Genetics and Molecular Biology",87,W1966533239,Demonstration of a Fundamental Quantum Logic Gate,W4256232857,Bioelectronic Interface Between Enzyme‐Based and <scp>DNA</scp> ‐Based Computing Systems
citation_paper_cites_prize_paper,Chemistry,Energy,Physical Sciences,Physical Sciences,Chemistry,Energy,1106,W1986113254,"THE ADSORPTION OF GASES ON PLANE SURFACES OF GLASS, MICA AND PLATINUM.",W4296799803,Measurement of CO<sub>2</sub> in Water from an Ultraviolet Oxidizer for a Space-Worthy Wastewater Recovery System Using Raman Spectroscopy
citation_paper_cites_prize_paper,Earth and Planetary Sciences,Computer Science,Physical Sciences,Physical Sciences,Earth and Planetary Sciences,Computer Science,97,W2085155384,On the relative motion of the Earth and the luminiferous ether,W4311941580,Snapshot on-axis Fizeau polarization phase-shifting interferometer
citation_paper_cites_prize_paper,Chemistry,Social Sciences,Physical Sciences,Social Sciences,Chemistry,Social Sciences,155,W1992787746,Einfluss der Configuration auf die Wirkung der Enzyme,W4361851704,Biochemistry students' ideas about shape and charge in enzyme–substrate interactions
citation_paper_cites_prize_paper,Agricultural and Biological Sciences,Materials Science,Life Sciences,Physical Sciences,Agricultural and Biological Sciences,Materials Science,111,W2046171723,PLAQUE FORMATION AND ISOLATION OF PURE LINES WITH POLIOMYELITIS VIRUSES,W2751107448,Simulation Studies on the Lipid Interaction and Conformation of Novel Drug-Delivery Pseudopeptidic Polymers
citation_paper_cites_prize_paper,Mathematics,Chemistry,Physical Sciences,Physical Sciences,Mathematics,Chemistry,96,W1996895697,Theory of the Variations in Paramagnetic Anisotropy Among Different Salts of the Iron Group,W3119511098,"Zwitterionic π-coordination compounds of copper(I) with monosubstituted alkynes: synthesis, crystal and electronic structure of two copper(I) halide π-complexes with 4-amino-1-propargylpyridinium"
citation_paper_cites_prize_paper,Earth and Planetary Sciences,"Biochemistry, Genetics and Molecular Biology",Physical Sciences,Life Sciences,Earth and Planetary Sciences,"Biochemistry, Genetics and Molecular Biology",96,W2037363234,A New Method of Measuring Nuclear Magnetic Moment,W4388131456,Solution NMR Approaches for Studying Molecular Chaperones
citation_paper_cites_prize_paper,Arts and Humanities,Social Sciences,Social Sciences,Social Sciences,Arts and Humanities,Social Sciences,34,W2005886497,Über einen die Erzeugung und Verwandlung des Lichtes betreffenden heuristischen Gesichtspunkt,W3096359592,Quantum-Like Interdependence Theory Advances Autonomous Human–Machine Teams (A-HMTs)
citation_paper_cites_prize_paper,Chemical Engineering,Engineering,Physical Sciences,Physical Sciences,Chemical Engineering,Engineering,197,W1884836326,Der stetige �bergang von der Mikro- zur Makromechanik,W3168146884,Depolarization of Light in Optical Fibers: Effects of Diffraction and Spin-Orbit Interaction
citation_paper_cites_prize_paper,Engineering,Social Sciences,Physical Sciences,Social Sciences,Engineering,Social Sciences,106,W1983718136,Resonance Absorption by Nuclear Magnetic Moments in a Solid,W2007027789,From radar to nuclear magnetic resonance
citation_paper_cites_prize_paper,Materials Science,Earth and Planetary Sciences,Physical Sciences,Physical Sciences,Materials Science,Earth and Planetary Sciences,340,W1991101760,A New Microscopic Principle,W2020445034,Temporal Reference Acoustical Holography
citation_paper_cites_prize_paper,Environmental Science,Earth and Planetary Sciences,Physical Sciences,Physical Sciences,Environmental Science,Earth and Planetary Sciences,229,W2138270253,DNA sequencing with chain-terminating inhibitors,W2318534747,Distinguishing Early Juveniles of Eastern Pacific Mussels (Mytilus spp.) Using Morphology and Genomic DNA
citation_paper_cites_prize_paper,"Biochemistry, Genetics and Molecular Biology",Arts and Humanities,Life Sciences,Social Sciences,"Biochemistry, Genetics and Molecular Biology",Arts and Humanities,1117,W1969331809,Genetic control of programmed cell death in the nematode C. elegans,W2741078850,In Defense of Methodological Mechanism: The Case of Apoptosis
citation_paper_cites_prize_paper,Medicine,Energy,Health Sciences,Physical Sciences,Medicine,Energy,132,W190540197,"On the Antibacterial Action of Cultures of a Penicillium, with Special Reference to Their Use in the Isolation of B. influenzae",W3011129494,Enhanced Antibacterial Property of Sulfate-Doped Ag3PO4 Nanoparticles Supported on PAN Electrospun Nanofibers
citation_paper_cites_prize_paper,Energy,Medicine,Physical Sciences,Health Sciences,Energy,Medicine,121,W1982444105,Genetic Control of Biochemical Reactions in Neurospora,W1873348937,The Biosynthesis of Phenazines
citation_paper_cites_prize_paper,Materials Science,Agricultural and Biological Sciences,Physical Sciences,Life Sciences,Materials Science,Agricultural and Biological Sciences,134,W1985854865,A Three-Dimensional Model of the Myoglobin Molecule Obtained by X-Ray Analysis,W1973496788,Some recent developments in the size and shape analysis of industrial polysaccharides in solution using sedimentation analysis in the analytical ultracentrifuge
citation_paper_cites_prize_paper,Neuroscience,Health Professions,Life Sciences,Health Sciences,Neuroscience,Health Professions,73,W2259811952,BLOOD VOLUME STUDIES,W1987842667,The accuracy of the modified Evans blue dye test in detecting aspiration in head and neck cancer patients
citation_paper_cites_prize_paper,Agricultural and Biological Sciences,Veterinary,Life Sciences,Health Sciences,Agricultural and Biological Sciences,Veterinary,57,W2143107875,UNIDENTIFIED CURVED BACILLI IN THE STOMACH OF PATIENTS WITH GASTRITIS AND PEPTIC ULCERATION,W2068584954,Egg Yolk antibody and its application
citation_paper_cites_prize_paper,Chemical Engineering,Medicine,Physical Sciences,Health Sciences,Chemical Engineering,Medicine,89,W2036574905,Desoxy‐cortico‐steron (21‐Oxy‐progesteron) aus Δ<sup>5</sup>‐3‐Oxy‐ätio‐cholensäure,W2080697863,Central Mineralocorticoid Receptors and Cardiovascular Disease
citation_paper_cites_prize_paper,Agricultural and Biological Sciences,Chemistry,Life Sciences,Physical Sciences,Agricultural and Biological Sciences,Chemistry,246,W2046171723,PLAQUE FORMATION AND ISOLATION OF PURE LINES WITH POLIOMYELITIS VIRUSES,W2143034614,"A comparative study of the effects of certain halogenated benzimidazole ribosides on RNA synthesis, cell proliferation, and interferon production."
citation_paper_cites_prize_paper,Arts and Humanities,Environmental Science,Social Sciences,Physical Sciences,Arts and Humanities,Environmental Science,40,W2005886497,Über einen die Erzeugung und Verwandlung des Lichtes betreffenden heuristischen Gesichtspunkt,W2985186187,Individual Condensation Trails in Aircraft Trajectory Optimization
citation_paper_cites_prize_paper,Arts and Humanities,Medicine,Social Sciences,Health Sciences,Arts and Humanities,Medicine,146,W2005886497,Über einen die Erzeugung und Verwandlung des Lichtes betreffenden heuristischen Gesichtspunkt,W3021514239,Transcranial photobiomodulation attenuates pentylenetetrazole‐induced status epilepticus in peripubertal rats
citation_paper_cites_prize_paper,Mathematics,Engineering,Physical Sciences,Physical Sciences,Mathematics,Engineering,85,W2248814689,Fine Structure of the Hydrogen Atom by a Microwave Method,W3108629455,Plasmon-Driven Motion of an Individual Molecule
citation_paper_cites_prize_paper,Materials Science,Psychology,Physical Sciences,Social Sciences,Materials Science,Psychology,39,W1988619801,Metallic Phase with Long-Range Orientational Order and No Translational Symmetry,W3197151903,Voronoi Entropy vs. Continuous Measure of Symmetry of the Penrose Tiling: Part I. Analysis of the Voronoi Diagrams
citation_paper_cites_prize_paper,Earth and Planetary Sciences,Unknown Citation Field,Physical Sciences,Unknown Domain,Earth and Planetary Sciences,,75,W2058179313,Stratospheric sink for chlorofluoromethanes: chlorine atom-catalysed destruction of ozone,W14494342,Wo steht die Risikosoziologie?
citation_paper_cites_prize_paper,Physics and Astronomy,Immunology and Microbiology,Physical Sciences,Life Sciences,Physics and Astronomy,Immunology and Microbiology,263,W2113372755,Observation of a single-beam gradient force optical trap for dielectric particles,W2041202235,"Real‐time imaging of the cellular interactions underlying tolerance, priming, and responses to infection"
citation_paper_cites_prize_paper,Environmental Science,Mathematics,Physical Sciences,Physical Sciences,Environmental Science,Mathematics,30,W2051995369,The constitution and fundamental properties of solids and liquids,W2395579011,Generalized hydrodynamics in the transient regime and irreversible thermodynamics
citation_paper_cites_prize_paper,Unknown Nobel Field,Chemistry,Unknown Domain,Physical Sciences,,Chemistry,31,W1606860533,THE COAGULATION OF ALBUMEN BY PRESSURE,W2793748110,Lysozyme Stabilization under High Pressure: Differential Scanning Microcalorimetry
citation_paper_cites_prize_paper,Arts and Humanities,Energy,Social Sciences,Physical Sciences,Arts and Humanities,Energy,35,W2005886497,Über einen die Erzeugung und Verwandlung des Lichtes betreffenden heuristischen Gesichtspunkt,W2992843302,Methodologies in Spectral Tuning of DSSC Chromophores through Rational Design and Chemical-Structure Engineering
citation_paper_cites_prize_paper,Arts and Humanities,Mathematics,Social Sciences,Physical Sciences,Arts and Humanities,Mathematics,43,W2060222759,LXXIII. <i>On the constitution of atoms and molecules</i>,W3003165313,Attractors of nonlinear Hamiltonian partial differential equations
citation_paper_cites_prize_paper,Materials Science,Social Sciences,Physical Sciences,Social Sciences,Materials Science,Social Sciences,107,W1988619801,Metallic Phase with Long-Range Orientational Order and No Translational Symmetry,W4224212959,Economic Harmony—A Rational Theory of Fairness and Cooperation in Strategic Interactions
citation_paper_cites_prize_paper,Unknown Nobel Field,Materials Science,Unknown Domain,Physical Sciences,,Materials Science,28,W1606860533,THE COAGULATION OF ALBUMEN BY PRESSURE,W4307857879,Inline small‐angle X‐ray scattering‐coupled chromatography under extreme hydrostatic pressure
citation_paper_cites_prize_paper,Agricultural and Biological Sciences,Engineering,Life Sciences,Physical Sciences,Agricultural and Biological Sciences,Engineering,206,W2221571340,Mutable Loci in Maize,W133042926,The Future of Maize
citation_paper_cites_prize_paper,Agricultural and Biological Sciences,Social Sciences,Life Sciences,Social Sciences,Agricultural and Biological Sciences,Social Sciences,73,W2143107875,UNIDENTIFIED CURVED BACILLI IN THE STOMACH OF PATIENTS WITH GASTRITIS AND PEPTIC ULCERATION,W1974564295,"Causality, a Trialogue"
citation_paper_cites_prize_paper,Earth and Planetary Sciences,Chemical Engineering,Physical Sciences,Physical Sciences,Earth and Planetary Sciences,Chemical Engineering,101,W2058179313,Stratospheric sink for chlorofluoromethanes: chlorine atom-catalysed destruction of ozone,W2029992754,Deep oxidation of light alkanes over titania-supported palladium/vanadium catalysts
citation_paper_cites_prize_paper,Physics and Astronomy,Psychology,Physical Sciences,Social Sciences,Physics and Astronomy,Psychology,451,W2048251016,Zur Elektrodynamik bewegter Körper,W2138805293,Identifying creative research accomplishments: Methodology and results for nanotechnology and human genetics
citation_paper_cites_prize_paper,Agricultural and Biological Sciences,Earth and Planetary Sciences,Life Sciences,Physical Sciences,Agricultural and Biological Sciences,Earth and Planetary Sciences,60,W2006788765,A gene complex controlling segmentation in Drosophila,W2804617736,Hox and Wnt pattern the primary body axis of an anthozoan cnidarian before gastrulation
citation_paper_cites_prize_paper,Environmental Science,Energy,Physical Sciences,Physical Sciences,Environmental Science,Energy,303,W2051995369,The constitution and fundamental properties of solids and liquids,W3035308018,Adsorption/photodegradation of crystal violet (basic dye) from aqueous solution by hydrothermally synthesized titanate nanotube (TNT)
citation_paper_cites_prize_paper,Earth and Planetary Sciences,"Economics, Econometrics and Finance",Physical Sciences,Social Sciences,Earth and Planetary Sciences,"Economics, Econometrics and Finance",130,W2058179313,Stratospheric sink for chlorofluoromethanes: chlorine atom-catalysed destruction of ozone,W2053965996,Ozone and Climate
citation_paper_cites_prize_paper,Engineering,Environmental Science,Physical Sciences,Physical Sciences,Engineering,Environmental Science,321,W4246012760,The constitution and fundamental properties of solids and liquids. Part II.—Liquids,W3165240580,"Influencing Multi-Walled Carbon Nanotubes for the Removal of Ismate Violet 2R Dye from Wastewater: Isotherm, Kinetics, and Thermodynamic Studies"
citation_paper_cites_prize_paper,Psychology,Psychology,Social Sciences,Social Sciences,Psychology,Psychology,40,W2068610106,PREFRONTAL LEUCOTOMY IN THE TREATMENT OF MENTAL DISORDERS,W2078461474,"Historic Evolution of Open Cingulectomy and Stereotactic Cingulotomy in the Management of Medically Intractable Psychiatric Disorders, Pain and Drug Addiction"
citation_paper_cites_prize_paper,Computer Science,"Pharmacology, Toxicology and Pharmaceutics",Physical Sciences,Life Sciences,Computer Science,"Pharmacology, Toxicology and Pharmaceutics",1,W2059693774,A New Audiometer,W2143294401,Thermal sensitivity in uremic neuropathy
citation_paper_cites_prize_paper,Immunology and Microbiology,Social Sciences,Life Sciences,Social Sciences,Immunology and Microbiology,Social Sciences,160,W1977282539,Isolation of a T-Lymphotropic Retrovirus from a Patient at Risk for Acquired Immune Deficiency Syndrome (AIDS),W1492076399,The Human Right to Health
citation_paper_cites_prize_paper,"Pharmacology, Toxicology and Pharmaceutics",Environmental Science,Life Sciences,Physical Sciences,"Pharmacology, Toxicology and Pharmaceutics",Environmental Science,55,W1205458192,Tissue fractionation studies. 6. Intracellular distribution patterns of enzymes in rat-liver tissue,W1993167325,"Effects of parenteral di-(2-ethylhexyl)phthalate (DEHP) on gonadal biochemistry, pathology, and reproductive performance of mice"
citation_paper_cites_prize_paper,Environmental Science,Dentistry,Physical Sciences,Health Sciences,Environmental Science,Dentistry,78,W2138270253,DNA sequencing with chain-terminating inhibitors,W2133331753,Analysis of<i>Streptococcus salivarius</i>urease expression using continuous chemostat culture
citation_paper_cites_prize_paper,Neuroscience,Earth and Planetary Sciences,Life Sciences,Physical Sciences,Neuroscience,Earth and Planetary Sciences,134,W2117059432,An analysis of the end‐plate potential recorded with an intra‐cellular electrode,W1951143217,The Parameters and Properties of A Group of Electrically Coupled Neurones in the Central Nervous System of A Hydrozoan Jellyfish
citation_paper_cites_prize_paper,"Pharmacology, Toxicology and Pharmaceutics",Neuroscience,Life Sciences,Life Sciences,"Pharmacology, Toxicology and Pharmaceutics",Neuroscience,106,W1205458192,Tissue fractionation studies. 6. Intracellular distribution patterns of enzymes in rat-liver tissue,W2042993926,Intracellular distribution of psychotropic drugs in the grey and white matter of the brain: the role of lysosomal trapping
citation_paper_cites_prize_paper,Materials Science,Immunology and Microbiology,Physical Sciences,Life Sciences,Materials Science,Immunology and Microbiology,47,W2140992384,The structure of proteins: Two hydrogen-bonded helical configurations of the polypeptide chain,W2147514865,The Peptide-Receptive Transition State of MHC Class I Molecules: Insight from Structure and Molecular Dynamics
citation_paper_cites_prize_paper,Arts and Humanities,Chemical Engineering,Social Sciences,Physical Sciences,Arts and Humanities,Chemical Engineering,28,W2000547662,Synthesen in der hydroaromatischen Reihe,W2077591116,Ionic Liquids: Just Molten Salts After All?
citation_paper_cites_prize_paper,Earth and Planetary Sciences,Materials Science,Physical Sciences,Physical Sciences,Earth and Planetary Sciences,Materials Science,360,W1999433310,Adsorption of CO on Pd single crystal surfaces,W2102412994,Elementarprozesse an Gas/Metall‐Grenzflächen
citation_paper_cites_prize_paper,Veterinary,Agricultural and Biological Sciences,Health Sciences,Life Sciences,Veterinary,Agricultural and Biological Sciences,68,W2112130390,"Avermectins, New Family of Potent Anthelmintic Agents: Efficacy of the B <sub>1a</sub> Component",W2991469272,Seasonal Variation and Crop Sequences Shape the Structure of Bacterial Communities in Cysts of Soybean Cyst Nematode
citation_paper_cites_prize_paper,Computer Science,Chemistry,Physical Sciences,Physical Sciences,Computer Science,Chemistry,32,W1652946403,Single photons on demand from a single molecule at room temperature,W2160521141,Anisotropic Translational Diffusion of Single Fluorescent Perylene Molecules in a Nematic Liquid Crystal
citation_paper_cites_prize_paper,"Biochemistry, Genetics and Molecular Biology",Dentistry,Life Sciences,Health Sciences,"Biochemistry, Genetics and Molecular Biology",Dentistry,238,W2320556745,<b>Solid Phase Peptide Synthesis. I. The Synthesis of a Tetrapeptide</b>,W1964521858,Immunogenicity of peptides coupled with multiple T‐cell epitopes of a surface protein antigen of Streptococcus mutans
citation_paper_cites_prize_paper,Computer Science,Decision Sciences,Physical Sciences,Social Sciences,Computer Science,Decision Sciences,20,W2059693774,A New Audiometer,W1987359918,"The <i>k</i>‐in‐a‐row up‐and‐down design, revisited"
citation_paper_cites_prize_paper,Earth and Planetary Sciences,"Pharmacology, Toxicology and Pharmaceutics",Physical Sciences,Life Sciences,Earth and Planetary Sciences,"Pharmacology, Toxicology and Pharmaceutics",43,W2058179313,Stratospheric sink for chlorofluoromethanes: chlorine atom-catalysed destruction of ozone,W2012918410,Synthese des kleinsten axial-chiralen Moleküls durch asymmetrische Kohlenstoff-Fluor-Bindungsaktivierung
citation_paper_cites_prize_paper,Immunology and Microbiology,"Pharmacology, Toxicology and Pharmaceutics",Life Sciences,Life Sciences,Immunology and Microbiology,"Pharmacology, Toxicology and Pharmaceutics",103,W2129319296,Defective LPS Signaling in C3H/HeJ and C57BL/10ScCr Mice: Mutations in <i>Tlr4</i> Gene,W2160765059,"Inhibitory Effect of N,N-Didesmethylgrossularine-1 on Inflammatory Cytokine Production in Lipopolysaccharide-Stimulated RAW 264.7 Cells"
citation_paper_cites_prize_paper,Computer Science,"Economics, Econometrics and Finance",Physical Sciences,Social Sciences,Computer Science,"Economics, Econometrics and Finance",7,W2015233893,Invention of the integrated circuit,W2184619200,Government Support of the Semiconductor Industry: Diverse Approaches and Information Flows
citation_paper_cites_prize_paper,Computer Science,Neuroscience,Physical Sciences,Life Sciences,Computer Science,Neuroscience,175,W2059693774,A New Audiometer,W2043670292,Bidirectional influences of vibrotactile stimuli on modification of the human acoustic startle reflex
citation_paper_cites_prize_paper,Materials Science,"Pharmacology, Toxicology and Pharmaceutics",Physical Sciences,Life Sciences,Materials Science,"Pharmacology, Toxicology and Pharmaceutics",30,W2058122340,Electric Field Effect in Atomically Thin Carbon Films,W2150795865,Sensitive voltammetric sensor for bergenin based on poly(l-lysine)/graphene modified glassy carbon electrode
citation_paper_cites_prize_paper,Decision Sciences,Mathematics,Social Sciences,Physical Sciences,Decision Sciences,Mathematics,7,W1975117866,"The Isolation of an Ion, a Precision Measurement of Its Charge, and the Correction of Stokes's Law",W2483769561,Drag force and transport property of a small cylinder in free molecule flow: A gas-kinetic theory analysis
citation_paper_cites_prize_paper,Unknown Nobel Field,Agricultural and Biological Sciences,Unknown Domain,Life Sciences,,Agricultural and Biological Sciences,152,W1785442005,Aus dem Leben der Bienen,W4220953160,From Karl von Frisch to Neuroethology: A Methodological Perspective on the Frischean Tradition's Expansion into Neuroethology**
citation_paper_cites_prize_paper,Energy,Agricultural and Biological Sciences,Physical Sciences,Life Sciences,Energy,Agricultural and Biological Sciences,110,W1982444105,Genetic Control of Biochemical Reactions in Neurospora,W312736339,Functional Genomics: Applications in Plant Science
citation_paper_cites_prize_paper,Decision Sciences,Engineering,Social Sciences,Physical Sciences,Decision Sciences,Engineering,29,W1975117866,"The Isolation of an Ion, a Precision Measurement of Its Charge, and the Correction of Stokes's Law",W4289865802,Coulombic force contribution to nano scale aerosol capture by a wire grid: Quantitative comparison of experiments and simulations
citation_paper_cites_prize_paper,Engineering,"Business, Management and Accounting",Physical Sciences,Social Sciences,Engineering,"Business, Management and Accounting",35,W2001024934,Reconstruction of Three Dimensional Structures from Electron Micrographs,W1591255396,"Computerized Adaptive Testing, the Item Bank Calibration and a Tool for Easing the Process"
citation_paper_cites_prize_paper,Immunology and Microbiology,Environmental Science,Life Sciences,Physical Sciences,Immunology and Microbiology,Environmental Science,106,W2137590150,The Dorsoventral Regulatory Gene Cassette spätzle/Toll/cactus Controls the Potent Antifungal Response in Drosophila Adults,W1607040548,Effects of cell growth and a mobile genetic element on propagation of the phages SP16 and SP-beta in Bacillus subtilis
citation_paper_cites_prize_paper,Physics and Astronomy,Dentistry,Physical Sciences,Health Sciences,Physics and Astronomy,Dentistry,59,W2054227182,Candela-class high-brightness InGaN/AlGaN double-heterostructure blue-light-emitting diodes,W1965133607,Shear Bond Strength and Temperature Rise of Orthodontic Brackets Bonding by Using a New 3-Second LED Mode
citation_paper_cites_prize_paper,Arts and Humanities,Neuroscience,Social Sciences,Life Sciences,Arts and Humanities,Neuroscience,51,W2005886497,Über einen die Erzeugung und Verwandlung des Lichtes betreffenden heuristischen Gesichtspunkt,W2023879721,An XAS Study of the Cation Binding Sites in the Purple Membrane of Halobacterium Salinarum
citation_paper_cites_prize_paper,Agricultural and Biological Sciences,Physics and Astronomy,Life Sciences,Physical Sciences,Agricultural and Biological Sciences,Physics and Astronomy,93,W2006788765,A gene complex controlling segmentation in Drosophila,W2185930558,"Networks, not building blocks - the idea of the organism in genetics and epigenetics"
citation_paper_cites_prize_paper,Energy,Environmental Science,Physical Sciences,Physical Sciences,Energy,Environmental Science,41,W1982444105,Genetic Control of Biochemical Reactions in Neurospora,W2294993122,“Wrecks of Ancient Life”: Genetic Variants Vetted by Natural Selection
citation_paper_cites_prize_paper,Arts and Humanities,"Pharmacology, Toxicology and Pharmaceutics",Social Sciences,Life Sciences,Arts and Humanities,"Pharmacology, Toxicology and Pharmaceutics",41,W2000547662,Synthesen in der hydroaromatischen Reihe,W2321414097,Metal Promoted Diels-Alder Reactions
citation_paper_cites_prize_paper,Immunology and Microbiology,Engineering,Life Sciences,Physical Sciences,Immunology and Microbiology,Engineering,75,W2074949244,Definition and Antagonism of Histamine H2-receptors,W2416257117,Proceedings: Renal control of kidney growth.
citation_paper_cites_prize_paper,Neuroscience,Veterinary,Life Sciences,Health Sciences,Neuroscience,Veterinary,52,W148261105,COMPARISON OF THE EFFECTS OF UNILATERAL AND BILATERAL EYE CLOSURE ON CORTICAL UNIT RESPONSES IN KITTENS,W2492692224,Methods and welfare considerations in behavioral research with animals : report of a National Insititutes of Health Workshop /
citation_paper_cites_prize_paper,Neuroscience,Energy,Life Sciences,Physical Sciences,Neuroscience,Energy,41,W1593702539,Über die Geschwindigkeit der photochemischen Kohlensäurezersetzung in lebenden Zellen. II,W2494232046,The Biopharmaceuticals Field and Algae as Expression Hosts
citation_paper_cites_prize_paper,Engineering,"Economics, Econometrics and Finance",Physical Sciences,Social Sciences,Engineering,"Economics, Econometrics and Finance",30,W2080044952,On a Relativistically Invariant Formulation of the Quantum Theory of Wave Fields*,W2752029233,Proof of Renormalizability of Scalar Field Theories Using the Epstein-Glaser Scheme and Techniques of Microlocal Analysis
citation_paper_cites_prize_paper,Arts and Humanities,Agricultural and Biological Sciences,Social Sciences,Life Sciences,Arts and Humanities,Agricultural and Biological Sciences,23,W2005886497,Über einen die Erzeugung und Verwandlung des Lichtes betreffenden heuristischen Gesichtspunkt,W4361771974,Analytical Action Spectroscopy with Living Systems: Photochemical Aspects and Attenuance
citation_paper_cites_prize_paper,Energy,Decision Sciences,Physical Sciences,Social Sciences,Energy,Decision Sciences,2,W1982444105,Genetic Control of Biochemical Reactions in Neurospora,W2496144487,Proceedings of the 2012 winter simulation conference
citation_paper_cites_prize_paper,Computer Science,Health Professions,Physical Sciences,Health Sciences,Computer Science,Health Professions,30,W2059693774,A New Audiometer,W1963613409,Individual differences in noise annoyance and the uncomfortable loudness level
citation_paper_cites_prize_paper,Neuroscience,"Economics, Econometrics and Finance",Life Sciences,Social Sciences,Neuroscience,"Economics, Econometrics and Finance",60,W1985940938,A quantitative description of membrane current and its application to conduction and excitation in nerve,W2071814752,Strong convergence rate in averaging principle for stochastic FitzHugh–Nagumo system with two time-scales
citation_paper_cites_prize_paper,Unknown Nobel Field,Neuroscience,Unknown Domain,Life Sciences,,Neuroscience,140,W2260604921,"THE ACTION OF CERTAIN ESTERS AND ETHERS OF CHOLINE, AND THEIR RELATION TO MUSCARINE",W2405345761,The Role of Muscarinic Receptors in the Pathophysiology of Mood Disorders:A Potential Noveltreatment?
citation_paper_cites_prize_paper,Energy,Arts and Humanities,Physical Sciences,Social Sciences,Energy,Arts and Humanities,93,W1982444105,Genetic Control of Biochemical Reactions in Neurospora,W1842704255,METHODOLOGICAL ISSUES
citation_paper_cites_prize_paper,Arts and Humanities,Unknown Citation Field,Social Sciences,Unknown Domain,Arts and Humanities,,60,W2005886497,Über einen die Erzeugung und Verwandlung des Lichtes betreffenden heuristischen Gesichtspunkt,W2074357759,Mit wenigen Worten viel sagen: Georg Christoph Lichtenberg zum 250. Geburtstag
citation_paper_cites_prize_paper,Nursing,"Pharmacology, Toxicology and Pharmaceutics",Health Sciences,Life Sciences,Nursing,"Pharmacology, Toxicology and Pharmaceutics",30,W207049882,The antihaemorrhagic vitamin of the chick,W2129007533,Studies on warfarin treatment with emphasis on inter-individual variations and drug monitoring
citation_paper_cites_prize_paper,Nursing,Engineering,Health Sciences,Physical Sciences,Nursing,Engineering,49,W2409039558,CONVERSION OF PHOSPHORYLASE b TO PHOSPHORYLASE a IN MUSCLE EXTRACTS,W2135143119,"Biomimetic surfaces : Preparation, characterization and application"
prize_paper_references_citation_paper,Immunology and Microbiology,Medicine,Life Sciences,Health Sciences,Immunology and Microbiology,Medicine,31,W2145049340,IDENTIFICATION OF A NOVEL CELL TYPE IN PERIPHERAL LYMPHOID ORGANS OF MICE,W1502195644,Attempts at Identification of Hemopoietic Stem Cell in Mouse
prize_paper_references_citation_paper,Immunology and Microbiology,"Biochemistry, Genetics and Molecular Biology",Life Sciences,Life Sciences,Immunology and Microbiology,"Biochemistry, Genetics and Molecular Biology",40,W2145049340,IDENTIFICATION OF A NOVEL CELL TYPE IN PERIPHERAL LYMPHOID ORGANS OF MICE,W1964196291,THE ISOLATION AND SELECTED PROPERTIES OF BLOOD MONOCYTES
prize_paper_references_citation_paper,Immunology and Microbiology,Neuroscience,Life Sciences,Life Sciences,Immunology and Microbiology,Neuroscience,4,W2145049340,IDENTIFICATION OF A NOVEL CELL TYPE IN PERIPHERAL LYMPHOID ORGANS OF MICE,W2006387884,THF EARLY STAGES OF ABSORPTION OF INJECTED HORSERADISH PEROXIDASE IN THE PROXIMAL TUBULES OF MOUSE KIDNEY: ULTRASTRUCTURAL CYTOCHEMISTRY BY A NEW TECHNIQUE
prize_paper_references_citation_paper,Immunology and Microbiology,Chemistry,Life Sciences,Physical Sciences,Immunology and Microbiology,Chemistry,4,W2145049340,IDENTIFICATION OF A NOVEL CELL TYPE IN PERIPHERAL LYMPHOID ORGANS OF MICE,W2010925541,A Study Of The Localisation Of A Protein Antigen In The Chicken Spleen And Its Relation To The Formation Of Germinal Centres
prize_paper_references_citation_paper,Immunology and Microbiology,Unknown Citation Field,Life Sciences,Unknown Domain,Immunology and Microbiology,,4,W2145049340,IDENTIFICATION OF A NOVEL CELL TYPE IN PERIPHERAL LYMPHOID ORGANS OF MICE,W2076540682,The Reticuloendothelial System.
prize_paper_references_citation_paper,Immunology and Microbiology,Immunology and Microbiology,Life Sciences,Life Sciences,Immunology and Microbiology,Immunology and Microbiology,53,W2145049340,IDENTIFICATION OF A NOVEL CELL TYPE IN PERIPHERAL LYMPHOID ORGANS OF MICE,W2096179876,THE ORIGIN AND KINETICS OF MONONUCLEAR PHAGOCYTES
prize_paper_references_citation_paper,Medicine,Medicine,Health Sciences,Health Sciences,Medicine,Medicine,400,W2010694924,Isolation and Structure of Two Prostaglandin Endoperoxides That Cause Platelet Aggregation,W1555140230,Metabolism of Prostaglandin E2 in Guinea Pig Liver
prize_paper_references_citation_paper,Medicine,Agricultural and Biological Sciences,Health Sciences,Life Sciences,Medicine,Agricultural and Biological Sciences,34,W2010694924,Isolation and Structure of Two Prostaglandin Endoperoxides That Cause Platelet Aggregation,W1971537911,THE USE OF ISOLATED ORGANS FOR DETECTING ACTIVE SUBSTANCES IN THE CIRCULATING BLOOD
prize_paper_references_citation_paper,Medicine,"Biochemistry, Genetics and Molecular Biology",Health Sciences,Life Sciences,Medicine,"Biochemistry, Genetics and Molecular Biology",230,W2010694924,Isolation and Structure of Two Prostaglandin Endoperoxides That Cause Platelet Aggregation,W2012214760,Aggregation of Blood Platelets by Adenosine Diphosphate and its Reversal
prize_paper_references_citation_paper,Medicine,"Pharmacology, Toxicology and Pharmaceutics",Health Sciences,Life Sciences,Medicine,"Pharmacology, Toxicology and Pharmaceutics",5,W2010694924,Isolation and Structure of Two Prostaglandin Endoperoxides That Cause Platelet Aggregation,W2026445483,THE TECHNIQUE OF SUPERFUSION
prize_paper_references_citation_paper,Medicine,Immunology and Microbiology,Health Sciences,Life Sciences,Medicine,Immunology and Microbiology,23,W2123773797,Leukotriene C: a slow-reacting substance from murine mastocytoma cells.,W2013821446,Stimulated production of slow reacting substances by mercaptans from ionophore A 23187- induced mononuclear cells: Mercaptan structure-activity studies
prize_paper_references_citation_paper,Neuroscience,"Biochemistry, Genetics and Molecular Biology",Life Sciences,Life Sciences,Neuroscience,"Biochemistry, Genetics and Molecular Biology",88,W2064008537,THE NATURAL-SELECTION THEORY OF ANTIBODY FORMATION,W1595704955,The Fate in Rabbits of Intravenously Injected I131-Iodoovalbumin
prize_paper_references_citation_paper,Neuroscience,Medicine,Life Sciences,Health Sciences,Neuroscience,Medicine,42,W2064008537,THE NATURAL-SELECTION THEORY OF ANTIBODY FORMATION,W2011736451,Artificial Production of Immunological Tolerance: Immunological Effects of Experimental Embryonal Parabiosis
prize_paper_references_citation_paper,Neuroscience,Immunology and Microbiology,Life Sciences,Life Sciences,Neuroscience,Immunology and Microbiology,6,W2064008537,THE NATURAL-SELECTION THEORY OF ANTIBODY FORMATION,W2018559485,Effect of Massive Antigen Dosage on Antigen Retention and Antibody Response in Rabbits.
prize_paper_references_citation_paper,Neuroscience,Physics and Astronomy,Life Sciences,Physical Sciences,Neuroscience,Physics and Astronomy,11,W2064008537,THE NATURAL-SELECTION THEORY OF ANTIBODY FORMATION,W2290089554,The disposal and organ-distribution of radioiodinated bovine serum proteins in control and specifically sensitized rabbits.
prize_paper_references_citation_paper,Neuroscience,Environmental Science,Life Sciences,Physical Sciences,Neuroscience,Environmental Science,5,W2064008537,THE NATURAL-SELECTION THEORY OF ANTIBODY FORMATION,W2433705742,The rate of inactivation of bacteriophage T4r in specific anti-serum.  I.  Salt effect.  II.  Cofactor.
prize_paper_references_citation_paper,Physics and Astronomy,Chemistry,Physical Sciences,Physical Sciences,Physics and Astronomy,Chemistry,183,W2003771289,Femtosecond real-time observation of wave packet oscillations (resonance) in dissociation reactions,W1991101826,Time dependent formulation of polyatomic photofragmentation: Application to H3+
prize_paper_references_citation_paper,Physics and Astronomy,Chemical Engineering,Physical Sciences,Physical Sciences,Physics and Astronomy,Chemical Engineering,9,W2003771289,Femtosecond real-time observation of wave packet oscillations (resonance) in dissociation reactions,W2046335598,Comment on ‘‘Fluorescence spectra of the NaI molecule’’
prize_paper_references_citation_paper,Medicine,Neuroscience,Health Sciences,Life Sciences,Medicine,Neuroscience,23,W2021537613,Regulation of 3-Hydroxy-3-Methylglutaryl Coenzyme A Reductase Activity in Human Fibroblasts by Lipoproteins,W1595366583,The Fluorometric Measurement of Deoxyribonucleic Acid in Animal Tissues with Special Reference to the Central Nervous System
prize_paper_references_citation_paper,Medicine,Environmental Science,Health Sciences,Physical Sciences,Medicine,Environmental Science,30,W2021537613,Regulation of 3-Hydroxy-3-Methylglutaryl Coenzyme A Reductase Activity in Human Fibroblasts by Lipoproteins,W2067987853,lipid Metabolism in Tissue Culture Cells
prize_paper_references_citation_paper,Medicine,Chemistry,Health Sciences,Physical Sciences,Medicine,Chemistry,58,W2021537613,Regulation of 3-Hydroxy-3-Methylglutaryl Coenzyme A Reductase Activity in Human Fibroblasts by Lipoproteins,W4299798924,Current topics in cellular regulation
prize_paper_references_citation_paper,Chemistry,Chemistry,Physical Sciences,Physical Sciences,Chemistry,Chemistry,617,W1988837171,THE LYMAN BANDS OF MOLECULAR HYDROGEN,W1993934179,The molecular spectrum of hydrogen and its isotopes
prize_paper_references_citation_paper,Chemistry,Earth and Planetary Sciences,Physical Sciences,Physical Sciences,Chemistry,Earth and Planetary Sciences,10,W1988837171,THE LYMAN BANDS OF MOLECULAR HYDROGEN,W2007178655,"The Resonance (<mml:math xmlns:mml=""http://www.w3.org/1998/Math/MathML"" display=""inline""><mml:mi>B</mml:mi><mml:mo>−</mml:mo><mml:mi>A</mml:mi></mml:math>) Band System of the Hydrogen Molecule"
prize_paper_references_citation_paper,Chemistry,Materials Science,Physical Sciences,Physical Sciences,Chemistry,Materials Science,46,W1988837171,THE LYMAN BANDS OF MOLECULAR HYDROGEN,W2029364969,Separation of Overlapping Orders of a Concave Grating Spectrograph in the Vacuum Ultraviolet Region
prize_paper_references_citation_paper,Chemistry,Engineering,Physical Sciences,Physical Sciences,Chemistry,Engineering,62,W1988837171,THE LYMAN BANDS OF MOLECULAR HYDROGEN,W2114947427,The Emission Spectrum of Molecular Hydrogen in the Extreme Ultraviolet
prize_paper_references_citation_paper,Chemistry,Computer Science,Physical Sciences,Physical Sciences,Chemistry,Computer Science,6,W1988837171,THE LYMAN BANDS OF MOLECULAR HYDROGEN,W2132229686,A Photoelectric Setting Device for a Spectrum Plate Comparator
citation_paper_cites_prize_paper,Immunology and Microbiology,Dentistry,Life Sciences,Health Sciences,Immunology and Microbiology,Dentistry,51,W2129319296,Defective LPS Signaling in C3H/HeJ and C57BL/10ScCr Mice: Mutations in <i>Tlr4</i> Gene,W2144345929,<i>P<scp>orphyromonas gingivalis</scp></i> L<scp>ipopolysaccharide</scp> S<scp>ignaling in</scp> G<scp>ingival</scp> F<scp>ibroblasts</scp>–CD14 <scp>and</scp> T<scp>oll-like</scp> R<scp>eceptors</scp>
citation_paper_cites_prize_paper,Immunology and Microbiology,Materials Science,Life Sciences,Physical Sciences,Immunology and Microbiology,Materials Science,38,W1977282539,Isolation of a T-Lymphotropic Retrovirus from a Patient at Risk for Acquired Immune Deficiency Syndrome (AIDS),W2178118169,Design and Synthesis of DiselenoBisBenzamides (DISeBAs) as Nucleocapsid Protein 7 (NCp7) Inhibitors with anti-HIV Activity
citation_paper_cites_prize_paper,Engineering,Energy,Physical Sciences,Physical Sciences,Engineering,Energy,32,W2115737236,Breaking the diffraction resolution limit by stimulated emission: stimulated-emission-depletion fluorescence microscopy,W2989859051,"Designing with Light: Advanced 2D, 3D, and 4D Materials"
citation_paper_cites_prize_paper,Engineering,Unknown Citation Field,Physical Sciences,Unknown Domain,Engineering,,197,W1566766802,Towards a network theory of the immune system.,W4253364378,Search Methodologies
citation_paper_cites_prize_paper,Earth and Planetary Sciences,Decision Sciences,Physical Sciences,Social Sciences,Earth and Planetary Sciences,Decision Sciences,42,W2085155384,On the relative motion of the Earth and the luminiferous ether,W1996877569,Précis of<i>The Rational Imagination: How People Create Alternatives to Reality</i>
citation_paper_cites_prize_paper,Agricultural and Biological Sciences,Mathematics,Life Sciences,Physical Sciences,Agricultural and Biological Sciences,Mathematics,17,W2006788765,A gene complex controlling segmentation in Drosophila,W2020580647,Development and Quantitative Genetics of Correlation Structure Among Body Parts of Drosophila melanogaster
citation_paper_cites_prize_paper,Nursing,Physics and Astronomy,Health Sciences,Physical Sciences,Nursing,Physics and Astronomy,8,W2414829511,The disulphide bonds of insulin,W2005126619,Physical and chemical studies on staphylococcal .alpha.-toxins A and B
citation_paper_cites_prize_paper,Unknown Nobel Field,Psychology,Unknown Domain,Social Sciences,,Psychology,15,W2260604921,"THE ACTION OF CERTAIN ESTERS AND ETHERS OF CHOLINE, AND THEIR RELATION TO MUSCARINE",W2399818212,"Signs of anxiety, rage, or distress."
citation_paper_cites_prize_paper,Neuroscience,Decision Sciences,Life Sciences,Social Sciences,Neuroscience,Decision Sciences,111,W1985940938,A quantitative description of membrane current and its application to conduction and excitation in nerve,W2762536588,A state estimation approach based on stochastic expansions
citation_paper_cites_prize_paper,Agricultural and Biological Sciences,Decision Sciences,Life Sciences,Social Sciences,Agricultural and Biological Sciences,Decision Sciences,20,W2012383467,A TRANSMISSIBLE AVIAN NEOPLASM. (SARCOMA OF THE COMMON FOWL.),W3092502038,"Las citas bibliográficas en la evaluación de la actividad científica: significado, consecuencias y un marco conceptual alternativo"
citation_paper_cites_prize_paper,Immunology and Microbiology,Mathematics,Life Sciences,Physical Sciences,Immunology and Microbiology,Mathematics,22,W2145049340,IDENTIFICATION OF A NOVEL CELL TYPE IN PERIPHERAL LYMPHOID ORGANS OF MICE,W3097680321,Analysis of tumor-immune dynamics in a delayed dendritic cell therapy model
citation_paper_cites_prize_paper,Engineering,Nursing,Physical Sciences,Health Sciences,Engineering,Nursing,25,W2115737236,Breaking the diffraction resolution limit by stimulated emission: stimulated-emission-depletion fluorescence microscopy,W2981100226,Correlating STED and synchrotron XRF nano-imaging unveils the co-segregation of metals and cytoskeleton proteins in dendrites
citation_paper_cites_prize_paper,Mathematics,Computer Science,Physical Sciences,Physical Sciences,Mathematics,Computer Science,65,W2248814689,Fine Structure of the Hydrogen Atom by a Microwave Method,W3106442932,Dynamical Lamb effect in a superconducting circuit
citation_paper_cites_prize_paper,Neuroscience,"Business, Management and Accounting",Life Sciences,Social Sciences,Neuroscience,"Business, Management and Accounting",32,W2097186487,A novel multigene family may encode odorant receptors: A molecular basis for odor recognition,W4240971779,Produktverpackung
citation_paper_cites_prize_paper,Earth and Planetary Sciences,Neuroscience,Physical Sciences,Life Sciences,Earth and Planetary Sciences,Neuroscience,37,W2085155384,On the relative motion of the Earth and the luminiferous ether,W4245773897,The Problem
citation_paper_cites_prize_paper,Computer Science,Mathematics,Physical Sciences,Physical Sciences,Computer Science,Mathematics,25,W2025623691,Quantum Rabi Oscillation: A Direct Test of Field Quantization in a Cavity,W2082262012,The Dicke model as the contraction limit of a pseudo-deformed Richardson-Gaudin model
citation_paper_cites_prize_paper,Decision Sciences,Physics and Astronomy,Social Sciences,Physical Sciences,Decision Sciences,Physics and Astronomy,22,W1975117866,"The Isolation of an Ion, a Precision Measurement of Its Charge, and the Correction of Stokes's Law",W3103356775,Measurement of the ratio <i>h</i> / <i>e</i> with a photomultiplier tube and a set of LEDs
citation_paper_cites_prize_paper,Agricultural and Biological Sciences,Dentistry,Life Sciences,Health Sciences,Agricultural and Biological Sciences,Dentistry,19,W2143107875,UNIDENTIFIED CURVED BACILLI IN THE STOMACH OF PATIENTS WITH GASTRITIS AND PEPTIC ULCERATION,W3203050314,Evidence‐Based Dentistry: Causation
citation_paper_cites_prize_paper,Agricultural and Biological Sciences,Computer Science,Life Sciences,Physical Sciences,Agricultural and Biological Sciences,Computer Science,52,W2026519705,The origin and behavior of mutable loci in maize,W2407628792,Range LCP Queries Revisited
citation_paper_cites_prize_paper,Arts and Humanities,"Economics, Econometrics and Finance",Social Sciences,Social Sciences,Arts and Humanities,"Economics, Econometrics and Finance",12,W2005886497,Über einen die Erzeugung und Verwandlung des Lichtes betreffenden heuristischen Gesichtspunkt,W3161896804,The Color of Money: Threshold Effects in Quantum Economics
citation_paper_cites_prize_paper,Chemistry,Dentistry,Physical Sciences,Health Sciences,Chemistry,Dentistry,30,W2045288781,Cyclic polyethers and their complexes with metal salts,W2011800360,Design of a new dental adhesive-Effect of a water-soluble sodium acylphosphine oxide with crown ether on adhesion to dental hard tissues
citation_paper_cites_prize_paper,Veterinary,Environmental Science,Health Sciences,Physical Sciences,Veterinary,Environmental Science,13,W2112130390,"Avermectins, New Family of Potent Anthelmintic Agents: Efficacy of the B <sub>1a</sub> Component",W2063898320,Studies on Lignocellulose Degradation by Rumen Microorganism
citation_paper_cites_prize_paper,Mathematics,Mathematics,Physical Sciences,Physical Sciences,Mathematics,Mathematics,36,W2248814689,Fine Structure of the Hydrogen Atom by a Microwave Method,W2781853536,The Lamb Shift Effect (on Series Limits) Revisited
citation_paper_cites_prize_paper,Mathematics,Neuroscience,Physical Sciences,Life Sciences,Mathematics,Neuroscience,7,W2248814689,Fine Structure of the Hydrogen Atom by a Microwave Method,W2988610889,Brain Research and Arbitrary Multiscale Quantum Uncertainty
citation_paper_cites_prize_paper,Materials Science,"Business, Management and Accounting",Physical Sciences,Social Sciences,Materials Science,"Business, Management and Accounting",23,W2058122340,Electric Field Effect in Atomically Thin Carbon Films,W3185501380,DESENVOLVIMENTO SUSTENTÁVEL: COMPORTAMENTO DE CONSUMO DE PRODUTOS SUSTENTÁVEIS
citation_paper_cites_prize_paper,Nursing,Immunology and Microbiology,Health Sciences,Life Sciences,Nursing,Immunology and Microbiology,16,W207049882,The antihaemorrhagic vitamin of the chick,W4220930984,Avian Hemostasis
citation_paper_cites_prize_paper,Materials Science,Unknown Citation Field,Physical Sciences,Unknown Domain,Materials Science,,170,W1993209440,Electrical Conductivity in Doped Polyacetylene,W4244823740,
citation_paper_cites_prize_paper,Earth and Planetary Sciences,Energy,Physical Sciences,Physical Sciences,Earth and Planetary Sciences,Energy,72,W2058179313,Stratospheric sink for chlorofluoromethanes: chlorine atom-catalysed destruction of ozone,W2588604921,Experimental study of a novel photovoltaic solar-assisted heat pump/loop heat-pipe (PV-SAHP/LHP) system
citation_paper_cites_prize_paper,Social Sciences,Chemistry,Social Sciences,Physical Sciences,Social Sciences,Chemistry,9,W1988813223,The Density of Lead from Ceylon Thorite,W2287998706,XCI. <i>Lead and the end product of thorium</i>. (Part I.)
citation_paper_cites_prize_paper,"Pharmacology, Toxicology and Pharmaceutics",Engineering,Life Sciences,Physical Sciences,"Pharmacology, Toxicology and Pharmaceutics",Engineering,34,W2090488193,FRACTIONATION OF MAMMALIAN LIVER CELLS BY DIFFERENTIAL CENTRIFUGATION,W83745703,Die submikroskopische Struktur des Cytoplasmas
citation_paper_cites_prize_paper,Immunology and Microbiology,Computer Science,Life Sciences,Physical Sciences,Immunology and Microbiology,Computer Science,44,W2074949244,Definition and Antagonism of Histamine H2-receptors,W2001415793,The Chemical Basis of Pharmacology
prize_paper_references_citation_paper,Earth and Planetary Sciences,Physics and Astronomy,Physical Sciences,Physical Sciences,Earth and Planetary Sciences,Physics and Astronomy,42,W1998450308,Intermolecular Potentials from Crossed Beam Differential Elastic Scattering Measurements. VII. para-H2+para-H2,W1608678166,The Intermolecular Potentials of Helium and Hydrogen
prize_paper_references_citation_paper,Earth and Planetary Sciences,Environmental Science,Physical Sciences,Physical Sciences,Earth and Planetary Sciences,Environmental Science,8,W1998450308,Intermolecular Potentials from Crossed Beam Differential Elastic Scattering Measurements. VII. para-H2+para-H2,W1671860850,<i>Molecular Theory of Gases and Liquids</i>
prize_paper_references_citation_paper,Earth and Planetary Sciences,Chemistry,Physical Sciences,Physical Sciences,Earth and Planetary Sciences,Chemistry,24,W1998450308,Intermolecular Potentials from Crossed Beam Differential Elastic Scattering Measurements. VII. para-H2+para-H2,W1967832469,Quantum Mechanics of the H2–H2 Interaction. V. The Importance of Intermolecular Charge-Transfer States
prize_paper_references_citation_paper,Earth and Planetary Sciences,Engineering,Physical Sciences,Physical Sciences,Earth and Planetary Sciences,Engineering,11,W1998450308,Intermolecular Potentials from Crossed Beam Differential Elastic Scattering Measurements. VII. para-H2+para-H2,W1969515592,The Lennard-Jones 6–12 potential parameters of H2 and D2
prize_paper_references_citation_paper,Earth and Planetary Sciences,Materials Science,Physical Sciences,Physical Sciences,Earth and Planetary Sciences,Materials Science,16,W1998450308,Intermolecular Potentials from Crossed Beam Differential Elastic Scattering Measurements. VII. para-H2+para-H2,W2002820839,Quantum Mechanics of the H2–H2 Interaction. I. A Restricted Valence-Bond Approach
prize_paper_references_citation_paper,Earth and Planetary Sciences,Mathematics,Physical Sciences,Physical Sciences,Earth and Planetary Sciences,Mathematics,1,W1998450308,Intermolecular Potentials from Crossed Beam Differential Elastic Scattering Measurements. VII. para-H2+para-H2,W2058991474,The viscosity and thermal conductivity of dilute gaseous hydrogen from 15 to 5000 K
prize_paper_references_citation_paper,Earth and Planetary Sciences,Earth and Planetary Sciences,Physical Sciences,Physical Sciences,Earth and Planetary Sciences,Earth and Planetary Sciences,33,W1998450308,Intermolecular Potentials from Crossed Beam Differential Elastic Scattering Measurements. VII. para-H2+para-H2,W2078664850,Intermolecular Potentials from Crossed Beam Differential Elastic Scattering Measurements. III. He+He and Ne+Ne
citation_paper_cites_prize_paper,Nursing,Agricultural and Biological Sciences,Health Sciences,Life Sciences,Nursing,Agricultural and Biological Sciences,89,W2000315362,Eine ergiebige Synthese der l‐Ascorbinsäure (C‐Vitamin),W2076780129,Ion implantation of organisms
citation_paper_cites_prize_paper,Chemical Engineering,"Pharmacology, Toxicology and Pharmaceutics",Physical Sciences,Life Sciences,Chemical Engineering,"Pharmacology, Toxicology and Pharmaceutics",6,W2036574905,Desoxy‐cortico‐steron (21‐Oxy‐progesteron) aus Δ<sup>5</sup>‐3‐Oxy‐ätio‐cholensäure,W2141480293,A Brief History of Great Discoveries in Pharmacology: In Celebration of the Centennial Anniversary of the Founding of the American Society of Pharmacology and Experimental Therapeutics
citation_paper_cites_prize_paper,Unknown Nobel Field,"Pharmacology, Toxicology and Pharmaceutics",Unknown Domain,Life Sciences,,"Pharmacology, Toxicology and Pharmaceutics",7,W2260604921,"THE ACTION OF CERTAIN ESTERS AND ETHERS OF CHOLINE, AND THEIR RELATION TO MUSCARINE",W2141480293,A Brief History of Great Discoveries in Pharmacology: In Celebration of the Centennial Anniversary of the Founding of the American Society of Pharmacology and Experimental Therapeutics
citation_paper_cites_prize_paper,Computer Science,Environmental Science,Physical Sciences,Physical Sciences,Computer Science,Environmental Science,15,W2059693774,A New Audiometer,W2087744862,Ontogenetic changes in the auditory sensitivity of damselfishes (pomacentridae)
citation_paper_cites_prize_paper,Veterinary,Psychology,Health Sciences,Social Sciences,Veterinary,Psychology,5,W2112130390,"Avermectins, New Family of Potent Anthelmintic Agents: Efficacy of the B <sub>1a</sub> Component",W1964364731,Avermectin B<sub>1a</sub> Modulation of γ‐Aminobutyric Acid Receptors in Rat Brain Membranes
citation_paper_cites_prize_paper,Chemical Engineering,"Biochemistry, Genetics and Molecular Biology",Physical Sciences,Life Sciences,Chemical Engineering,"Biochemistry, Genetics and Molecular Biology",71,W2036574905,Desoxy‐cortico‐steron (21‐Oxy‐progesteron) aus Δ<sup>5</sup>‐3‐Oxy‐ätio‐cholensäure,W2417733216,"Die C21-Steroide, ihr Verhalten im Organismus und Nachweis"
citation_paper_cites_prize_paper,Immunology and Microbiology,Arts and Humanities,Life Sciences,Social Sciences,Immunology and Microbiology,Arts and Humanities,54,W38403571,THE DISTRIBUTION OF CYTOCHROME OXIDASE AND SUCCINOXIDASE IN THE CYTOPLASM OF THE MAMMALIAN LIVER CELL,W2118343419,In Search of Mitochondrial Mechanisms: Interfield Excursions between Cell Biology and Biochemistry
citation_paper_cites_prize_paper,Unknown Nobel Field,Chemical Engineering,Unknown Domain,Physical Sciences,,Chemical Engineering,3,W1606860533,THE COAGULATION OF ALBUMEN BY PRESSURE,W2329225396,Laser-Assisted High-Pressure-Induced Polymerization of 2-(Hydroxyethyl)methacrylate
citation_paper_cites_prize_paper,Energy,Neuroscience,Physical Sciences,Life Sciences,Energy,Neuroscience,34,W1982444105,Genetic Control of Biochemical Reactions in Neurospora,W3147495168,A global search for novel transcription factors impacting the <i>Neurospora crassa</i> circadian clock
citation_paper_cites_prize_paper,Materials Science,Decision Sciences,Physical Sciences,Social Sciences,Materials Science,Decision Sciences,34,W2058122340,Electric Field Effect in Atomically Thin Carbon Films,W4303521010,Pulmonary hazard identifications of Graphene family nanomaterials: Adverse outcome pathways framework based on toxicity mechanisms
citation_paper_cites_prize_paper,Immunology and Microbiology,"Economics, Econometrics and Finance",Life Sciences,Social Sciences,Immunology and Microbiology,"Economics, Econometrics and Finance",28,W1977282539,Isolation of a T-Lymphotropic Retrovirus from a Patient at Risk for Acquired Immune Deficiency Syndrome (AIDS),W2314883872,The impact of HIV infection and AIDS on insurance in the United Kingdom
citation_paper_cites_prize_paper,Energy,Energy,Physical Sciences,Physical Sciences,Energy,Energy,53,W2608873142,Propriétés magnétiques des ferrites ; ferrimagnétisme et antiferromagnétisme,W2903134371,Zn<sup>2+</sup> Ion Surface Enrichment in Doped Iron Oxide Nanoparticles Leads to Charge Carrier Density Enhancement
citation_paper_cites_prize_paper,Physics and Astronomy,"Business, Management and Accounting",Physical Sciences,Social Sciences,Physics and Astronomy,"Business, Management and Accounting",87,W2031828766,Beweis des Adiabatensatzes,W3025178320,Network adiabatic theorem
citation_paper_cites_prize_paper,Unknown Nobel Field,Mathematics,Unknown Domain,Physical Sciences,,Mathematics,4,W2263240235,WEAK AND ELECTROMAGNETIC INTERACTIONS.,W2104870189,
citation_paper_cites_prize_paper,Immunology and Microbiology,Chemical Engineering,Life Sciences,Physical Sciences,Immunology and Microbiology,Chemical Engineering,5,W2129319296,Defective LPS Signaling in C3H/HeJ and C57BL/10ScCr Mice: Mutations in <i>Tlr4</i> Gene,W2442937378,Light-addressable potentiometric sensor (LAPS) combined with magnetic beads for pharmaceutical screening
citation_paper_cites_prize_paper,Chemistry,Veterinary,Physical Sciences,Health Sciences,Chemistry,Veterinary,26,W1987712838,PHARMACOLOGY OF A NEW ADRENERGIC BETA-RECEPTOR-BLOCKING COMPOUND (NETHALIDE),W1977430523,Effect of Adrenergic Blocking Agents on Sympathomimetic Amines Induced Hyperglycemia and Hyperlactacidemia
citation_paper_cites_prize_paper,Engineering,Psychology,Physical Sciences,Social Sciences,Engineering,Psychology,36,W2021432299,A Fluorimetric Method for the Determination of Dopamine (3‐Hydroxytyramine.),W1980077128,Drug induced facilitation of avoidance learning in isolated weanling rats
citation_paper_cites_prize_paper,Computer Science,Chemical Engineering,Physical Sciences,Physical Sciences,Computer Science,Chemical Engineering,9,W1652946403,Single photons on demand from a single molecule at room temperature,W2064114504,Dynamical Analysis of Triplet Lifetime of Single Molecules by a Photon Interdetection Time Analysis Method
citation_paper_cites_prize_paper,Energy,Unknown Citation Field,Physical Sciences,Unknown Domain,Energy,,23,W1982444105,Genetic Control of Biochemical Reactions in Neurospora,W1531707011,RECENT ADVANCES IN OUR KNOWLEDGE OF THE PHYSIOLOGY OF MICROÖRGANISMS
citation_paper_cites_prize_paper,Computer Science,Social Sciences,Physical Sciences,Social Sciences,Computer Science,Social Sciences,12,W2059693774,A New Audiometer,W2043378330,Auditory fatigue and occupational deafness
citation_paper_cites_prize_paper,Nursing,Materials Science,Health Sciences,Physical Sciences,Nursing,Materials Science,56,W2000315362,Eine ergiebige Synthese der l‐Ascorbinsäure (C‐Vitamin),W2056383986,Size-dependent growth kinetics of vitamin C crystals in water solutions of L(+)-ascorbic acid with the addition of methanol and ethanol
citation_paper_cites_prize_paper,Veterinary,"Biochemistry, Genetics and Molecular Biology",Health Sciences,Life Sciences,Veterinary,"Biochemistry, Genetics and Molecular Biology",31,W2112130390,"Avermectins, New Family of Potent Anthelmintic Agents: Efficacy of the B <sub>1a</sub> Component",W2086897678,"Preparation of [22,23‐<sup>3</sup>H<sub>2</sub>]‐dihydroavermectin B<sub>1</sub>a of high specific activity"
citation_paper_cites_prize_paper,Nursing,Arts and Humanities,Health Sciences,Social Sciences,Nursing,Arts and Humanities,9,W4244596985,Hexuronic Acid as the Antiscorbutic Factor,W2141213662,From ignose to hexuronic acid to vitamin C
citation_paper_cites_prize_paper,Materials Science,Nursing,Physical Sciences,Health Sciences,Materials Science,Nursing,60,W2037138473,CIS-TRANS ISOMERS OF VITAMIN A AND RETINENE IN THE RHODOPSIN SYSTEM,W2788006236,Insights on Localized and Systemic Delivery of Redox‐Based Therapeutics
citation_paper_cites_prize_paper,Agricultural and Biological Sciences,Chemical Engineering,Life Sciences,Physical Sciences,Agricultural and Biological Sciences,Chemical Engineering,8,W2143107875,UNIDENTIFIED CURVED BACILLI IN THE STOMACH OF PATIENTS WITH GASTRITIS AND PEPTIC ULCERATION,W2031363935,Simple and Fast Method for Fabrication of Endoscopic Implantable Sensor Arrays
citation_paper_cites_prize_paper,Chemical Engineering,Agricultural and Biological Sciences,Physical Sciences,Life Sciences,Chemical Engineering,Agricultural and Biological Sciences,7,W2148849027,Coil-stretch transition of dilute flexible polymers under ultrahigh velocity gradients,W3004390572,Capillary breakup and extensional rheology response of food thickener cellulose gum (NaCMC) in salt-free and excess salt solutions
citation_paper_cites_prize_paper,"Pharmacology, Toxicology and Pharmaceutics",Arts and Humanities,Life Sciences,Social Sciences,"Pharmacology, Toxicology and Pharmaceutics",Arts and Humanities,35,W1205458192,Tissue fractionation studies. 6. Intracellular distribution patterns of enzymes in rat-liver tissue,W3046714384,The cellular basis of reticulo‐endothelial stimulation
citation_paper_cites_prize_paper,Energy,Earth and Planetary Sciences,Physical Sciences,Physical Sciences,Energy,Earth and Planetary Sciences,14,W1982444105,Genetic Control of Biochemical Reactions in Neurospora,W3095276553,Surprisingly long survival of premature conclusions about naked mole‐rat biology
citation_paper_cites_prize_paper,Unknown Nobel Field,Unknown Citation Field,Unknown Domain,Unknown Domain,,,12,W1606860533,THE COAGULATION OF ALBUMEN BY PRESSURE,W21086221,THE PASSAGE OF PROTEIN MOLECULES THROUGH THE GLOMERULAR MEMBRANES
citation_paper_cites_prize_paper,"Pharmacology, Toxicology and Pharmaceutics",Materials Science,Life Sciences,Physical Sciences,"Pharmacology, Toxicology and Pharmaceutics",Materials Science,41,W1205458192,Tissue fractionation studies. 6. Intracellular distribution patterns of enzymes in rat-liver tissue,W2170457635,PURIFICATION OF GLUTARALDEHYDE ITS SIGNIFICANCE FOR PRESERVATION OF ACID PHOSPHATASE ACTIVITY
citation_paper_cites_prize_paper,"Pharmacology, Toxicology and Pharmaceutics",Nursing,Life Sciences,Health Sciences,"Pharmacology, Toxicology and Pharmaceutics",Nursing,77,W1205458192,Tissue fractionation studies. 6. Intracellular distribution patterns of enzymes in rat-liver tissue,W2039397629,Mammalian neuraminidase: Intracellular distribution and changes of enzyme activity during lactation
citation_paper_cites_prize_paper,Nursing,Environmental Science,Health Sciences,Physical Sciences,Nursing,Environmental Science,29,W2414829511,The disulphide bonds of insulin,W1968553877,Amino acid sequence of T2 phage lysozyme
citation_paper_cites_prize_paper,Computer Science,Unknown Citation Field,Physical Sciences,Unknown Domain,Computer Science,,22,W2059693774,A New Audiometer,W2325028310,LII Different Types and Degrees of Acoustic Trauma by Experimental Exposure of the Human and Animal Ear to Pure Tones and Noise
citation_paper_cites_prize_paper,Mathematics,Energy,Physical Sciences,Physical Sciences,Mathematics,Energy,10,W1996895697,Theory of the Variations in Paramagnetic Anisotropy Among Different Salts of the Iron Group,W1997896325,On the Energy Levels of Chrome Alum
citation_paper_cites_prize_paper,Immunology and Microbiology,Unknown Citation Field,Life Sciences,Unknown Domain,Immunology and Microbiology,,70,W2074949244,Definition and Antagonism of Histamine H2-receptors,W2062851921,IMMUNISATION AND COT DEATHS
citation_paper_cites_prize_paper,"Pharmacology, Toxicology and Pharmaceutics",Dentistry,Life Sciences,Health Sciences,"Pharmacology, Toxicology and Pharmaceutics",Dentistry,7,W1205458192,Tissue fractionation studies. 6. Intracellular distribution patterns of enzymes in rat-liver tissue,W1972666262,Wechselwirkungen silikogener st�ube mit lysosomen
citation_paper_cites_prize_paper,Engineering,Health Professions,Physical Sciences,Health Sciences,Engineering,Health Professions,23,W1983718136,Resonance Absorption by Nuclear Magnetic Moments in a Solid,W1684358304,
citation_paper_cites_prize_paper,Chemistry,Health Professions,Physical Sciences,Health Sciences,Chemistry,Health Professions,37,W1805515744,XXXVII. <i>On the constitution of atoms and molecules</i>,W2010666842,Social Philosophy and Oncology
citation_paper_cites_prize_paper,Chemical Engineering,Unknown Citation Field,Physical Sciences,Unknown Domain,Chemical Engineering,,11,W2036574905,Desoxy‐cortico‐steron (21‐Oxy‐progesteron) aus Δ<sup>5</sup>‐3‐Oxy‐ätio‐cholensäure,W2469041154,Foreword
citation_paper_cites_prize_paper,Physics and Astronomy,Health Professions,Physical Sciences,Health Sciences,Physics and Astronomy,Health Professions,62,W2073832139,Observational Evidence from Supernovae for an Accelerating Universe and a Cosmological Constant,W2964293951,CINTIA 2: uma hierarquia de redes neurais artificiais binárias para classificação inteligente de supernovas
citation_paper_cites_prize_paper,Energy,Social Sciences,Physical Sciences,Social Sciences,Energy,Social Sciences,29,W1982444105,Genetic Control of Biochemical Reactions in Neurospora,W4243379810,Question 9 Are there ways to customize displays and designate preferences? Can tracks or features be added to displays by users on the basis of their own research?
citation_paper_cites_prize_paper,"Pharmacology, Toxicology and Pharmaceutics",Chemical Engineering,Life Sciences,Physical Sciences,"Pharmacology, Toxicology and Pharmaceutics",Chemical Engineering,9,W1205458192,Tissue fractionation studies. 6. Intracellular distribution patterns of enzymes in rat-liver tissue,W4245607440,THE METABOLISM OF THE POLYPHOSPHOINOSITIDES IN KIDNEY: STUDIES ON THE PHOSPHATIDYLINOSITOL KINASE
citation_paper_cites_prize_paper,Arts and Humanities,Earth and Planetary Sciences,Social Sciences,Physical Sciences,Arts and Humanities,Earth and Planetary Sciences,26,W2051374510,CXVII. <i>The total reflexion of X-rays</i>,W4406592078,Neutron and X-ray Reflectometry and Grazing Incidence Scattering
citation_paper_cites_prize_paper,Materials Science,Dentistry,Physical Sciences,Health Sciences,Materials Science,Dentistry,14,W2050833490,XL. <i>Cathode Rays</i>,W4408371521,Prerequisites for the Irradiation of Materials
prize_paper_references_citation_paper,Medicine,Veterinary,Health Sciences,Health Sciences,Medicine,Veterinary,11,W2021403302,An enzyme isolated from arteries transforms prostaglandin endoperoxides to an unstable substance that inhibits platelet aggregation,W1983808715,Prostaglandins released by the Spleen
prize_paper_references_citation_paper,Medicine,Physics and Astronomy,Health Sciences,Physical Sciences,Medicine,Physics and Astronomy,16,W2021403302,An enzyme isolated from arteries transforms prostaglandin endoperoxides to an unstable substance that inhibits platelet aggregation,W2087630352,Quarks in the early Universe
citation_paper_cites_prize_paper,Neuroscience,Dentistry,Life Sciences,Health Sciences,Neuroscience,Dentistry,31,W2009667219,Improved patch-clamp techniques for high-resolution current recording from cells and cell-free membrane patches,W2341389962,High pH–Sensitive TRPA1 Activation in Odontoblasts Regulates Mineralization
citation_paper_cites_prize_paper,Earth and Planetary Sciences,Nursing,Physical Sciences,Health Sciences,Earth and Planetary Sciences,Nursing,5,W2058179313,Stratospheric sink for chlorofluoromethanes: chlorine atom-catalysed destruction of ozone,W4393991653,Reply on RC2
citation_paper_cites_prize_paper,Energy,Computer Science,Physical Sciences,Physical Sciences,Energy,Computer Science,11,W2608873142,Propriétés magnétiques des ferrites ; ferrimagnétisme et antiferromagnétisme,W4402164653,Utilizing Quantum Processor for the Analysis of Strongly Correlated Materials
citation_paper_cites_prize_paper,Chemistry,Decision Sciences,Physical Sciences,Social Sciences,Chemistry,Decision Sciences,62,W4213345972,Infrared and Optical Masers,W4402268736,Quantifying Uncertainty for a Bayesian Laser Phase Noise Measurement Method
citation_paper_cites_prize_paper,Engineering,Dentistry,Physical Sciences,Health Sciences,Engineering,Dentistry,11,W1983718136,Resonance Absorption by Nuclear Magnetic Moments in a Solid,W4403538049,An Overview of 3D Craniofacial Imaging
citation_paper_cites_prize_paper,Earth and Planetary Sciences,Dentistry,Physical Sciences,Health Sciences,Earth and Planetary Sciences,Dentistry,2,W2037363234,A New Method of Measuring Nuclear Magnetic Moment,W4403538049,An Overview of 3D Craniofacial Imaging
citation_paper_cites_prize_paper,Agricultural and Biological Sciences,Energy,Life Sciences,Physical Sciences,Agricultural and Biological Sciences,Energy,14,W1988811508,The path of carbon in photosynthesis. V. Paper chromatography and radioautography of the products,W2188851718,Glycolate Metabolism and Excretion by
citation_paper_cites_prize_paper,Unknown Nobel Field,Dentistry,Unknown Domain,Health Sciences,,Dentistry,1,W2260604921,"THE ACTION OF CERTAIN ESTERS AND ETHERS OF CHOLINE, AND THEIR RELATION TO MUSCARINE",W4234229193,Miotics
citation_paper_cites_prize_paper,Nursing,Unknown Citation Field,Health Sciences,Unknown Domain,Nursing,,20,W2414829511,The disulphide bonds of insulin,W4323794444,Dedication
prize_paper_references_citation_paper,Chemistry,Medicine,Physical Sciences,Health Sciences,Chemistry,Medicine,33,W2009828525,Description of steric relationships across single bonds,W2131650259,"Die Strukturen der mittleren Ringverbindungen. X. 1, 6‐<i>trans</i>‐Diaminocyclodecan‐dihydrochlorid, monokline Modifikation"
citation_paper_cites_prize_paper,Arts and Humanities,Immunology and Microbiology,Social Sciences,Life Sciences,Arts and Humanities,Immunology and Microbiology,3,W2005886497,Über einen die Erzeugung und Verwandlung des Lichtes betreffenden heuristischen Gesichtspunkt,W4286768821,Alexander von Humboldt—Dilettante of Natural History or Oracle of Modern Science?
citation_paper_cites_prize_paper,Earth and Planetary Sciences,Psychology,Physical Sciences,Social Sciences,Earth and Planetary Sciences,Psychology,28,W2058179313,Stratospheric sink for chlorofluoromethanes: chlorine atom-catalysed destruction of ozone,W4313342274,Scale as Size in Space
citation_paper_cites_prize_paper,Unknown Nobel Field,Nursing,Unknown Domain,Health Sciences,,Nursing,6,W1606860533,THE COAGULATION OF ALBUMEN BY PRESSURE,W2115562,The Effects of High Pressure on Biomaterials
citation_paper_cites_prize_paper,Mathematics,Chemical Engineering,Physical Sciences,Physical Sciences,Mathematics,Chemical Engineering,7,W1996895697,Theory of the Variations in Paramagnetic Anisotropy Among Different Salts of the Iron Group,W2067223055,The effect of axial ligand fields on ground state properties of complexes with orbitally degenerate ground terms
citation_paper_cites_prize_paper,Nursing,Health Professions,Health Sciences,Health Sciences,Nursing,Health Professions,7,W2414829511,The disulphide bonds of insulin,W4220682506,‘Don’t You Want Cheap Insulin?’
citation_paper_cites_prize_paper,Nursing,Neuroscience,Health Sciences,Life Sciences,Nursing,Neuroscience,23,W2414829511,The disulphide bonds of insulin,W4220870352,Thick Brown Muck
citation_paper_cites_prize_paper,Materials Science,"Economics, Econometrics and Finance",Physical Sciences,Social Sciences,Materials Science,"Economics, Econometrics and Finance",21,W1988619801,Metallic Phase with Long-Range Orientational Order and No Translational Symmetry,W2220542694,Technologiefrühaufklärung im Verteidigungsbereich
citation_paper_cites_prize_paper,Unknown Nobel Field,Engineering,Unknown Domain,Physical Sciences,,Engineering,26,W2263240235,WEAK AND ELECTROMAGNETIC INTERACTIONS.,W2223393906,HARP targets pion production cross section and yield measurements. Implications for MiniBooNE neutrino flux
citation_paper_cites_prize_paper,"Pharmacology, Toxicology and Pharmaceutics",Social Sciences,Life Sciences,Social Sciences,"Pharmacology, Toxicology and Pharmaceutics",Social Sciences,3,W2090488193,FRACTIONATION OF MAMMALIAN LIVER CELLS BY DIFFERENTIAL CENTRIFUGATION,W2492747347,A short historical survey
citation_paper_cites_prize_paper,Chemistry,"Economics, Econometrics and Finance",Physical Sciences,Social Sciences,Chemistry,"Economics, Econometrics and Finance",30,W1987712838,PHARMACOLOGY OF A NEW ADRENERGIC BETA-RECEPTOR-BLOCKING COMPOUND (NETHALIDE),W4301620519,The Scientific Basis for the Use of Drugs in Cardiovascular Disease
citation_paper_cites_prize_paper,Energy,Nursing,Physical Sciences,Health Sciences,Energy,Nursing,9,W1982444105,Genetic Control of Biochemical Reactions in Neurospora,W2063170309,Losing and finding a way at C: New promise for pharmacologic ascorbate in cancer treatment
citation_paper_cites_prize_paper,Nursing,Energy,Health Sciences,Physical Sciences,Nursing,Energy,11,W2000315362,Eine ergiebige Synthese der l‐Ascorbinsäure (C‐Vitamin),W1970571467,"Extracellular production of L -ascorbic acid by Chlorella protothecoides , Prototheca species, and mutants of P. moriformis during aerobic culturing at low pH"
citation_paper_cites_prize_paper,Medicine,"Business, Management and Accounting",Health Sciences,Social Sciences,Medicine,"Business, Management and Accounting",43,W2082909688,"Avermectins, New Family of Potent Anthelmintic Agents: Producing Organism and Fermentation",W2489388371,Doing well while fighting river blindness: the alignment of a corporate drug donation programme with responsibilities to shareholders
citation_paper_cites_prize_paper,Engineering,Veterinary,Physical Sciences,Health Sciences,Engineering,Veterinary,7,W1566766802,Towards a network theory of the immune system.,W2005258172,Immunological response in mice after long-term stimulation with cell wall antigens from Brucella melitensis
citation_paper_cites_prize_paper,Unknown Nobel Field,Arts and Humanities,Unknown Domain,Social Sciences,,Arts and Humanities,8,W2260604921,"THE ACTION OF CERTAIN ESTERS AND ETHERS OF CHOLINE, AND THEIR RELATION TO MUSCARINE",W2042564200,The history of neuromuscular blocking agents
citation_paper_cites_prize_paper,Immunology and Microbiology,"Business, Management and Accounting",Life Sciences,Social Sciences,Immunology and Microbiology,"Business, Management and Accounting",27,W1977282539,Isolation of a T-Lymphotropic Retrovirus from a Patient at Risk for Acquired Immune Deficiency Syndrome (AIDS),W80430603,Risk of AIDS for recipients of blood components from donors who subsequently developed AIDS
citation_paper_cites_prize_paper,"Pharmacology, Toxicology and Pharmaceutics",Psychology,Life Sciences,Social Sciences,"Pharmacology, Toxicology and Pharmaceutics",Psychology,2,W1205458192,Tissue fractionation studies. 6. Intracellular distribution patterns of enzymes in rat-liver tissue,W2036529425,Localization of the Oxytocin Receptor in the Plasma Membrane of Rat Myometrium
prize_paper_references_citation_paper,Medicine,Unknown Citation Field,Health Sciences,Unknown Domain,Medicine,,7,W1985774274,Restriction of in vitro T cell-mediated cytotoxicity in lymphocytic choriomeningitis within a syngeneic or semiallogeneic system,W4231870994,Introduction
prize_paper_references_citation_paper,"Biochemistry, Genetics and Molecular Biology",Physics and Astronomy,Life Sciences,Physical Sciences,"Biochemistry, Genetics and Molecular Biology",Physics and Astronomy,34,W2092617311,Structure of Functionally Activated Small Ribosomal Subunit at 3.3 Å Resolution,W1999590520,Efficient anisotropic refinement of macromolecular structures using FFT
prize_paper_references_citation_paper,"Biochemistry, Genetics and Molecular Biology",Energy,Life Sciences,Physical Sciences,"Biochemistry, Genetics and Molecular Biology",Energy,2,W1488248212,Three-dimensional crystals of a membrane protein complex,W1007535668,"[16] The photochemical reaction center of the bacteriochlorophyll b-containing organism, rhodopseudomonas viridis"
prize_paper_references_citation_paper,Physics and Astronomy,Earth and Planetary Sciences,Physical Sciences,Physical Sciences,Physics and Astronomy,Earth and Planetary Sciences,33,W2065464894,Normal Modes of Germanium by Neutron Spectrometry,W1980536058,Normal Modes of Aluminum by Neutron Spectrometry
prize_paper_references_citation_paper,Physics and Astronomy,Materials Science,Physical Sciences,Physical Sciences,Physics and Astronomy,Materials Science,149,W2065464894,Normal Modes of Germanium by Neutron Spectrometry,W1995018994,Theoretical Investigation of the Electronic Energy Band Structure of Solids
prize_paper_references_citation_paper,Arts and Humanities,Chemistry,Social Sciences,Physical Sciences,Arts and Humanities,Chemistry,9,W2060222759,LXXIII. <i>On the constitution of atoms and molecules</i>,W1703910647,I. <i>On the constitution of atoms and molecules</i>
prize_paper_references_citation_paper,Arts and Humanities,Earth and Planetary Sciences,Social Sciences,Physical Sciences,Arts and Humanities,Earth and Planetary Sciences,1,W2060222759,LXXIII. <i>On the constitution of atoms and molecules</i>,W2007326290,"On the refraction and dispersion of air, oxygen, nitrogen, and hydrogen, and their relations"
prize_paper_references_citation_paper,Arts and Humanities,Energy,Social Sciences,Physical Sciences,Arts and Humanities,Energy,1,W2060222759,LXXIII. <i>On the constitution of atoms and molecules</i>,W2323797248,THE DISSOCIATION OF HYDROGEN INTO ATOMS.<sup>1</sup>
citation_paper_cites_prize_paper,Unknown Nobel Field,Immunology and Microbiology,Unknown Domain,Life Sciences,,Immunology and Microbiology,5,W2260604921,"THE ACTION OF CERTAIN ESTERS AND ETHERS OF CHOLINE, AND THEIR RELATION TO MUSCARINE",W1654828326,A constitutively active G protein-coupled acetylcholine receptor regulates motility of larval Schistosoma mansoni
citation_paper_cites_prize_paper,Arts and Humanities,Decision Sciences,Social Sciences,Social Sciences,Arts and Humanities,Decision Sciences,22,W2005886497,Über einen die Erzeugung und Verwandlung des Lichtes betreffenden heuristischen Gesichtspunkt,W2232112412,Introducing CitedReferencesExplorer (CRExplorer): A program for reference publication year spectroscopy with cited references standardization
citation_paper_cites_prize_paper,Mathematics,Medicine,Physical Sciences,Health Sciences,Mathematics,Medicine,13,W1996895697,Theory of the Variations in Paramagnetic Anisotropy Among Different Salts of the Iron Group,W1983198915,Semi-empirical evaluations of the racahB andC parameters from the crystal field spectra of chromium(III) complexes
citation_paper_cites_prize_paper,Unknown Nobel Field,Social Sciences,Unknown Domain,Social Sciences,,Social Sciences,5,W1785442005,Aus dem Leben der Bienen,W2470600337,Keineswegs
citation_paper_cites_prize_paper,Chemical Engineering,Social Sciences,Physical Sciences,Social Sciences,Chemical Engineering,Social Sciences,4,W2148849027,Coil-stretch transition of dilute flexible polymers under ultrahigh velocity gradients,W2171216275,Tortured Chains: An Introduction
citation_paper_cites_prize_paper,"Pharmacology, Toxicology and Pharmaceutics",Veterinary,Life Sciences,Health Sciences,"Pharmacology, Toxicology and Pharmaceutics",Veterinary,5,W1205458192,Tissue fractionation studies. 6. Intracellular distribution patterns of enzymes in rat-liver tissue,W2153054623,Histochemical studies of glycosidase activity in juveniles and adults of the lung fluke <i>Paragonimus</i>
citation_paper_cites_prize_paper,Unknown Nobel Field,"Economics, Econometrics and Finance",Unknown Domain,Social Sciences,,"Economics, Econometrics and Finance",1,W1606860533,THE COAGULATION OF ALBUMEN BY PRESSURE,W2005891445,Apports des hautes pressions aux sciences pharmaceutiques et médicales
citation_paper_cites_prize_paper,Immunology and Microbiology,Energy,Life Sciences,Physical Sciences,Immunology and Microbiology,Energy,3,W4251924440,The role of the reticuloendothelial system in the host reaction to neoplasia,W2066814555,"Augmentation of antitumor resistance by a strain of unicellular green algae, Chlorella vulgaris"
citation_paper_cites_prize_paper,Energy,Immunology and Microbiology,Physical Sciences,Life Sciences,Energy,Immunology and Microbiology,6,W1982444105,Genetic Control of Biochemical Reactions in Neurospora,W1548124928,Immunoglobulin structure and genetics. Identity between variable regions of a mu and a gamma2 chain.
citation_paper_cites_prize_paper,Psychology,Arts and Humanities,Social Sciences,Social Sciences,Psychology,Arts and Humanities,6,W2068610106,PREFRONTAL LEUCOTOMY IN THE TREATMENT OF MENTAL DISORDERS,W4405067679,The history of lobotomy as a neuropsychiatric intervention in Brazil - a case report of a geriatric patient
citation_paper_cites_prize_paper,Decision Sciences,Arts and Humanities,Social Sciences,Social Sciences,Decision Sciences,Arts and Humanities,15,W1975117866,"The Isolation of an Ion, a Precision Measurement of Its Charge, and the Correction of Stokes's Law",W4307166952,Robert Millikan and His Role in the Birth of Modern Radio Tubes
citation_paper_cites_prize_paper,Decision Sciences,Chemistry,Social Sciences,Physical Sciences,Decision Sciences,Chemistry,8,W1975117866,"The Isolation of an Ion, a Precision Measurement of Its Charge, and the Correction of Stokes's Law",W1975273668,Die Existenz eines Subelektrons?
citation_paper_cites_prize_paper,Energy,Psychology,Physical Sciences,Social Sciences,Energy,Psychology,10,W1982444105,Genetic Control of Biochemical Reactions in Neurospora,W1981637896,"Joshua Lederberg, PhD: Nobel Laureate, Geneticist, and President Emeritus of the Rockefeller University"
citation_paper_cites_prize_paper,Earth and Planetary Sciences,Immunology and Microbiology,Physical Sciences,Life Sciences,Earth and Planetary Sciences,Immunology and Microbiology,2,W2013668561,Age Determination by Radiocarbon Content: World-Wide Assay of Natural Radiocarbon,W2133090002,Cold War Battle Against Hot Atherosclerotic Plaques
citation_paper_cites_prize_paper,"Pharmacology, Toxicology and Pharmaceutics",Unknown Citation Field,Life Sciences,Unknown Domain,"Pharmacology, Toxicology and Pharmaceutics",,21,W2328964470,"<b>Stable Carbonium Ions. II.</b><sup>1a</sup> <b>Oxocarbonium</b><sup>1b</sup> <b>(Acylium) Tetrafluoroborates, Hexafluorophosphates, Hexafluoroantimonates and Hexafluoroarsenates. Structure and Chemical Reactivity of Acyl Fluoride: Lewis Acid Fluoride Complexes</b><sup>1c</sup>",W1946773786,New results about cationic grafting
citation_paper_cites_prize_paper,Engineering,Decision Sciences,Physical Sciences,Social Sciences,Engineering,Decision Sciences,48,W2329751713,"THE ULTRA-CENTRIFUGE, A NEW INSTRUMENT FOR THE DETERMINATION OF SIZE AND DISTRIBUTION OF SIZE OF PARTICLE IN AMICROSCOPIC COLLOIDS",W4234659642,Analytical centrifugation
citation_paper_cites_prize_paper,"Pharmacology, Toxicology and Pharmaceutics",Earth and Planetary Sciences,Life Sciences,Physical Sciences,"Pharmacology, Toxicology and Pharmaceutics",Earth and Planetary Sciences,6,W1205458192,Tissue fractionation studies. 6. Intracellular distribution patterns of enzymes in rat-liver tissue,W2018206484,Alterations in Activity of Phosphatases during the <i>Peridinium</i> Bloom in Lake Kinneret
citation_paper_cites_prize_paper,Decision Sciences,Environmental Science,Social Sciences,Physical Sciences,Decision Sciences,Environmental Science,7,W1975117866,"The Isolation of an Ion, a Precision Measurement of Its Charge, and the Correction of Stokes's Law",W2525462319,Enhanced Growth of Single Droplet by Control of Equivalent Charge on Droplet
citation_paper_cites_prize_paper,Energy,Chemical Engineering,Physical Sciences,Physical Sciences,Energy,Chemical Engineering,3,W2608873142,Propriétés magnétiques des ferrites ; ferrimagnétisme et antiferromagnétisme,W3199468212,"Interlayer exchange interaction driven topological phase transition in antiferromagnetic electride <mml:math xmlns:mml=""http://www.w3.org/1998/Math/MathML""><mml:mrow><mml:msub><mml:mi>Gd</mml:mi><mml:mn>2</mml:mn></mml:msub><mml:mi mathvariant=""normal"">O</mml:mi></mml:mrow></mml:math>"
citation_paper_cites_prize_paper,"Pharmacology, Toxicology and Pharmaceutics",Energy,Life Sciences,Physical Sciences,"Pharmacology, Toxicology and Pharmaceutics",Energy,14,W1205458192,Tissue fractionation studies. 6. Intracellular distribution patterns of enzymes in rat-liver tissue,W2018204939,Preparation and characterization of subcellular fractions suitable for studies of xenobiotic metabolism from leaf sheaths of a marine seagrass: Posidonia oceanica (Linnaeus) Delile
citation_paper_cites_prize_paper,Veterinary,Engineering,Health Sciences,Physical Sciences,Veterinary,Engineering,1,W2112130390,"Avermectins, New Family of Potent Anthelmintic Agents: Efficacy of the B <sub>1a</sub> Component",W2050574958,Microbial conversion of avermectins by Saccharopolyspora erythraea: glycosylation at C-4' and C-4''
citation_paper_cites_prize_paper,Physics and Astronomy,Veterinary,Physical Sciences,Health Sciences,Physics and Astronomy,Veterinary,7,W2106081526,Quantal components of the end‐plate potential,W2442777468,Osmolarity of urine from renal pelvis and bladder of foetal and post-natal pigs.
citation_paper_cites_prize_paper,Unknown Nobel Field,Computer Science,Unknown Domain,Physical Sciences,,Computer Science,7,W1785442005,Aus dem Leben der Bienen,W29519191,On the Evolution of Cognitive Processes and Performances
citation_paper_cites_prize_paper,Social Sciences,Materials Science,Social Sciences,Physical Sciences,Social Sciences,Materials Science,1,W1988813223,The Density of Lead from Ceylon Thorite,W2766419099,Lost Elements: The All-American Errors
prize_paper_references_citation_paper,Neuroscience,Neuroscience,Life Sciences,Life Sciences,Neuroscience,Neuroscience,185,W1870538900,SINGLE-CELL RESPONSES IN STRIATE CORTEX OF KITTENS DEPRIVED OF VISION IN ONE EYE,W1839558765,EFFECTS OF VISUAL DEPRIVATION ON MORPHOLOGY AND PHYSIOLOGY OF CELLS IN THE CAT'S LATERAL GENICULATE BODY
prize_paper_references_citation_paper,Neuroscience,Psychology,Life Sciences,Social Sciences,Neuroscience,Psychology,6,W1870538900,SINGLE-CELL RESPONSES IN STRIATE CORTEX OF KITTENS DEPRIVED OF VISION IN ONE EYE,W2047148105,Interocular transfer of learning in visually naive and experienced infant chimpanzees.
prize_paper_references_citation_paper,Neuroscience,Agricultural and Biological Sciences,Life Sciences,Life Sciences,Neuroscience,Agricultural and Biological Sciences,22,W1870538900,SINGLE-CELL RESPONSES IN STRIATE CORTEX OF KITTENS DEPRIVED OF VISION IN ONE EYE,W2564346374,EFFECT OF TOTAL ABSENCE OF FUNCTION ON THE OPTIC SYSTEM OF RABBITS
prize_paper_references_citation_paper,Physics and Astronomy,Medicine,Physical Sciences,Health Sciences,Physics and Astronomy,Medicine,27,W2106081526,Quantal components of the end‐plate potential,W2032567506,The effect of sodium ions on neuromuscular transmission
prize_paper_references_citation_paper,Physics and Astronomy,Neuroscience,Physical Sciences,Life Sciences,Physics and Astronomy,Neuroscience,5,W2106081526,Quantal components of the end‐plate potential,W2091229028,Chemo-Receptor Activity at the Motor End-Plate
prize_paper_references_citation_paper,Physics and Astronomy,"Pharmacology, Toxicology and Pharmaceutics",Physical Sciences,Life Sciences,Physics and Astronomy,"Pharmacology, Toxicology and Pharmaceutics",5,W2106081526,Quantal components of the end‐plate potential,W2104896617,The nature of the neuromuscular block produced by magnesium
prize_paper_references_citation_paper,"Biochemistry, Genetics and Molecular Biology",Computer Science,Life Sciences,Physical Sciences,"Biochemistry, Genetics and Molecular Biology",Computer Science,10,W2102492718,Spontaneous subthreshold activity at motor nerve endings,W2045692659,A theory of valve and circuit noise
prize_paper_references_citation_paper,Engineering,Medicine,Physical Sciences,Health Sciences,Engineering,Medicine,12,W2036078488,"Near-Field Optics: Microscopy, Spectroscopy, and Surface Modification Beyond the Diffraction Limit",W1635863007,X-Ray Microscopy II
prize_paper_references_citation_paper,Engineering,Engineering,Physical Sciences,Physical Sciences,Engineering,Engineering,137,W2036078488,"Near-Field Optics: Microscopy, Spectroscopy, and Surface Modification Beyond the Diffraction Limit",W1680840469,Near Field Scanning Optical Microscopy (NSOM)
prize_paper_references_citation_paper,Engineering,Physics and Astronomy,Physical Sciences,Physical Sciences,Engineering,Physics and Astronomy,65,W2036078488,"Near-Field Optics: Microscopy, Spectroscopy, and Surface Modification Beyond the Diffraction Limit",W1979815857,Single-tube three-dimensional scanner for scanning tunneling microscopy
prize_paper_references_citation_paper,Engineering,Computer Science,Physical Sciences,Physical Sciences,Engineering,Computer Science,5,W2036078488,"Near-Field Optics: Microscopy, Spectroscopy, and Surface Modification Beyond the Diffraction Limit",W2005121095,On magic labelings of honeycomb
prize_paper_references_citation_paper,Engineering,Materials Science,Physical Sciences,Physical Sciences,Engineering,Materials Science,17,W2036078488,"Near-Field Optics: Microscopy, Spectroscopy, and Surface Modification Beyond the Diffraction Limit",W2026153385,"The enhancement of Raman scattering, resonance Raman scattering, and fluorescence from molecules adsorbed on a rough silver surface"
prize_paper_references_citation_paper,Engineering,Unknown Citation Field,Physical Sciences,Unknown Domain,Engineering,,8,W2036078488,"Near-Field Optics: Microscopy, Spectroscopy, and Surface Modification Beyond the Diffraction Limit",W2042320308,The Man Who Dared to Think Small
prize_paper_references_citation_paper,Engineering,"Biochemistry, Genetics and Molecular Biology",Physical Sciences,Life Sciences,Engineering,"Biochemistry, Genetics and Molecular Biology",24,W2036078488,"Near-Field Optics: Microscopy, Spectroscopy, and Surface Modification Beyond the Diffraction Limit",W2053413122,Interphase and Metaphase Resolution of Different Distances Within the Human Dystrophin Gene
prize_paper_references_citation_paper,Engineering,Arts and Humanities,Physical Sciences,Social Sciences,Engineering,Arts and Humanities,6,W2036078488,"Near-Field Optics: Microscopy, Spectroscopy, and Surface Modification Beyond the Diffraction Limit",W2073974156,XXXVIII.<i>A suggested method for extending microscopic resolution into the ultra-microscopic region</i>
prize_paper_references_citation_paper,Engineering,Social Sciences,Physical Sciences,Social Sciences,Engineering,Social Sciences,1,W2036078488,"Near-Field Optics: Microscopy, Spectroscopy, and Surface Modification Beyond the Diffraction Limit",W4251503730,Strafferettslig samtykke
prize_paper_references_citation_paper,Chemistry,Environmental Science,Physical Sciences,Physical Sciences,Chemistry,Environmental Science,18,W1992787746,Einfluss der Configuration auf die Wirkung der Enzyme,W1995451490,Ueber die Glucoside der Alkohole
prize_paper_references_citation_paper,Chemistry,Nursing,Physical Sciences,Health Sciences,Chemistry,Nursing,11,W1992787746,Einfluss der Configuration auf die Wirkung der Enzyme,W2031552405,Zur Kenntniss der Glucase
prize_paper_references_citation_paper,Engineering,Chemistry,Physical Sciences,Physical Sciences,Engineering,Chemistry,15,W2085189255,Single Molecules Observed by Near-Field Scanning Optical Microscopy,W1998001177,Single pentacene molecules detected by fluorescence excitation in a<i>p</i>-terphenyl crystal
prize_paper_references_citation_paper,Medicine,Chemical Engineering,Health Sciences,Physical Sciences,Medicine,Chemical Engineering,3,W1992718978,Endothelium-derived relaxing factor from pulmonary artery and vein possesses pharmacologic and chemical properties identical to those of nitric oxide radical.,W2073087436,Determination of the Oil/ Water Distribution Coefficients of Glyceryl Trinitrate and Two Similar Nitrate Esters
prize_paper_references_citation_paper,Neuroscience,Engineering,Life Sciences,Physical Sciences,Neuroscience,Engineering,20,W2073929966,Cholinergic and inhibitory synapses in a pathway from motor‐axon collaterals to motoneurones,W1969954889,Spinal cord potentials generated by volleys in the large muscle afferents
prize_paper_references_citation_paper,Neuroscience,Veterinary,Life Sciences,Health Sciences,Neuroscience,Veterinary,2,W2073929966,Cholinergic and inhibitory synapses in a pathway from motor‐axon collaterals to motoneurones,W2031675358,"Morphologie der spinalen Tibialis- und Peronaeus-Kerne bei der Katze: Topographie, Architektonik, Axon- und Dendritenverlauf der Motoneurone und Zwischenneurone in den Segmenten L6-S2"
prize_paper_references_citation_paper,Neuroscience,Nursing,Life Sciences,Health Sciences,Neuroscience,Nursing,3,W2073929966,Cholinergic and inhibitory synapses in a pathway from motor‐axon collaterals to motoneurones,W2044713185,An investigation of primary or direct inhibition
prize_paper_references_citation_paper,Neuroscience,Materials Science,Life Sciences,Physical Sciences,Neuroscience,Materials Science,9,W2073929966,Cholinergic and inhibitory synapses in a pathway from motor‐axon collaterals to motoneurones,W2166953906,The action of eserine‐like and curare‐like substances on the responses of frog's nerve‐muscle preparations to repetitive stimulation
prize_paper_references_citation_paper,Medicine,Engineering,Health Sciences,Physical Sciences,Medicine,Engineering,25,W2038162697,FURTHER OBSERVATIONS ON PENICILLIN,W1965906749,Morphological Effects of Penicillin on Bacteria
prize_paper_references_citation_paper,Medicine,Health Professions,Health Sciences,Health Sciences,Medicine,Health Professions,3,W2038162697,FURTHER OBSERVATIONS ON PENICILLIN,W2079390647,The Association and Medical Defence
prize_paper_references_citation_paper,Medicine,Nursing,Health Sciences,Health Sciences,Medicine,Nursing,1,W2038162697,FURTHER OBSERVATIONS ON PENICILLIN,W2140339902,ALUMINUM PHOSPHATE IN THE THERAPY OF PEPTIC ULCER
prize_paper_references_citation_paper,"Biochemistry, Genetics and Molecular Biology",Nursing,Life Sciences,Health Sciences,"Biochemistry, Genetics and Molecular Biology",Nursing,15,W1966446749,Secretion and cell-surface growth are blocked in a temperature-sensitive mutant of <i>Saccharomyces cerevisiae</i>,W1975305752,Subcellular distribution of yeast invertase isoenzymes
prize_paper_references_citation_paper,Physics and Astronomy,Unknown Citation Field,Physical Sciences,Unknown Domain,Physics and Astronomy,,60,W1966701000,Location of Energy Barriers. I. Effect on the Dynamics of Reactions A + BC,W2068861696,
prize_paper_references_citation_paper,Physics and Astronomy,Environmental Science,Physical Sciences,Physical Sciences,Physics and Astronomy,Environmental Science,6,W1966701000,Location of Energy Barriers. I. Effect on the Dynamics of Reactions A + BC,W2082812804,Generalization of the Activated Complex Theory of Reaction Rates. II. Classical Mechanical Treatment
citation_paper_cites_prize_paper,Immunology and Microbiology,Decision Sciences,Life Sciences,Social Sciences,Immunology and Microbiology,Decision Sciences,3,W2074949244,Definition and Antagonism of Histamine H2-receptors,W4206633680,A Novel Design of Morlet Wavelet to Solve the Dynamics of Nervous Stomach Nonlinear Model
citation_paper_cites_prize_paper,Mathematics,Decision Sciences,Physical Sciences,Social Sciences,Mathematics,Decision Sciences,5,W2248814689,Fine Structure of the Hydrogen Atom by a Microwave Method,W1931536606,State of the art in the determination of the fine structure constant: test of Quantum Electrodynamics and determination of
citation_paper_cites_prize_paper,Social Sciences,Physics and Astronomy,Social Sciences,Physical Sciences,Social Sciences,Physics and Astronomy,3,W1988813223,The Density of Lead from Ceylon Thorite,W2091893242,The atomic weight of lead of radioactive origin: A confirmation of the concept of isotopy and the group displacement laws Part I
citation_paper_cites_prize_paper,Computer Science,Agricultural and Biological Sciences,Physical Sciences,Life Sciences,Computer Science,Agricultural and Biological Sciences,6,W2025623691,Quantum Rabi Oscillation: A Direct Test of Field Quantization in a Cavity,W2514484740,Characteristic-function approach to the Jaynes-Cummings-model revivals
prize_paper_references_citation_paper,Chemistry,"Biochemistry, Genetics and Molecular Biology",Physical Sciences,Life Sciences,Chemistry,"Biochemistry, Genetics and Molecular Biology",34,W2045842456,Einwirkungen von aliphatischen Diazoverbindungen auf Thioketone,W2133458657,Über die Einwirkung von Thiosäurechloriden auf aliphatische Diazoverbindungen
citation_paper_cites_prize_paper,Veterinary,Immunology and Microbiology,Health Sciences,Life Sciences,Veterinary,Immunology and Microbiology,6,W2112130390,"Avermectins, New Family of Potent Anthelmintic Agents: Efficacy of the B <sub>1a</sub> Component",W2004099521,Microbial conversion of avermectins by Saccharopolyspora erythrea: hydroxylation at C28.
citation_paper_cites_prize_paper,Decision Sciences,Energy,Social Sciences,Physical Sciences,Decision Sciences,Energy,1,W1975117866,"The Isolation of an Ion, a Precision Measurement of Its Charge, and the Correction of Stokes's Law",W2946478767,Specific ion effects directed noble metal aerogels: Versatile manipulation for electrocatalysis and beyond
prize_paper_references_citation_paper,Physics and Astronomy,Agricultural and Biological Sciences,Physical Sciences,Life Sciences,Physics and Astronomy,Agricultural and Biological Sciences,4,W1967506984,Ein neues Galvanometer,W2014620576,Ueber eine Vorrichtung um Messinstrumente gegen die Erschütterungen des Bodens zu schützen
citation_paper_cites_prize_paper,Earth and Planetary Sciences,Health Professions,Physical Sciences,Health Sciences,Earth and Planetary Sciences,Health Professions,5,W2058179313,Stratospheric sink for chlorofluoromethanes: chlorine atom-catalysed destruction of ozone,W2910136107,Safety and sustainability nexus: A review and appraisal
prize_paper_references_citation_paper,Engineering,Earth and Planetary Sciences,Physical Sciences,Physical Sciences,Engineering,Earth and Planetary Sciences,4,W2089851537,Revision der Atomgewichte von Natrium und Chlor,W2799675072,The Transition Temperature of Sodic Sulphate Referred Anew to the International Standard
citation_paper_cites_prize_paper,Energy,Mathematics,Physical Sciences,Physical Sciences,Energy,Mathematics,1,W2608873142,Propriétés magnétiques des ferrites ; ferrimagnétisme et antiferromagnétisme,W1976521323,"John Hasbrouck Van Vleck, 13 March 1899 - 27 October 1980"
prize_paper_references_citation_paper,Arts and Humanities,Engineering,Social Sciences,Physical Sciences,Arts and Humanities,Engineering,2,W2150938918,Ueber Kathodenstrahlen in Gasen von atmosphärischem Druck und im äussersten Vacuum,W1987576737,II. On an apparatus for connecting and disconnecting a receiver under exhaustion by a mercurial pump
prize_paper_references_citation_paper,Arts and Humanities,Materials Science,Social Sciences,Physical Sciences,Arts and Humanities,Materials Science,1,W2150938918,Ueber Kathodenstrahlen in Gasen von atmosphärischem Druck und im äussersten Vacuum,W2094179317,Ueber den Durchgang der Kathodenstrahlen durch dünne Metallschichten
prize_paper_references_citation_paper,Arts and Humanities,"Biochemistry, Genetics and Molecular Biology",Social Sciences,Life Sciences,Arts and Humanities,"Biochemistry, Genetics and Molecular Biology",2,W1987925710,Untersuchungen über die Konstitution des Colchicins,W2053012117,Ueber Ringschlüsse in Peristellung der Naphtalinreihe
citation_paper_cites_prize_paper,Mathematics,Unknown Citation Field,Physical Sciences,Unknown Domain,Mathematics,,15,W2248814689,Fine Structure of the Hydrogen Atom by a Microwave Method,W4302576803,References and Bibliography
prize_paper_references_citation_paper,Chemistry,Physics and Astronomy,Physical Sciences,Physical Sciences,Chemistry,Physics and Astronomy,108,W2034289567,"Evidence for a<mml:math xmlns:mml=""http://www.w3.org/1998/Math/MathML"" display=""inline""><mml:mi>T</mml:mi><mml:mo>=</mml:mo><mml:mn>0</mml:mn><mml:mn /></mml:math>Three-Pion Resonance",W1963622126,"Single Pion Production in 0.96-Bev<mml:math xmlns:mml=""http://www.w3.org/1998/Math/MathML"" display=""inline""><mml:mrow><mml:msup><mml:mrow><mml:mi>π</mml:mi></mml:mrow><mml:mrow><mml:mo>−</mml:mo></mml:mrow></mml:msup></mml:mrow><mml:mo>−</mml:mo><mml:mi>p</mml:mi></mml:math>Interactions"
prize_paper_references_citation_paper,Chemistry,Mathematics,Physical Sciences,Physical Sciences,Chemistry,Mathematics,4,W2034289567,"Evidence for a<mml:math xmlns:mml=""http://www.w3.org/1998/Math/MathML"" display=""inline""><mml:mi>T</mml:mi><mml:mo>=</mml:mo><mml:mn>0</mml:mn><mml:mn /></mml:math>Three-Pion Resonance",W2055661814,Investigation of the invariance group in the three fundamental fields model
citation_paper_cites_prize_paper,Materials Science,Health Professions,Physical Sciences,Health Sciences,Materials Science,Health Professions,12,W2058122340,Electric Field Effect in Atomically Thin Carbon Films,W4235179886,Development of a Text-Based Communication System with Eye Tracking Technology
citation_paper_cites_prize_paper,"Pharmacology, Toxicology and Pharmaceutics",Computer Science,Life Sciences,Physical Sciences,"Pharmacology, Toxicology and Pharmaceutics",Computer Science,3,W1205458192,Tissue fractionation studies. 6. Intracellular distribution patterns of enzymes in rat-liver tissue,W2017129202,Étude par fluorescence des membranes plasmiques de lymphocytes
prize_paper_references_citation_paper,Engineering,Psychology,Physical Sciences,Social Sciences,Engineering,Psychology,1,W2041154484,The Production of High Speed Light Ions Without the Use of High Voltages,W4247689451,THE SCHENECTADY MEETING OF THE AMERICAN PHYSICAL SOCIETY
prize_paper_references_citation_paper,Medicine,Computer Science,Health Sciences,Physical Sciences,Medicine,Computer Science,3,W2080629537,Theory of Polyhedral Molecules. III. Population Analyses and Reactivities for the Carboranes,W2025468484,EXTENSIONS OF THE VALENCE THEORY OF BORON COMPOUNDS
citation_paper_cites_prize_paper,Computer Science,"Business, Management and Accounting",Physical Sciences,Social Sciences,Computer Science,"Business, Management and Accounting",8,W2059693774,A New Audiometer,W1994825260,Serial effects in auditory threshold judgments.
citation_paper_cites_prize_paper,Unknown Nobel Field,Veterinary,Unknown Domain,Health Sciences,,Veterinary,3,W4256705386,�ber die Bildung des Instinktbegriffes,W2075856248,Stereotypies and attentiveness to novel stimuli: a test in polar bears
citation_paper_cites_prize_paper,Energy,Health Professions,Physical Sciences,Health Sciences,Energy,Health Professions,4,W1982444105,Genetic Control of Biochemical Reactions in Neurospora,W92240367,"Zwillingsuntersuchungen über die menschliche Haltung, den Haltungsschaden und verschiedene Formelemente der Wirbelsäule"
citation_paper_cites_prize_paper,Immunology and Microbiology,Earth and Planetary Sciences,Life Sciences,Physical Sciences,Immunology and Microbiology,Earth and Planetary Sciences,10,W2137590150,The Dorsoventral Regulatory Gene Cassette spätzle/Toll/cactus Controls the Potent Antifungal Response in Drosophila Adults,W2538536303,Towards understanding a holobiont: host-microbe interactions in Hydra
citation_paper_cites_prize_paper,Computer Science,Arts and Humanities,Physical Sciences,Social Sciences,Computer Science,Arts and Humanities,7,W2059693774,A New Audiometer,W2413015830,XXV Békésy Tracing
citation_paper_cites_prize_paper,Veterinary,Chemistry,Health Sciences,Physical Sciences,Veterinary,Chemistry,9,W2112130390,"Avermectins, New Family of Potent Anthelmintic Agents: Efficacy of the B <sub>1a</sub> Component",W2466692781,Ferrocenyl chiral bisphosphorus ligands for highly enantioselective asymmetric hydrogenation via noncovalent ion pair interaction
citation_paper_cites_prize_paper,Chemical Engineering,Neuroscience,Physical Sciences,Life Sciences,Chemical Engineering,Neuroscience,5,W1884836326,Der stetige �bergang von der Mikro- zur Makromechanik,W3099055630,Self-organized criticality in a network of interacting neurons
citation_paper_cites_prize_paper,Earth and Planetary Sciences,Veterinary,Physical Sciences,Health Sciences,Earth and Planetary Sciences,Veterinary,1,W2058179313,Stratospheric sink for chlorofluoromethanes: chlorine atom-catalysed destruction of ozone,W2159826636,"Acute, Subchronic, and Developmental Toxicity and Genotoxicity of 1,1,1-Trifluoroethane (HFC-143a)"
citation_paper_cites_prize_paper,Mathematics,Environmental Science,Physical Sciences,Physical Sciences,Mathematics,Environmental Science,3,W1996895697,Theory of the Variations in Paramagnetic Anisotropy Among Different Salts of the Iron Group,W2913572150,"Stability of diethyl dithiocarbamate chelates with Cu(II), Zn(II) and Mn(II)"
citation_paper_cites_prize_paper,Unknown Nobel Field,Earth and Planetary Sciences,Unknown Domain,Physical Sciences,,Earth and Planetary Sciences,9,W1606860533,THE COAGULATION OF ALBUMEN BY PRESSURE,W2624873161,High-Pressure Neutron Science
prize_paper_references_citation_paper,"Biochemistry, Genetics and Molecular Biology",Chemical Engineering,Life Sciences,Physical Sciences,"Biochemistry, Genetics and Molecular Biology",Chemical Engineering,4,W1965838279,Computer simulation of protein folding,W1588000118,The Solubility of Amino Acids and Two Glycine Peptides in Aqueous Ethanol and Dioxane Solutions
prize_paper_references_citation_paper,Chemistry,"Pharmacology, Toxicology and Pharmaceutics",Physical Sciences,Life Sciences,Chemistry,"Pharmacology, Toxicology and Pharmaceutics",20,W1992840343,Concepts in reaction dynamics,W2021575938,Energy Dependence of Cross Sections for Hot Tritium Reactions with Hydrogen and Deuterium Molecules
prize_paper_references_citation_paper,Chemistry,Agricultural and Biological Sciences,Physical Sciences,Life Sciences,Chemistry,Agricultural and Biological Sciences,9,W1987712838,PHARMACOLOGY OF A NEW ADRENERGIC BETA-RECEPTOR-BLOCKING COMPOUND (NETHALIDE),W2089123552,BLOCKADE OF SOME CARDIAC ACTIONS OF ADRENALINE BY DICHLOROISOPROTERENOL
prize_paper_references_citation_paper,Mathematics,Mathematics,Physical Sciences,Physical Sciences,Mathematics,Mathematics,2,W1996895697,Theory of the Variations in Paramagnetic Anisotropy Among Different Salts of the Iron Group,W1988932520,On Dielectric Constants and Magnetic Susceptibilities in the New Quantum Mechanics Part III—Application to Dia- and Paramagnetism
prize_paper_references_citation_paper,Mathematics,Materials Science,Physical Sciences,Physical Sciences,Mathematics,Materials Science,1,W1996895697,Theory of the Variations in Paramagnetic Anisotropy Among Different Salts of the Iron Group,W2024011040,Termaufspaltung in Kristallen
prize_paper_references_citation_paper,Mathematics,Physics and Astronomy,Physical Sciences,Physical Sciences,Mathematics,Physics and Astronomy,4,W1996895697,Theory of the Variations in Paramagnetic Anisotropy Among Different Salts of the Iron Group,W2055939670,The Theory of Complex Spectra
prize_paper_references_citation_paper,Mathematics,Earth and Planetary Sciences,Physical Sciences,Physical Sciences,Mathematics,Earth and Planetary Sciences,1,W1996895697,Theory of the Variations in Paramagnetic Anisotropy Among Different Salts of the Iron Group,W4232696344,The Theory of Electric and Magnetic Susceptibilities
citation_paper_cites_prize_paper,Decision Sciences,Earth and Planetary Sciences,Social Sciences,Physical Sciences,Decision Sciences,Earth and Planetary Sciences,4,W1975117866,"The Isolation of an Ion, a Precision Measurement of Its Charge, and the Correction of Stokes's Law",W2047200483,Exploring the complexity of aerosol particle properties and processes using single particle techniques
citation_paper_cites_prize_paper,Immunology and Microbiology,Physics and Astronomy,Life Sciences,Physical Sciences,Immunology and Microbiology,Physics and Astronomy,6,W1977282539,Isolation of a T-Lymphotropic Retrovirus from a Patient at Risk for Acquired Immune Deficiency Syndrome (AIDS),W177323329,Modeling AIDS Spread in Social Networks
citation_paper_cites_prize_paper,Computer Science,Energy,Physical Sciences,Physical Sciences,Computer Science,Energy,1,W2015233893,Invention of the integrated circuit,W4367678701,Proof-of-Concept Vacuum Microelectronic NOR Gate Fabricated Using Microelectromechanical Systems and Carbon Nanotube Field Emitters
citation_paper_cites_prize_paper,Decision Sciences,Decision Sciences,Social Sciences,Social Sciences,Decision Sciences,Decision Sciences,2,W1975117866,"The Isolation of an Ion, a Precision Measurement of Its Charge, and the Correction of Stokes's Law",W2060225880,Re-evaluation of the slip correction parameter of certified PSL spheres using a nanometer differential mobility analyzer (NDMA)
citation_paper_cites_prize_paper,Energy,"Business, Management and Accounting",Physical Sciences,Social Sciences,Energy,"Business, Management and Accounting",3,W1982444105,Genetic Control of Biochemical Reactions in Neurospora,W2110820132,Patents in Genomics and Human Genetics
citation_paper_cites_prize_paper,Veterinary,Neuroscience,Health Sciences,Life Sciences,Veterinary,Neuroscience,4,W2112130390,"Avermectins, New Family of Potent Anthelmintic Agents: Efficacy of the B <sub>1a</sub> Component",W1988485660,The identification of GABA receptor binding sites in insect ganglia
citation_paper_cites_prize_paper,Arts and Humanities,Nursing,Social Sciences,Health Sciences,Arts and Humanities,Nursing,2,W2005886497,Über einen die Erzeugung und Verwandlung des Lichtes betreffenden heuristischen Gesichtspunkt,W2416384246,Biochemical and Biophysical Methods for Studying Mitochondrial Iron Metabolism
citation_paper_cites_prize_paper,Earth and Planetary Sciences,"Business, Management and Accounting",Physical Sciences,Social Sciences,Earth and Planetary Sciences,"Business, Management and Accounting",6,W2058179313,Stratospheric sink for chlorofluoromethanes: chlorine atom-catalysed destruction of ozone,W2106961532,"Corporate social responsibility and public policy-making : making perspectives, instruments, and consequences"
prize_paper_references_citation_paper,Chemistry,Arts and Humanities,Physical Sciences,Social Sciences,Chemistry,Arts and Humanities,7,W2101447717,The axial vector current in beta decay,W2156086489,A theory of the fundamental interactions
citation_paper_cites_prize_paper,Arts and Humanities,Health Professions,Social Sciences,Health Sciences,Arts and Humanities,Health Professions,5,W2005886497,Über einen die Erzeugung und Verwandlung des Lichtes betreffenden heuristischen Gesichtspunkt,W4245774212,How to Avoid the Travails of a Research Manager (or the Pitfall of Ending Up Not Doing Science)
prize_paper_references_citation_paper,Neuroscience,Chemistry,Life Sciences,Physical Sciences,Neuroscience,Chemistry,25,W1593702539,Über die Geschwindigkeit der photochemischen Kohlensäurezersetzung in lebenden Zellen. II,W1515769169,Zur Anwendung des Einsteinschen Photochemischen Äquivalentgesetzes. I
prize_paper_references_citation_paper,Neuroscience,Arts and Humanities,Life Sciences,Social Sciences,Neuroscience,Arts and Humanities,2,W1593702539,Über die Geschwindigkeit der photochemischen Kohlensäurezersetzung in lebenden Zellen. II,W2005886497,Über einen die Erzeugung und Verwandlung des Lichtes betreffenden heuristischen Gesichtspunkt
prize_paper_references_citation_paper,Neuroscience,Chemical Engineering,Life Sciences,Physical Sciences,Neuroscience,Chemical Engineering,1,W1593702539,Über die Geschwindigkeit der photochemischen Kohlensäurezersetzung in lebenden Zellen. II,W2108727904,CXXXVIII.—The interaction of chlorine and hydrogen
prize_paper_references_citation_paper,Neuroscience,Health Professions,Life Sciences,Health Sciences,Neuroscience,Health Professions,1,W1593702539,Über die Geschwindigkeit der photochemischen Kohlensäurezersetzung in lebenden Zellen. II,W2528685614,Zum Abbau der Eiweisskörper im Hunger<sup>1</sup>)
prize_paper_references_citation_paper,Medicine,Materials Science,Health Sciences,Physical Sciences,Medicine,Materials Science,11,W2200933292,[116] Isocitric dehydrogenase system (TPN) from pig heart,W2315284347,Reinigung der Apfelsäuredehydrase und die Bedeutung der Zellstruktur in der Apfelsäuredehydrierung
citation_paper_cites_prize_paper,Mathematics,"Pharmacology, Toxicology and Pharmaceutics",Physical Sciences,Life Sciences,Mathematics,"Pharmacology, Toxicology and Pharmaceutics",1,W2248814689,Fine Structure of the Hydrogen Atom by a Microwave Method,W4233300154,The Hydrogen Atom
citation_paper_cites_prize_paper,Nursing,Chemical Engineering,Health Sciences,Physical Sciences,Nursing,Chemical Engineering,11,W2000315362,Eine ergiebige Synthese der l‐Ascorbinsäure (C‐Vitamin),W2809559251,Solid-liquid equilibrium in the system 2-keto-L-gulonic acid + sodium-2-keto-L-gulonate + water
citation_paper_cites_prize_paper,Decision Sciences,Medicine,Social Sciences,Health Sciences,Decision Sciences,Medicine,2,W1975117866,"The Isolation of an Ion, a Precision Measurement of Its Charge, and the Correction of Stokes's Law",W4286247672,Dynamics of charged aerosols relevant to transmission of airborne infections
citation_paper_cites_prize_paper,Chemical Engineering,Immunology and Microbiology,Physical Sciences,Life Sciences,Chemical Engineering,Immunology and Microbiology,1,W2036574905,Desoxy‐cortico‐steron (21‐Oxy‐progesteron) aus Δ<sup>5</sup>‐3‐Oxy‐ätio‐cholensäure,W2766621574,Inflammation through the Ages: A Historical Perspective
prize_paper_references_citation_paper,Materials Science,Materials Science,Physical Sciences,Physical Sciences,Materials Science,Materials Science,68,W2058122340,Electric Field Effect in Atomically Thin Carbon Films,W1598581722,Graphitic cones and the nucleation of curved carbon surfaces
prize_paper_references_citation_paper,Materials Science,Engineering,Physical Sciences,Physical Sciences,Materials Science,Engineering,19,W2058122340,Electric Field Effect in Atomically Thin Carbon Films,W1999115975,Organic thin-film transistors: A review of recent advances
prize_paper_references_citation_paper,Materials Science,Physics and Astronomy,Physical Sciences,Physical Sciences,Materials Science,Physics and Astronomy,40,W2058122340,Electric Field Effect in Atomically Thin Carbon Films,W2006512131,Hall constant in quantum-sized semimetal Bi films: Electric field effect influence
prize_paper_references_citation_paper,Materials Science,Unknown Citation Field,Physical Sciences,Unknown Domain,Materials Science,,5,W2058122340,Electric Field Effect in Atomically Thin Carbon Films,W2054104435,
prize_paper_references_citation_paper,Chemistry,Chemical Engineering,Physical Sciences,Physical Sciences,Chemistry,Chemical Engineering,29,W2001270915,On the Theory of Oxidation-Reduction Reactions Involving Electron Transfer. I,W2016540952,Dielectric Properties of Aqueous Ionic Solutions. Parts I and II
prize_paper_references_citation_paper,Chemistry,Unknown Citation Field,Physical Sciences,Unknown Domain,Chemistry,,17,W2001270915,On the Theory of Oxidation-Reduction Reactions Involving Electron Transfer. I,W2623987982,Échanges isotopiques. Progrès récents
prize_paper_references_citation_paper,Materials Science,Chemistry,Physical Sciences,Physical Sciences,Materials Science,Chemistry,24,W1993209440,Electrical Conductivity in Doped Polyacetylene,W1966994507,Raman Scattering and Electronic Spectra of Poly(acetylene)
prize_paper_references_citation_paper,Environmental Science,Earth and Planetary Sciences,Physical Sciences,Physical Sciences,Environmental Science,Earth and Planetary Sciences,1,W2127674396,THE STRUCTURE OF DNA,W2014761644,Electron microscopy of sodium desoxyribonucleate by use of a new freeze-drying method
prize_paper_references_citation_paper,Environmental Science,Physics and Astronomy,Physical Sciences,Physical Sciences,Environmental Science,Physics and Astronomy,2,W2127674396,THE STRUCTURE OF DNA,W2035449879,The electron microscopy of sodium desoxyribonucleate
prize_paper_references_citation_paper,Environmental Science,Medicine,Physical Sciences,Health Sciences,Environmental Science,Medicine,2,W2127674396,THE STRUCTURE OF DNA,W2036343636,Crystallinity in sperm heads: Molecular structure of nucleoprotein in vivo
prize_paper_references_citation_paper,Environmental Science,"Pharmacology, Toxicology and Pharmaceutics",Physical Sciences,Life Sciences,Environmental Science,"Pharmacology, Toxicology and Pharmaceutics",1,W2127674396,THE STRUCTURE OF DNA,W2069175085,The Nature of the Intermolecular Forces Operative in Biological Processes
prize_paper_references_citation_paper,Engineering,Agricultural and Biological Sciences,Physical Sciences,Life Sciences,Engineering,Agricultural and Biological Sciences,7,W2021432299,A Fluorimetric Method for the Determination of Dopamine (3‐Hydroxytyramine.),W1993452632,"Excretion of Noradrenaline, Adrenaline, and Hydroxytyramine in Urine"
prize_paper_references_citation_paper,Engineering,"Pharmacology, Toxicology and Pharmaceutics",Physical Sciences,Life Sciences,Engineering,"Pharmacology, Toxicology and Pharmaceutics",3,W2021432299,A Fluorimetric Method for the Determination of Dopamine (3‐Hydroxytyramine.),W2435438063,β-(3:4-dihydroxyphenyl)ethylamine (hydroxytyramine) in normal human urine
citation_paper_cites_prize_paper,Nursing,"Economics, Econometrics and Finance",Health Sciences,Social Sciences,Nursing,"Economics, Econometrics and Finance",2,W2414829511,The disulphide bonds of insulin,W1999613272,THE FAR ULTRAVIOLET ABSORPTION SPECTRA OF POLYPEPTIDE AND PROTEIN SOLUTIONS AND THEIR DEPENDENCE ON CONFORMATION
citation_paper_cites_prize_paper,Chemical Engineering,Earth and Planetary Sciences,Physical Sciences,Physical Sciences,Chemical Engineering,Earth and Planetary Sciences,3,W1884836326,Der stetige �bergang von der Mikro- zur Makromechanik,W4285606435,Mantle evolution and continental growth events
citation_paper_cites_prize_paper,Chemical Engineering,Dentistry,Physical Sciences,Health Sciences,Chemical Engineering,Dentistry,2,W2148849027,Coil-stretch transition of dilute flexible polymers under ultrahigh velocity gradients,W4306696701,Aerosol suppression from a handpiece using viscoelastic solution in confined dental office
citation_paper_cites_prize_paper,Psychology,Unknown Citation Field,Social Sciences,Unknown Domain,Psychology,,1,W2068610106,PREFRONTAL LEUCOTOMY IN THE TREATMENT OF MENTAL DISORDERS,W207335740,The Prefrontal Lobes
prize_paper_references_citation_paper,Medicine,Arts and Humanities,Health Sciences,Social Sciences,Medicine,Arts and Humanities,1,W2009015488,Hypothalamus und die Zentren des autonomen Nervensystems: Physiologie,W2062257891,"CYNEWULF, CYNEHEARD, AND OSRIC."
citation_paper_cites_prize_paper,Chemical Engineering,Decision Sciences,Physical Sciences,Social Sciences,Chemical Engineering,Decision Sciences,2,W2148849027,Coil-stretch transition of dilute flexible polymers under ultrahigh velocity gradients,W3103119244,Study of the Impact of Past Scientific Research on Current Research
citation_paper_cites_prize_paper,Chemical Engineering,Veterinary,Physical Sciences,Health Sciences,Chemical Engineering,Veterinary,1,W2036574905,Desoxy‐cortico‐steron (21‐Oxy‐progesteron) aus Δ<sup>5</sup>‐3‐Oxy‐ätio‐cholensäure,W1552167190,THE RÔLE OF GONADAL AND ADRENAL CORTICAL HORMONES IN THE PRODUCTION OF EDEMA
citation_paper_cites_prize_paper,Decision Sciences,Materials Science,Social Sciences,Physical Sciences,Decision Sciences,Materials Science,3,W1975117866,"The Isolation of an Ion, a Precision Measurement of Its Charge, and the Correction of Stokes's Law",W2139721964,Nonphotochemical Laser-Induced Nucleation in Levitated Supersaturated Aqueous Potassium Chloride Microdroplets
citation_paper_cites_prize_paper,"Pharmacology, Toxicology and Pharmaceutics","Economics, Econometrics and Finance",Life Sciences,Social Sciences,"Pharmacology, Toxicology and Pharmaceutics","Economics, Econometrics and Finance",2,W1205458192,Tissue fractionation studies. 6. Intracellular distribution patterns of enzymes in rat-liver tissue,W3153737700,Parthenolide induces autophagy and apoptosis of breast cancer cells associated with the PI3K/AKT/mTOR pathway
citation_paper_cites_prize_paper,Chemical Engineering,Arts and Humanities,Physical Sciences,Social Sciences,Chemical Engineering,Arts and Humanities,7,W1884836326,Der stetige �bergang von der Mikro- zur Makromechanik,W1492246297,Pauli's ideas on mind and matter in the context of contemporary of science
prize_paper_references_citation_paper,Environmental Science,Chemistry,Physical Sciences,Physical Sciences,Environmental Science,Chemistry,2,W2138270253,DNA sequencing with chain-terminating inhibitors,W2314349163,Purine Nucleosides. XIV. Unsaturated Furanosyl Adenine Nucleosides Prepared via Base-Catalyzed Elimination Reactions of 2'-Deoxyadenosine Derivatives<sup>1</sup>
prize_paper_references_citation_paper,Energy,Agricultural and Biological Sciences,Physical Sciences,Life Sciences,Energy,Agricultural and Biological Sciences,1,W1982444105,Genetic Control of Biochemical Reactions in Neurospora,W2084256146,Biotin and the Growth of <i>Neurospora</i>
prize_paper_references_citation_paper,Energy,Unknown Citation Field,Physical Sciences,Unknown Domain,Energy,,1,W1982444105,Genetic Control of Biochemical Reactions in Neurospora,W2739424515,THE EFFECTS IN COMBINATION OF THE MAJOR COLOR-FACTORS OF THE GUINE APIG
prize_paper_references_citation_paper,Chemistry,Health Professions,Physical Sciences,Health Sciences,Chemistry,Health Professions,4,W1703910647,I. <i>On the constitution of atoms and molecules</i>,W2330667590,XLIII. <i>The origin of β and γ rays from radioactive substances</i>
prize_paper_references_citation_paper,Medicine,Social Sciences,Health Sciences,Social Sciences,Medicine,Social Sciences,2,W2048075051,über Induktion von Embryonalanlagen durch Implantation artfremder Organisatoren,W2332670128,Das Differenzierungsgefälle des Amphibienkörpers und seine Auswirkungen
prize_paper_references_citation_paper,Materials Science,Environmental Science,Physical Sciences,Physical Sciences,Materials Science,Environmental Science,1,W2008893762,A molecular beam investigation of the catalytic oxidation of CO on Pd (111),W2322000591,Adsorption—Desorption Phenomena
prize_paper_references_citation_paper,Materials Science,Mathematics,Physical Sciences,Physical Sciences,Materials Science,Mathematics,3,W2008893762,A molecular beam investigation of the catalytic oxidation of CO on Pd (111),W2322150825,Fundamentals of gas-surface interactions
prize_paper_references_citation_paper,Materials Science,Chemical Engineering,Physical Sciences,Physical Sciences,Materials Science,Chemical Engineering,3,W2008893762,A molecular beam investigation of the catalytic oxidation of CO on Pd (111),W2334005372,Zum Mechanismus der katalytischen Oxydation von<i>CO</i>an Palladium
prize_paper_references_citation_paper,Arts and Humanities,Physics and Astronomy,Social Sciences,Physical Sciences,Arts and Humanities,Physics and Astronomy,2,W2051374510,CXVII. <i>The total reflexion of X-rays</i>,W1555414440,Book Review: The Theory of Electrons and its Applications to the Phenomena of Light and Radiant Heat
citation_paper_cites_prize_paper,Nursing,Psychology,Health Sciences,Social Sciences,Nursing,Psychology,4,W2414829511,The disulphide bonds of insulin,W2074532817,Crystalline Deamino-Oxytocin
citation_paper_cites_prize_paper,Nursing,Computer Science,Health Sciences,Physical Sciences,Nursing,Computer Science,6,W2000315362,Eine ergiebige Synthese der l‐Ascorbinsäure (C‐Vitamin),W1552200656,Some Progress in Organic Synthesis of Pharmaceuticals in China
citation_paper_cites_prize_paper,Computer Science,Nursing,Physical Sciences,Health Sciences,Computer Science,Nursing,2,W2059693774,A New Audiometer,W1982102243,Absolute behavioral taste thresholds in the rat.
citation_paper_cites_prize_paper,Psychology,Mathematics,Social Sciences,Physical Sciences,Psychology,Mathematics,1,W2068610106,PREFRONTAL LEUCOTOMY IN THE TREATMENT OF MENTAL DISORDERS,W2100125260,What happens in the leucotomised brain? A postmortem morphological study of brains from schizophrenic patients.
citation_paper_cites_prize_paper,Arts and Humanities,"Business, Management and Accounting",Social Sciences,Social Sciences,Arts and Humanities,"Business, Management and Accounting",3,W2060222759,LXXIII. <i>On the constitution of atoms and molecules</i>,W1973803766,Institutional expertise in the Service-Dominant Logic: Knowing how and knowing what
citation_paper_cites_prize_paper,Computer Science,Immunology and Microbiology,Physical Sciences,Life Sciences,Computer Science,Immunology and Microbiology,1,W1652946403,Single photons on demand from a single molecule at room temperature,W2291758791,Quantifying the Distribution of the Stoichiometric Composition of Anticancer Peptide Lycosin-I on the Lipid Membrane with Single Molecule Spectroscopy
prize_paper_references_citation_paper,Neuroscience,Unknown Citation Field,Life Sciences,Unknown Domain,Neuroscience,,7,W1985940938,A quantitative description of membrane current and its application to conduction and excitation in nerve,W2419043600,A study of nerve physiology.
prize_paper_references_citation_paper,Medicine,Psychology,Health Sciences,Social Sciences,Medicine,Psychology,4,W2050717506,Enzymatic Amplification of β-Globin Genomic Sequences and Restriction Site Analysis for Diagnosis of Sickle Cell Anemia,W2435781969,"Children's Clinic, Helsinki."
prize_paper_references_citation_paper,Chemistry,"Business, Management and Accounting",Physical Sciences,Social Sciences,Chemistry,"Business, Management and Accounting",1,W2008844584,The Conservation of Orbital Symmetry,W1546391509,Das HMO-Modell und seine Anwendung
prize_paper_references_citation_paper,Physics and Astronomy,Psychology,Physical Sciences,Social Sciences,Physics and Astronomy,Psychology,1,W2592799394,The Quantum Theory of Optical Coherence,W2153687313,Reflections of a Communication Engineer
prize_paper_references_citation_paper,Materials Science,"Biochemistry, Genetics and Molecular Biology",Physical Sciences,Life Sciences,Materials Science,"Biochemistry, Genetics and Molecular Biology",29,W2140992384,The structure of proteins: Two hydrogen-bonded helical configurations of the polypeptide chain,W1974488437,The Structure of Fibrous Proteins.
prize_paper_references_citation_paper,"Biochemistry, Genetics and Molecular Biology",Social Sciences,Life Sciences,Social Sciences,"Biochemistry, Genetics and Molecular Biology",Social Sciences,6,W2084312697,"Extraction, Purification and Properties of Aequorin, a Bioluminescent Protein from the Luminous Hydromedusan, <i>Aequorea</i>",W1926767282,Personal narrative of travels to the equinoctial regions of America during the years 1799 - 1804 /
prize_paper_references_citation_paper,"Biochemistry, Genetics and Molecular Biology",Decision Sciences,Life Sciences,Social Sciences,"Biochemistry, Genetics and Molecular Biology",Decision Sciences,2,W2084312697,"Extraction, Purification and Properties of Aequorin, a Bioluminescent Protein from the Luminous Hydromedusan, <i>Aequorea</i>",W1985570292,THE TEMPERATURE-PRESSURE-INHIBITOR RELATIONS OF BACTERIAL LUMINESCENCE IN VITRO
prize_paper_references_citation_paper,Physics and Astronomy,"Business, Management and Accounting",Physical Sciences,Social Sciences,Physics and Astronomy,"Business, Management and Accounting",2,W1972128701,Zur Theorie der spezifischen Wärmen,W2943205955,N�herungsformeln f�r die Zylinderfunktionen f�r gro�e Werte des Arguments und unbeschr�nkt ver�nderliche Werte des Index
prize_paper_references_citation_paper,Arts and Humanities,Agricultural and Biological Sciences,Social Sciences,Life Sciences,Arts and Humanities,Agricultural and Biological Sciences,1,W2000547662,Synthesen in der hydroaromatischen Reihe,W4256015250,Zur Kenntniss der Terpene und der ätherischen Oele
prize_paper_references_citation_paper,Computer Science,Computer Science,Physical Sciences,Physical Sciences,Computer Science,Computer Science,43,W1652946403,Single photons on demand from a single molecule at room temperature,W1482317929,Single-Mode Generation of Quantum Photon States by Excited Single Molecules in a Microcavity Trap
prize_paper_references_citation_paper,Computer Science,Physics and Astronomy,Physical Sciences,Physical Sciences,Computer Science,Physics and Astronomy,39,W1652946403,Single photons on demand from a single molecule at room temperature,W1524303762,A single-photon turnstile device
prize_paper_references_citation_paper,Computer Science,Engineering,Physical Sciences,Physical Sciences,Computer Science,Engineering,4,W1652946403,Single photons on demand from a single molecule at room temperature,W2012172594,Fluorescence photon antibunching from single molecules on a surface
prize_paper_references_citation_paper,Computer Science,"Biochemistry, Genetics and Molecular Biology",Physical Sciences,Life Sciences,Computer Science,"Biochemistry, Genetics and Molecular Biology",4,W1652946403,Single photons on demand from a single molecule at room temperature,W2044213208,Nonclassical Photon Statistics in Single-Molecule Fluorescence at Room Temperature
prize_paper_references_citation_paper,Physics and Astronomy,Decision Sciences,Physical Sciences,Social Sciences,Physics and Astronomy,Decision Sciences,12,W1991093461,The Detection of Gamma-Rays with Thallium-Activated Sodium Iodide Crystals,W2062978496,Decay Times of Scintillations
citation_paper_cites_prize_paper,Veterinary,Materials Science,Health Sciences,Physical Sciences,Veterinary,Materials Science,1,W2112130390,"Avermectins, New Family of Potent Anthelmintic Agents: Efficacy of the B <sub>1a</sub> Component",W2344382413,"Preparation, Characterization, and Insecticidal Activity of Avermectin-Grafted-Carboxymethyl Chitosan"
citation_paper_cites_prize_paper,"Pharmacology, Toxicology and Pharmaceutics",Health Professions,Life Sciences,Health Sciences,"Pharmacology, Toxicology and Pharmaceutics",Health Professions,4,W1205458192,Tissue fractionation studies. 6. Intracellular distribution patterns of enzymes in rat-liver tissue,W2324447753,Studies on relationship of oral bleeding and fibrinolysis in cases of blood disease
citation_paper_cites_prize_paper,Nursing,Social Sciences,Health Sciences,Social Sciences,Nursing,Social Sciences,4,W2414829511,The disulphide bonds of insulin,W4232015221,Notes
citation_paper_cites_prize_paper,Decision Sciences,Computer Science,Social Sciences,Physical Sciences,Decision Sciences,Computer Science,2,W1975117866,"The Isolation of an Ion, a Precision Measurement of Its Charge, and the Correction of Stokes's Law",W4221133804,An Investigation Into The Mathematical and Physical Origins of The Fine-Structure Constant
prize_paper_references_citation_paper,"Pharmacology, Toxicology and Pharmaceutics","Biochemistry, Genetics and Molecular Biology",Life Sciences,Life Sciences,"Pharmacology, Toxicology and Pharmaceutics","Biochemistry, Genetics and Molecular Biology",27,W2090488193,FRACTIONATION OF MAMMALIAN LIVER CELLS BY DIFFERENTIAL CENTRIFUGATION,W1974922945,Chemical Composition of the Tumor-Producing Fraction of Chicken Tumor I
prize_paper_references_citation_paper,"Pharmacology, Toxicology and Pharmaceutics",Medicine,Life Sciences,Health Sciences,"Pharmacology, Toxicology and Pharmaceutics",Medicine,10,W2090488193,FRACTIONATION OF MAMMALIAN LIVER CELLS BY DIFFERENTIAL CENTRIFUGATION,W2019178604,THE PREPARATION OF SECTIONS OF GUINEA PIG LIVER FOR ELECTRON MICROSCOPY.
prize_paper_references_citation_paper,"Pharmacology, Toxicology and Pharmaceutics",Decision Sciences,Life Sciences,Social Sciences,"Pharmacology, Toxicology and Pharmaceutics",Decision Sciences,1,W2090488193,FRACTIONATION OF MAMMALIAN LIVER CELLS BY DIFFERENTIAL CENTRIFUGATION,W2043341529,The American Association for the Advancement of Science
prize_paper_references_citation_paper,"Pharmacology, Toxicology and Pharmaceutics",Unknown Citation Field,Life Sciences,Unknown Domain,"Pharmacology, Toxicology and Pharmaceutics",,3,W2090488193,FRACTIONATION OF MAMMALIAN LIVER CELLS BY DIFFERENTIAL CENTRIFUGATION,W2062808672,The Constitution of Protoplasm
prize_paper_references_citation_paper,"Pharmacology, Toxicology and Pharmaceutics",Engineering,Life Sciences,Physical Sciences,"Pharmacology, Toxicology and Pharmaceutics",Engineering,2,W2090488193,FRACTIONATION OF MAMMALIAN LIVER CELLS BY DIFFERENTIAL CENTRIFUGATION,W2144434797,"FRACTIONATION OF MAMMALIAN LIVER CELLS BY DIFFERENTIAL CENTRIFUGATION: I. PROBLEMS, METHODS, AND PREPARATION OF EXTRACT"
citation_paper_cites_prize_paper,Mathematics,Social Sciences,Physical Sciences,Social Sciences,Mathematics,Social Sciences,4,W2248814689,Fine Structure of the Hydrogen Atom by a Microwave Method,W3046366537,John Ward: Memoir of a Theoretical Physicist
prize_paper_references_citation_paper,Neuroscience,Computer Science,Life Sciences,Physical Sciences,Neuroscience,Computer Science,4,W2004213037,Pre-Lumirhodopsin and the Bleaching of Visual Pigments,W2324029345,"Geometrical Isomerization of Vitamin A, Retinene and Retinene Oxime"
prize_paper_references_citation_paper,Medicine,Energy,Health Sciences,Physical Sciences,Medicine,Energy,2,W2028808912,Boron Hydrides: LCAO—MO and Resonance Studies,W2009300419,"A Reinvestigation of the Structures of Diborane and Ethane by Electron Diffraction<sup>1,2</sup>"
citation_paper_cites_prize_paper,Computer Science,Veterinary,Physical Sciences,Health Sciences,Computer Science,Veterinary,1,W2059693774,A New Audiometer,W1967021119,The effect of alcohol upon the differential brightness threshold in rats
prize_paper_references_citation_paper,Immunology and Microbiology,Veterinary,Life Sciences,Health Sciences,Immunology and Microbiology,Veterinary,1,W38403571,THE DISTRIBUTION OF CYTOCHROME OXIDASE AND SUCCINOXIDASE IN THE CYTOPLASM OF THE MAMMALIAN LIVER CELL,W122722010,THE ASSAY OF ANIMAL TISSUES FOR RESPIRATORY ENZYMES
prize_paper_references_citation_paper,Immunology and Microbiology,"Pharmacology, Toxicology and Pharmaceutics",Life Sciences,Life Sciences,Immunology and Microbiology,"Pharmacology, Toxicology and Pharmaceutics",1,W38403571,THE DISTRIBUTION OF CYTOCHROME OXIDASE AND SUCCINOXIDASE IN THE CYTOPLASM OF THE MAMMALIAN LIVER CELL,W2056807232,Association of Phosphatase with a Material in Kidney Sedimentable at High Speed and Its Liberation by Autolysis
prize_paper_references_citation_paper,Immunology and Microbiology,Engineering,Life Sciences,Physical Sciences,Immunology and Microbiology,Engineering,1,W38403571,THE DISTRIBUTION OF CYTOCHROME OXIDASE AND SUCCINOXIDASE IN THE CYTOPLASM OF THE MAMMALIAN LIVER CELL,W2144434797,"FRACTIONATION OF MAMMALIAN LIVER CELLS BY DIFFERENTIAL CENTRIFUGATION: I. PROBLEMS, METHODS, AND PREPARATION OF EXTRACT"
prize_paper_references_citation_paper,Immunology and Microbiology,Agricultural and Biological Sciences,Life Sciences,Life Sciences,Immunology and Microbiology,Agricultural and Biological Sciences,12,W38403571,THE DISTRIBUTION OF CYTOCHROME OXIDASE AND SUCCINOXIDASE IN THE CYTOPLASM OF THE MAMMALIAN LIVER CELL,W2346151943,"Experimental Liver Cancer in Rats and its Inhibition by Rice-Bran Extract, Yeast, and Yeast Extract"
prize_paper_references_citation_paper,Physics and Astronomy,Social Sciences,Physical Sciences,Social Sciences,Physics and Astronomy,Social Sciences,4,W2075687768,"Excited States of the Mirror Nuclei,<mml:math xmlns:mml=""http://www.w3.org/1998/Math/MathML"" display=""inline""><mml:mrow><mml:msup><mml:mrow><mml:mi mathvariant=""normal"">Li</mml:mi></mml:mrow><mml:mrow><mml:mn>7</mml:mn></mml:mrow></mml:msup></mml:mrow></mml:math>and<mml:math xmlns:mml=""http://www.w3.org/1998/Math/MathML"" display=""inline""><mml:mrow><mml:msup><mml:mrow><mml:mi mathvariant=""normal"">Be</mml:mi></mml:mrow><mml:mrow><mml:mn>7</mml:mn></mml:mrow></mml:msup></mml:mrow></mml:math>",W2060002057,The Collision of Two Particles
prize_paper_references_citation_paper,Physics and Astronomy,Health Professions,Physical Sciences,Health Sciences,Physics and Astronomy,Health Professions,1,W2075687768,"Excited States of the Mirror Nuclei,<mml:math xmlns:mml=""http://www.w3.org/1998/Math/MathML"" display=""inline""><mml:mrow><mml:msup><mml:mrow><mml:mi mathvariant=""normal"">Li</mml:mi></mml:mrow><mml:mrow><mml:mn>7</mml:mn></mml:mrow></mml:msup></mml:mrow></mml:math>and<mml:math xmlns:mml=""http://www.w3.org/1998/Math/MathML"" display=""inline""><mml:mrow><mml:msup><mml:mrow><mml:mi mathvariant=""normal"">Be</mml:mi></mml:mrow><mml:mrow><mml:mn>7</mml:mn></mml:mrow></mml:msup></mml:mrow></mml:math>",W2082533500,Interaction of Nuclear Particles
citation_paper_cites_prize_paper,Nursing,Veterinary,Health Sciences,Health Sciences,Nursing,Veterinary,1,W2414829511,The disulphide bonds of insulin,W1600214476,Inactivation of Chymotrypsin by Cyanate
citation_paper_cites_prize_paper,Materials Science,Veterinary,Physical Sciences,Health Sciences,Materials Science,Veterinary,2,W2058122340,Electric Field Effect in Atomically Thin Carbon Films,W4366003376,Recent advances in nanomaterials-based electrochemical sensors for tramadol analysis
prize_paper_references_citation_paper,"Biochemistry, Genetics and Molecular Biology",Mathematics,Life Sciences,Physical Sciences,"Biochemistry, Genetics and Molecular Biology",Mathematics,2,W2143070723,The Structure of the Potassium Channel: Molecular Basis of K <sup>+</sup> Conduction and Selectivity,W2054177027,ION‐MEMBRANE INTERACTIONS AS STRUCTURAL FORCES
prize_paper_references_citation_paper,"Biochemistry, Genetics and Molecular Biology",Veterinary,Life Sciences,Health Sciences,"Biochemistry, Genetics and Molecular Biology",Veterinary,2,W1986006829,"Post-embryonic cell lineages of the nematode, Caenorhabditis elegans",W2080850146,The physiology of infective processes of nematode parasites; the stimulus from the animal host
prize_paper_references_citation_paper,Nursing,"Biochemistry, Genetics and Molecular Biology",Health Sciences,Life Sciences,Nursing,"Biochemistry, Genetics and Molecular Biology",11,W207049882,The antihaemorrhagic vitamin of the chick,W1773173982,A deficiency disease in chicks resembling scurvy
prize_paper_references_citation_paper,Immunology and Microbiology,Nursing,Life Sciences,Health Sciences,Immunology and Microbiology,Nursing,2,W2074949244,Definition and Antagonism of Histamine H2-receptors,W2323309670,"Gastric Secretion in Dogs Treated with Histamine Antagonist, Thymoxyethyldiethylamine"
prize_paper_references_citation_paper,Materials Science,Neuroscience,Physical Sciences,Life Sciences,Materials Science,Neuroscience,6,W2037138473,CIS-TRANS ISOMERS OF VITAMIN A AND RETINENE IN THE RHODOPSIN SYSTEM,W1972655296,The Mechanism of Rhodopsin Synthesis
prize_paper_references_citation_paper,Materials Science,Medicine,Physical Sciences,Health Sciences,Materials Science,Medicine,6,W2037138473,CIS-TRANS ISOMERS OF VITAMIN A AND RETINENE IN THE RHODOPSIN SYSTEM,W2028307736,Alleged Effects of the Near Ultraviolet on Human Vision
prize_paper_references_citation_paper,Materials Science,Nursing,Physical Sciences,Health Sciences,Materials Science,Nursing,1,W2037138473,CIS-TRANS ISOMERS OF VITAMIN A AND RETINENE IN THE RHODOPSIN SYSTEM,W2332402443,Biochemical Studies on Vitamin A. IX. Biopotency of Neovitamin A in the Rat
prize_paper_references_citation_paper,Materials Science,Agricultural and Biological Sciences,Physical Sciences,Life Sciences,Materials Science,Agricultural and Biological Sciences,2,W2037138473,CIS-TRANS ISOMERS OF VITAMIN A AND RETINENE IN THE RHODOPSIN SYSTEM,W89263152,PROPERTIES OF THE PIGMENT LAYER FACTOR IN THE REGENERATION OF RHODOPSIN
prize_paper_references_citation_paper,Nursing,Materials Science,Health Sciences,Physical Sciences,Nursing,Materials Science,1,W2000315362,Eine ergiebige Synthese der l‐Ascorbinsäure (C‐Vitamin),W2084013940,Monoacetone Hexuronic Acid
prize_paper_references_citation_paper,Nursing,Nursing,Health Sciences,Health Sciences,Nursing,Nursing,4,W2000315362,Eine ergiebige Synthese der l‐Ascorbinsäure (C‐Vitamin),W2293153600,The structure of ascorbic acid.
prize_paper_references_citation_paper,Nursing,Engineering,Health Sciences,Physical Sciences,Nursing,Engineering,1,W2000315362,Eine ergiebige Synthese der l‐Ascorbinsäure (C‐Vitamin),W4256185250,THE USE OF NICKEL AS A CATALYST FOR HYDROGENATION. II
prize_paper_references_citation_paper,Chemistry,"Economics, Econometrics and Finance",Physical Sciences,Social Sciences,Chemistry,"Economics, Econometrics and Finance",1,W4249507569,Change of Phase under Pressure. I. The Phase Diagram of Eleven Substances with Especial Reference to The Melting Curve,W4250087674,Proprietà termiche dei solidi e dei liquidi
citation_paper_cites_prize_paper,Energy,"Pharmacology, Toxicology and Pharmaceutics",Physical Sciences,Life Sciences,Energy,"Pharmacology, Toxicology and Pharmaceutics",4,W1982444105,Genetic Control of Biochemical Reactions in Neurospora,W4211260797,Stoffwechsel organischer Verbindungen II
citation_paper_cites_prize_paper,Mathematics,Psychology,Physical Sciences,Social Sciences,Mathematics,Psychology,3,W2248814689,Fine Structure of the Hydrogen Atom by a Microwave Method,W4401776795,A Neurophilosophy of Libertarian Free Will
citation_paper_cites_prize_paper,Unknown Nobel Field,Decision Sciences,Unknown Domain,Social Sciences,,Decision Sciences,1,W1785442005,Aus dem Leben der Bienen,W3126362733,Economic and mathematical model of bee colonies housing in two-block hive with combined technological partitionEconomic and mathematical model of bee colonies housing in two-block hive with combined technological partition
prize_paper_references_citation_paper,"Biochemistry, Genetics and Molecular Biology",Health Professions,Life Sciences,Health Sciences,"Biochemistry, Genetics and Molecular Biology",Health Professions,1,W2013679718,Novel Proteinaceous Infectious Particles Cause Scrapie,W4242291671,Scrapie
prize_paper_references_citation_paper,Engineering,Mathematics,Physical Sciences,Physical Sciences,Engineering,Mathematics,1,W2020687655,Interactions between Light Waves in a Nonlinear Dielectric,W4240867252,A Course of Modern Analysis
prize_paper_references_citation_paper,Agricultural and Biological Sciences,Environmental Science,Life Sciences,Physical Sciences,Agricultural and Biological Sciences,Environmental Science,5,W2046171723,PLAQUE FORMATION AND ISOLATION OF PURE LINES WITH POLIOMYELITIS VIRUSES,W105872936,The Inheritance of Requirements for Adsorption Cofactors in the Bacterial Virus T4
prize_paper_references_citation_paper,Agricultural and Biological Sciences,Unknown Citation Field,Life Sciences,Unknown Domain,Agricultural and Biological Sciences,,5,W2046171723,PLAQUE FORMATION AND ISOLATION OF PURE LINES WITH POLIOMYELITIS VIRUSES,W4392750738,Personal Communication
prize_paper_references_citation_paper,Agricultural and Biological Sciences,Immunology and Microbiology,Life Sciences,Life Sciences,Agricultural and Biological Sciences,Immunology and Microbiology,6,W201050536,Viral RNA-dependent DNA Polymerase: RNA-dependent DNA Polymerase in Virions of Rous Sarcoma Virus,W2039597756,Origin of group-specific antigen of chicken leukosis viruses
prize_paper_references_citation_paper,Computer Science,Chemistry,Physical Sciences,Physical Sciences,Computer Science,Chemistry,2,W1966533239,Demonstration of a Fundamental Quantum Logic Gate,W2058725689,Réseau à trois dimensions de quadrupôles électriques élémentaires pour le confinement d'ions
prize_paper_references_citation_paper,Computer Science,Decision Sciences,Physical Sciences,Social Sciences,Computer Science,Decision Sciences,1,W1966533239,Demonstration of a Fundamental Quantum Logic Gate,W4230665353,Proceedings 35th Annual Symposium on Foundations of Computer Science
prize_paper_references_citation_paper,Chemical Engineering,Chemical Engineering,Physical Sciences,Physical Sciences,Chemical Engineering,Chemical Engineering,8,W2148849027,Coil-stretch transition of dilute flexible polymers under ultrahigh velocity gradients,W147481800,Flow birefringence of elastico-viscous polymer systems
prize_paper_references_citation_paper,Chemical Engineering,Chemistry,Physical Sciences,Physical Sciences,Chemical Engineering,Chemistry,4,W2148849027,Coil-stretch transition of dilute flexible polymers under ultrahigh velocity gradients,W21020969,Quasi-elastic scattering of neutrons by dilute polymer solutions: I. Free-draining limit
citation_paper_cites_prize_paper,Mathematics,"Economics, Econometrics and Finance",Physical Sciences,Social Sciences,Mathematics,"Economics, Econometrics and Finance",1,W2248814689,Fine Structure of the Hydrogen Atom by a Microwave Method,W2044182592,Irreversibility and fluctuation-dissipation relations
citation_paper_cites_prize_paper,Social Sciences,Health Professions,Social Sciences,Health Sciences,Social Sciences,Health Professions,1,W1988813223,The Density of Lead from Ceylon Thorite,W2133688280,"Thorium minerals in Sri Lanka, history of radioactivity and thorium as a future energy source: a compendium to commemorate the International Year of Chemistry 2011"
citation_paper_cites_prize_paper,Nursing,Earth and Planetary Sciences,Health Sciences,Physical Sciences,Nursing,Earth and Planetary Sciences,2,W2414829511,The disulphide bonds of insulin,W2013490042,The protein of brachiopod shell—III. Comparison with structural protein of soft tissue
prize_paper_references_citation_paper,"Biochemistry, Genetics and Molecular Biology","Business, Management and Accounting",Life Sciences,Social Sciences,"Biochemistry, Genetics and Molecular Biology","Business, Management and Accounting",1,W2090827556,Cyclin: A protein specified by maternal mRNA in sea urchin eggs that is destroyed at each cleavage division,W4214824787,The American arbacia and other sea urchins
prize_paper_references_citation_paper,Earth and Planetary Sciences,Chemical Engineering,Physical Sciences,Physical Sciences,Earth and Planetary Sciences,Chemical Engineering,1,W1999433310,Adsorption of CO on Pd single crystal surfaces,W1023379624,Carbon Monoxide Adsorption on the Transition Metals
citation_paper_cites_prize_paper,Computer Science,Earth and Planetary Sciences,Physical Sciences,Physical Sciences,Computer Science,Earth and Planetary Sciences,2,W2040136860,Generation of Nonclassical Motional States of a Trapped Atom,W4281902576,"Periodic Wave Trains in Nonlinear Media: Talbot Revivals, Akhmediev Breathers, and Asymmetry Breaking"
prize_paper_references_citation_paper,Neuroscience,Social Sciences,Life Sciences,Social Sciences,Neuroscience,Social Sciences,1,W1970792572,Microstructure of a spatial map in the entorhinal cortex,W1988782569,The organization of learning
citation_paper_cites_prize_paper,Psychology,Veterinary,Social Sciences,Health Sciences,Psychology,Veterinary,1,W2068610106,PREFRONTAL LEUCOTOMY IN THE TREATMENT OF MENTAL DISORDERS,W3165452819,Animal Models in Pharmacology: A Brief History Awarding the Nobel Prizes for Physiology or Medicine
prize_paper_references_citation_paper,Chemistry,Social Sciences,Physical Sciences,Social Sciences,Chemistry,Social Sciences,1,W2152050528,Zur Isolierung und Charakterisierung des Corpus‐luteum‐Hormons,W1694301375,Die Weiblichen Sexualhormone
prize_paper_references_citation_paper,Earth and Planetary Sciences,Medicine,Physical Sciences,Health Sciences,Earth and Planetary Sciences,Medicine,3,W1982976316,"The Bakerian Lecture, The spectra and structures of free methyl and free methylene",W2038859212,Ueber die Spectra der Flammen einiger Gase
prize_paper_references_citation_paper,Earth and Planetary Sciences,"Biochemistry, Genetics and Molecular Biology",Physical Sciences,Life Sciences,Earth and Planetary Sciences,"Biochemistry, Genetics and Molecular Biology",2,W1982976316,"The Bakerian Lecture, The spectra and structures of free methyl and free methylene",W4245669350,82. Methylene
prize_paper_references_citation_paper,Medicine,"Economics, Econometrics and Finance",Health Sciences,Social Sciences,Medicine,"Economics, Econometrics and Finance",1,W746385147,"THE SENSITIVITY TO HYPERTENSIN, ADRENALIN AND RENIN OF UNANESTHETIZED NORMAL, ADRENALECTOMIZED, HYPOPHYSECTOMIZED AND NEPHRECTOMIZED DOGS",W2008199320,Hypertensin: The Substance Causing Renal Hypertension
citation_paper_cites_prize_paper,Psychology,"Biochemistry, Genetics and Molecular Biology",Social Sciences,Life Sciences,Psychology,"Biochemistry, Genetics and Molecular Biology",2,W2068610106,PREFRONTAL LEUCOTOMY IN THE TREATMENT OF MENTAL DISORDERS,W2925096745,Three-Dimensional Micro Structure of the Cingulum Bundle: A Fiber Dissection Study
citation_paper_cites_prize_paper,Unknown Nobel Field,Health Professions,Unknown Domain,Health Sciences,,Health Professions,2,W1785442005,Aus dem Leben der Bienen,W89140124,Orientierung und Navigation
prize_paper_references_citation_paper,Physics and Astronomy,Nursing,Physical Sciences,Health Sciences,Physics and Astronomy,Nursing,1,W2007391198,Quantum phase transition from a superfluid to a Mott insulator in a gas of ultracold atoms,W2197642308,Vitamin C in tea.
prize_paper_references_citation_paper,Engineering,Environmental Science,Physical Sciences,Physical Sciences,Engineering,Environmental Science,8,W2001024934,Reconstruction of Three Dimensional Structures from Electron Micrographs,W192475522,Structure of the sheath of bacteriophage T4
prize_paper_references_citation_paper,Agricultural and Biological Sciences,Veterinary,Life Sciences,Health Sciences,Agricultural and Biological Sciences,Veterinary,4,W2143107875,UNIDENTIFIED CURVED BACILLI IN THE STOMACH OF PATIENTS WITH GASTRITIS AND PEPTIC ULCERATION,W1996379814,Spiral organisms in endoscopic biopsies of the human stomach.
prize_paper_references_citation_paper,Earth and Planetary Sciences,"Pharmacology, Toxicology and Pharmaceutics",Physical Sciences,Life Sciences,Earth and Planetary Sciences,"Pharmacology, Toxicology and Pharmaceutics",1,W2058179313,Stratospheric sink for chlorofluoromethanes: chlorine atom-catalysed destruction of ozone,W2064239403,Chemistry of organic fluorine compounds
citation_paper_cites_prize_paper,Veterinary,"Pharmacology, Toxicology and Pharmaceutics",Health Sciences,Life Sciences,Veterinary,"Pharmacology, Toxicology and Pharmaceutics",1,W2112130390,"Avermectins, New Family of Potent Anthelmintic Agents: Efficacy of the B <sub>1a</sub> Component",W2891937576,Ivermectin inhibits the growth of glioma cells by inducing cell cycle arrest and apoptosis in vitro and in vivo
citation_paper_cites_prize_paper,Veterinary,Energy,Health Sciences,Physical Sciences,Veterinary,Energy,1,W2112130390,"Avermectins, New Family of Potent Anthelmintic Agents: Efficacy of the B <sub>1a</sub> Component",W3043014918,"SufR, a [4Fe-4S] Cluster-Containing Transcription Factor, Represses the <i>sufRBDCSU</i> Operon in Streptomyces avermitilis Iron-Sulfur Cluster Assembly"
citation_paper_cites_prize_paper,Veterinary,Computer Science,Health Sciences,Physical Sciences,Veterinary,Computer Science,1,W2112130390,"Avermectins, New Family of Potent Anthelmintic Agents: Efficacy of the B <sub>1a</sub> Component",W4393341457,History and Prospects of Drug Discovery and Development Collaboration between Industry and Academia
prize_paper_references_citation_paper,Neuroscience,"Pharmacology, Toxicology and Pharmaceutics",Life Sciences,Life Sciences,Neuroscience,"Pharmacology, Toxicology and Pharmaceutics",1,W2117059432,An analysis of the end‐plate potential recorded with an intra‐cellular electrode,W2175655924,PHARMACOLOGY OF THE NEUROMUSCULAR JUNCTION
prize_paper_references_citation_paper,Engineering,Energy,Physical Sciences,Physical Sciences,Engineering,Energy,2,W1981124145,"Uber Sichtbarmachung und Größenbestimmung ultramikoskopischer Teilchen, mit besonderer Anwendung auf Goldrubingläser",W2095531662,Über kolloidale Lösungen
prize_paper_references_citation_paper,Chemical Engineering,Environmental Science,Physical Sciences,Physical Sciences,Chemical Engineering,Environmental Science,1,W2036574905,Desoxy‐cortico‐steron (21‐Oxy‐progesteron) aus Δ<sup>5</sup>‐3‐Oxy‐ätio‐cholensäure,W118420144,THE DETERMINATION OF NITROGEN BY MODIFIED KJELDAHL METHODS
prize_paper_references_citation_paper,Chemical Engineering,"Biochemistry, Genetics and Molecular Biology",Physical Sciences,Life Sciences,Chemical Engineering,"Biochemistry, Genetics and Molecular Biology",4,W2036574905,Desoxy‐cortico‐steron (21‐Oxy‐progesteron) aus Δ<sup>5</sup>‐3‐Oxy‐ätio‐cholensäure,W1586183428,Δ<sup>5</sup>‐3‐Oxy‐ätio‐cholensäure und einige ihrer Umwandlungsprodukte
prize_paper_references_citation_paper,Chemical Engineering,Medicine,Physical Sciences,Health Sciences,Chemical Engineering,Medicine,5,W2036574905,Desoxy‐cortico‐steron (21‐Oxy‐progesteron) aus Δ<sup>5</sup>‐3‐Oxy‐ätio‐cholensäure,W1999072003,"Corticosteron, a Crystallized Compound with the Biological Activity of the Adrenal-cortical Hormone"
prize_paper_references_citation_paper,Materials Science,"Pharmacology, Toxicology and Pharmaceutics",Physical Sciences,Life Sciences,Materials Science,"Pharmacology, Toxicology and Pharmaceutics",1,W1949899304,Über die technische Darstellung von Ammoniak aus den Elementen,W1806702525,Über Synthese des Ammoniaks aus den Elementen
prize_paper_references_citation_paper,Immunology and Microbiology,"Economics, Econometrics and Finance",Life Sciences,Social Sciences,Immunology and Microbiology,"Economics, Econometrics and Finance",1,W2043400793,Experimental Transmission of a Kuru-like Syndrome to Chimpanzees,W2056025685,Investigation of Non-Recurring Phenomena: The Research Cinema Film
citation_paper_cites_prize_paper,Chemical Engineering,Nursing,Physical Sciences,Health Sciences,Chemical Engineering,Nursing,2,W2036574905,Desoxy‐cortico‐steron (21‐Oxy‐progesteron) aus Δ<sup>5</sup>‐3‐Oxy‐ätio‐cholensäure,W3199735159,Der Wirkungsmechanismus der 1-Ascorbinsäure in Stoffwechsel und Mesenchym
citation_paper_cites_prize_paper,Energy,"Economics, Econometrics and Finance",Physical Sciences,Social Sciences,Energy,"Economics, Econometrics and Finance",1,W1982444105,Genetic Control of Biochemical Reactions in Neurospora,W2470380648,Bibliography
citation_paper_cites_prize_paper,Decision Sciences,"Biochemistry, Genetics and Molecular Biology",Social Sciences,Life Sciences,Decision Sciences,"Biochemistry, Genetics and Molecular Biology",1,W1975117866,"The Isolation of an Ion, a Precision Measurement of Its Charge, and the Correction of Stokes's Law",W1490280798,Electrodynamic Levitation of Particles
prize_paper_references_citation_paper,Agricultural and Biological Sciences,Earth and Planetary Sciences,Life Sciences,Physical Sciences,Agricultural and Biological Sciences,Earth and Planetary Sciences,1,W2006788765,A gene complex controlling segmentation in Drosophila,W2065036178,Lakes Beneath the Antarctic Ice Sheet
prize_paper_references_citation_paper,Agricultural and Biological Sciences,Arts and Humanities,Life Sciences,Social Sciences,Agricultural and Biological Sciences,Arts and Humanities,1,W2006788765,A gene complex controlling segmentation in Drosophila,W2543502544,Heritage from Mendel.
prize_paper_references_citation_paper,Agricultural and Biological Sciences,Psychology,Life Sciences,Social Sciences,Agricultural and Biological Sciences,Psychology,1,W2006788765,A gene complex controlling segmentation in Drosophila,W4243210287,Developmental Brainstorming
citation_paper_cites_prize_paper,Energy,Veterinary,Physical Sciences,Health Sciences,Energy,Veterinary,1,W1982444105,Genetic Control of Biochemical Reactions in Neurospora,W2082546296,Vitamin deficiencies of the filamentous fungi
prize_paper_references_citation_paper,Neuroscience,Energy,Life Sciences,Physical Sciences,Neuroscience,Energy,2,W2097186487,A novel multigene family may encode odorant receptors: A molecular basis for odor recognition,W1993108563,Biochemical Studies of Olfaction: Binding Specificity of Odorants to a Cilia Preparation from Rainbow Trout Olfactory Rosettes
prize_paper_references_citation_paper,Chemical Engineering,Mathematics,Physical Sciences,Physical Sciences,Chemical Engineering,Mathematics,2,W1884836326,Der stetige �bergang von der Mikro- zur Makromechanik,W1568868224,Recherches sur la théorie des quanta
prize_paper_references_citation_paper,Mathematics,Engineering,Physical Sciences,Physical Sciences,Mathematics,Engineering,2,W2248814689,Fine Structure of the Hydrogen Atom by a Microwave Method,W1696161280,Introduction to Atomic Spectra
prize_paper_references_citation_paper,Materials Science,Earth and Planetary Sciences,Physical Sciences,Physical Sciences,Materials Science,Earth and Planetary Sciences,1,W1970822797,Neutron Diffraction by Paramagnetic and Antiferromagnetic Substances,W1965423449,The Magnetic Properties of Hematite
prize_paper_references_citation_paper,Materials Science,Energy,Physical Sciences,Physical Sciences,Materials Science,Energy,1,W1970822797,Neutron Diffraction by Paramagnetic and Antiferromagnetic Substances,W2608873142,Propriétés magnétiques des ferrites ; ferrimagnétisme et antiferromagnétisme
prize_paper_references_citation_paper,Veterinary,Medicine,Health Sciences,Health Sciences,Veterinary,Medicine,4,W2112130390,"Avermectins, New Family of Potent Anthelmintic Agents: Efficacy of the B <sub>1a</sub> Component",W2082909688,"Avermectins, New Family of Potent Anthelmintic Agents: Producing Organism and Fermentation"
prize_paper_references_citation_paper,Veterinary,Agricultural and Biological Sciences,Health Sciences,Life Sciences,Veterinary,Agricultural and Biological Sciences,1,W2112130390,"Avermectins, New Family of Potent Anthelmintic Agents: Efficacy of the B <sub>1a</sub> Component",W2178893660,Critical tests of hygromycin B as an ascaricide of swine.
prize_paper_references_citation_paper,Veterinary,Veterinary,Health Sciences,Health Sciences,Veterinary,Veterinary,2,W2112130390,"Avermectins, New Family of Potent Anthelmintic Agents: Efficacy of the B <sub>1a</sub> Component",W2337959364,Methods for evaluating anthelmintics in the laboratory and their application to field conditions.
prize_paper_references_citation_paper,"Biochemistry, Genetics and Molecular Biology",Psychology,Life Sciences,Social Sciences,"Biochemistry, Genetics and Molecular Biology",Psychology,1,W1965289808,EFFECTS OF MOUSE TUMOR TRANSPLANTATION ON THE NERVOUS SYSTEM,W1977550363,The Development of Melanophores from Embryonic Mouse Tissues Grown in the Coelom of Chick Embryos
prize_paper_references_citation_paper,Engineering,Chemical Engineering,Physical Sciences,Physical Sciences,Engineering,Chemical Engineering,1,W2120730528,Beitrag zur geometrischen Elektronenoptik. II,W2330682910,Über einen lichtstarken Glühkathodenoszillographen für Außenaufnahme rasch verlaufender Vorgänge
citation_paper_cites_prize_paper,Psychology,Computer Science,Social Sciences,Physical Sciences,Psychology,Computer Science,1,W2068610106,PREFRONTAL LEUCOTOMY IN THE TREATMENT OF MENTAL DISORDERS,W4251047351,Historische Konzepte der Frontalhirnfunktionen und -erkrankungen
citation_paper_cites_prize_paper,Social Sciences,Environmental Science,Social Sciences,Physical Sciences,Social Sciences,Environmental Science,1,W1988813223,The Density of Lead from Ceylon Thorite,W2113383952,"XXV.<i>The mobility of ions in solution, with particular reference to the separation of isotopes</i>"
citation_paper_cites_prize_paper,Nursing,"Business, Management and Accounting",Health Sciences,Social Sciences,Nursing,"Business, Management and Accounting",1,W2000315362,Eine ergiebige Synthese der l‐Ascorbinsäure (C‐Vitamin),W2460327929,Bedeutung und Entwicklung der Gärungschemie
citation_paper_cites_prize_paper,Social Sciences,Arts and Humanities,Social Sciences,Social Sciences,Social Sciences,Arts and Humanities,1,W1988813223,The Density of Lead from Ceylon Thorite,W4211016383,Zweiter Bericht der Deutschen Atomgewichts‐Kommission: In der Zeit von 1916 bis 1920 veröffentlichte Abhandlungen
prize_paper_references_citation_paper,Decision Sciences,Physics and Astronomy,Social Sciences,Physical Sciences,Decision Sciences,Physics and Astronomy,1,W1975117866,"The Isolation of an Ion, a Precision Measurement of Its Charge, and the Correction of Stokes's Law",W2063658535,XXII. <i>A new modification of the cloud method of determining the elementary electrical charge and the most probable value of that charge</i>
citation_paper_cites_prize_paper,Decision Sciences,Neuroscience,Social Sciences,Life Sciences,Decision Sciences,Neuroscience,1,W1975117866,"The Isolation of an Ion, a Precision Measurement of Its Charge, and the Correction of Stokes's Law",W3167551546,Nós temos livre-arbítrio?
prize_paper_references_citation_paper,Nursing,Medicine,Health Sciences,Health Sciences,Nursing,Medicine,2,W2414829511,The disulphide bonds of insulin,W1983576444,On the size of the monomer of insulin
prize_paper_references_citation_paper,Nursing,Psychology,Health Sciences,Social Sciences,Nursing,Psychology,1,W2414829511,The disulphide bonds of insulin,W2114374730,"THE SEQUENCE OF AMINO ACIDS IN OXYTOCIN, WITH A PROPOSAL FOR THE STRUCTURE OF OXYTOCIN"
prize_paper_references_citation_paper,"Pharmacology, Toxicology and Pharmaceutics",Environmental Science,Life Sciences,Physical Sciences,"Pharmacology, Toxicology and Pharmaceutics",Environmental Science,1,W1205458192,Tissue fractionation studies. 6. Intracellular distribution patterns of enzymes in rat-liver tissue,W186631721,Effect of haematin on the oxidation of succinic acid by tissue preparations
prize_paper_references_citation_paper,"Pharmacology, Toxicology and Pharmaceutics",Agricultural and Biological Sciences,Life Sciences,Life Sciences,"Pharmacology, Toxicology and Pharmaceutics",Agricultural and Biological Sciences,3,W1205458192,Tissue fractionation studies. 6. Intracellular distribution patterns of enzymes in rat-liver tissue,W2018243491,Phosphomonoesterase activity in hepatic tissues of the mouse
prize_paper_references_citation_paper,"Pharmacology, Toxicology and Pharmaceutics",Chemistry,Life Sciences,Physical Sciences,"Pharmacology, Toxicology and Pharmaceutics",Chemistry,4,W1205458192,Tissue fractionation studies. 6. Intracellular distribution patterns of enzymes in rat-liver tissue,W2093436596,"L'analyse simultanée des hexoses, des trioses et de leurs esters phosphorés"
prize_paper_references_citation_paper,"Pharmacology, Toxicology and Pharmaceutics","Pharmacology, Toxicology and Pharmaceutics",Life Sciences,Life Sciences,"Pharmacology, Toxicology and Pharmaceutics","Pharmacology, Toxicology and Pharmaceutics",1,W1205458192,Tissue fractionation studies. 6. Intracellular distribution patterns of enzymes in rat-liver tissue,W28733762,The preparation and properties of β-glucuronidase. 6. Activity in rat-liver preparations
