laureate_name,field,career_year,yearly_papers,cumulative_papers,is_prize_year
"abrikosov, aa",Physics,0,2,2,True
"abrikosov, aa",Physics,1,3,5,False
"abrikosov, aa",Physics,2,1,6,False
"abrikosov, aa",Physics,7,1,7,False
"abrikosov, aa",Physics,8,1,8,False
"abrikosov, aa",Physics,11,1,9,False
"abrikosov, aa",Physics,12,1,10,False
"abrikosov, aa",Physics,13,3,13,False
"abrikosov, aa",Physics,14,1,14,False
"abrikosov, aa",Physics,15,3,17,False
"abrikosov, aa",Physics,16,3,20,False
"abrikosov, aa",Physics,18,1,21,False
"abrikosov, aa",Physics,20,2,23,False
"abrikosov, aa",Physics,21,4,27,False
"abrikosov, aa",Physics,22,4,31,False
"abrikosov, aa",Physics,23,2,33,False
"abrikosov, aa",Physics,24,2,35,False
"abrikosov, aa",Physics,25,1,36,False
"abrikosov, aa",Physics,26,1,37,False
"abrikosov, aa",Physics,30,1,38,False
"abrikosov, aa",Physics,31,2,40,False
"abrikosov, aa",Physics,32,1,41,False
"abrikosov, aa",Physics,33,2,43,False
"abrikosov, aa",Physics,34,1,44,False
"abrikosov, aa",Physics,35,2,46,False
"abrikosov, aa",Physics,36,2,48,False
"abrikosov, aa",Physics,37,6,54,False
"abrikosov, aa",Physics,38,6,60,False
"abrikosov, aa",Physics,39,4,64,False
"abrikosov, aa",Physics,40,4,68,False
"abrikosov, aa",Physics,41,4,72,False
"abrikosov, aa",Physics,42,3,75,False
"abrikosov, aa",Physics,43,4,79,False
"abrikosov, aa",Physics,44,5,84,False
"abrikosov, aa",Physics,45,1,85,False
"abrikosov, aa",Physics,46,4,89,False
"abrikosov, aa",Physics,47,6,95,False
"abrikosov, aa",Physics,48,4,99,False
"abrikosov, aa",Physics,49,1,100,False
"abrikosov, aa",Physics,51,3,103,False
"abrikosov, aa",Physics,52,2,105,False
"abrikosov, aa",Physics,53,1,106,False
"abrikosov, aa",Physics,54,1,107,False
"abrikosov, aa",Physics,56,1,108,False
"adrian, ed",Medicine,0,4,4,False
"adrian, ed",Medicine,1,2,6,False
"adrian, ed",Medicine,2,2,8,True
"adrian, ed",Medicine,3,2,10,False
"adrian, ed",Medicine,4,2,12,False
"adrian, ed",Medicine,5,4,16,False
"adrian, ed",Medicine,6,1,17,False
"adrian, ed",Medicine,7,2,19,False
"adrian, ed",Medicine,8,2,21,False
"adrian, ed",Medicine,9,1,22,False
"adrian, ed",Medicine,10,2,24,False
"adrian, ed",Medicine,11,1,25,False
"adrian, ed",Medicine,12,1,26,False
"adrian, ed",Medicine,13,1,27,False
"adrian, ed",Medicine,15,1,28,False
"adrian, ed",Medicine,16,1,29,False
"adrian, ed",Medicine,17,3,32,False
"adrian, ed",Medicine,18,2,34,False
"adrian, ed",Medicine,19,1,35,False
"adrian, ed",Medicine,20,1,36,False
"adrian, ed",Medicine,21,1,37,False
"adrian, ed",Medicine,24,1,38,False
"adrian, ed",Medicine,26,1,39,False
"agre, p",Chemistry,0,1,1,False
"agre, p",Chemistry,1,1,2,False
"agre, p",Chemistry,3,1,3,False
"agre, p",Chemistry,4,1,4,False
"agre, p",Chemistry,5,1,5,False
"agre, p",Chemistry,6,1,6,False
"agre, p",Chemistry,7,3,9,False
"agre, p",Chemistry,8,3,12,False
"agre, p",Chemistry,9,3,15,False
"agre, p",Chemistry,10,1,16,False
"agre, p",Chemistry,11,3,19,True
"agre, p",Chemistry,12,8,27,False
"agre, p",Chemistry,13,9,36,False
"agre, p",Chemistry,14,10,46,False
"agre, p",Chemistry,15,9,55,False
"agre, p",Chemistry,16,15,70,False
"agre, p",Chemistry,17,11,81,False
"agre, p",Chemistry,18,13,94,False
"agre, p",Chemistry,19,10,104,False
"agre, p",Chemistry,20,12,116,False
"agre, p",Chemistry,21,10,126,False
"agre, p",Chemistry,22,6,132,False
"agre, p",Chemistry,23,12,144,False
"agre, p",Chemistry,24,6,150,False
"agre, p",Chemistry,25,8,158,False
"agre, p",Chemistry,26,8,166,False
"agre, p",Chemistry,27,2,168,False
"agre, p",Chemistry,28,5,173,False
"agre, p",Chemistry,29,3,176,False
"agre, p",Chemistry,30,4,180,False
"agre, p",Chemistry,32,3,183,False
"agre, p",Chemistry,33,1,184,False
"agre, p",Chemistry,35,1,185,False
"agre, p",Chemistry,36,2,187,False
"agre, p",Chemistry,37,1,188,False
"akasaki, isamu",Physics,0,2,2,False
"akasaki, isamu",Physics,1,3,5,False
"akasaki, isamu",Physics,2,1,6,False
"akasaki, isamu",Physics,3,2,8,False
"akasaki, isamu",Physics,4,2,10,False
"akasaki, isamu",Physics,5,1,11,False
"akasaki, isamu",Physics,6,1,12,False
"akasaki, isamu",Physics,12,1,13,False
"akasaki, isamu",Physics,21,1,14,False
"akasaki, isamu",Physics,22,2,16,False
"akasaki, isamu",Physics,23,6,22,False
"akasaki, isamu",Physics,24,8,30,False
"akasaki, isamu",Physics,25,4,34,False
"akasaki, isamu",Physics,26,10,44,False
"akasaki, isamu",Physics,27,9,53,True
"akasaki, isamu",Physics,28,7,60,False
"akasaki, isamu",Physics,29,14,74,False
"akasaki, isamu",Physics,30,8,82,False
"akasaki, isamu",Physics,31,14,96,False
"akasaki, isamu",Physics,32,13,109,False
"akasaki, isamu",Physics,33,29,138,False
"akasaki, isamu",Physics,34,21,159,False
"akasaki, isamu",Physics,35,37,196,False
"akasaki, isamu",Physics,36,36,232,False
"akasaki, isamu",Physics,37,45,277,False
"akasaki, isamu",Physics,38,38,315,False
"akasaki, isamu",Physics,39,23,338,False
"akasaki, isamu",Physics,40,35,373,False
"akasaki, isamu",Physics,41,23,396,False
"akasaki, isamu",Physics,42,20,416,False
"akasaki, isamu",Physics,43,15,431,False
"akasaki, isamu",Physics,44,27,458,False
"akasaki, isamu",Physics,45,29,487,False
"akasaki, isamu",Physics,46,20,507,False
"akasaki, isamu",Physics,47,19,526,False
"akasaki, isamu",Physics,48,22,548,False
"akasaki, isamu",Physics,49,25,573,False
"akasaki, isamu",Physics,50,14,587,False
"akasaki, isamu",Physics,51,16,603,False
"akasaki, isamu",Physics,52,11,614,False
"akasaki, isamu",Physics,53,13,627,False
"akasaki, isamu",Physics,54,15,642,False
"akasaki, isamu",Physics,55,9,651,False
"akasaki, isamu",Physics,56,2,653,False
albert a. michelson,Physics,0,1,1,False
albert a. michelson,Physics,6,1,2,False
albert a. michelson,Physics,7,1,3,False
albert a. michelson,Physics,9,1,4,False
albert a. michelson,Physics,14,1,5,False
albert a. michelson,Physics,15,2,7,True
albert a. michelson,Physics,18,3,10,False
albert a. michelson,Physics,19,5,15,False
albert a. michelson,Physics,23,3,18,False
albert a. michelson,Physics,24,3,21,False
albert a. michelson,Physics,25,2,23,False
albert a. michelson,Physics,26,4,27,False
albert a. michelson,Physics,27,1,28,False
albert a. michelson,Physics,30,1,29,False
albert a. michelson,Physics,31,1,30,False
albert a. michelson,Physics,39,1,31,False
albert a. michelson,Physics,41,2,33,False
albert a. michelson,Physics,42,2,35,False
albert a. michelson,Physics,43,1,36,False
albert a. michelson,Physics,44,1,37,False
albert a. michelson,Physics,45,2,39,False
albert a. michelson,Physics,46,2,41,False
albert a. michelson,Physics,47,3,44,False
albert a. michelson,Physics,48,5,49,False
albert a. michelson,Physics,49,1,50,False
albert a. michelson,Physics,51,1,51,False
albert a. michelson,Physics,52,6,57,False
albert a. michelson,Physics,53,2,59,False
albert a. michelson,Physics,55,1,60,False
albert a. michelson,Physics,57,2,62,False
"alder, k",Chemistry,0,1,1,False
"alder, k",Chemistry,1,1,2,False
"alder, k",Chemistry,2,1,3,True
"alder, k",Chemistry,3,4,7,False
"alder, k",Chemistry,4,1,8,False
"alder, k",Chemistry,5,10,18,False
"alder, k",Chemistry,6,4,22,False
"alder, k",Chemistry,7,4,26,False
"alder, k",Chemistry,8,7,33,False
"alder, k",Chemistry,9,2,35,False
"alder, k",Chemistry,10,6,41,False
"alder, k",Chemistry,11,3,44,False
"alder, k",Chemistry,12,10,54,False
"alder, k",Chemistry,13,1,55,False
"alder, k",Chemistry,14,4,59,False
"alder, k",Chemistry,15,3,62,False
"alder, k",Chemistry,16,1,63,False
"alder, k",Chemistry,17,3,66,False
"alder, k",Chemistry,23,3,69,False
"alder, k",Chemistry,24,7,76,False
"alder, k",Chemistry,25,5,81,False
"alder, k",Chemistry,26,2,83,False
"alder, k",Chemistry,27,4,87,False
"alder, k",Chemistry,28,13,100,False
"alder, k",Chemistry,29,6,106,False
"alder, k",Chemistry,30,7,113,False
"alder, k",Chemistry,31,9,122,False
"alder, k",Chemistry,32,6,128,False
"alder, k",Chemistry,33,5,133,False
"alder, k",Chemistry,34,5,138,False
"alder, k",Chemistry,35,2,140,False
"alder, k",Chemistry,36,3,143,False
"alferov, zi",Physics,0,1,1,False
"alferov, zi",Physics,1,1,2,False
"alferov, zi",Physics,4,2,4,False
"alferov, zi",Physics,5,2,6,False
"alferov, zi",Physics,7,2,8,False
"alferov, zi",Physics,9,1,9,False
"alferov, zi",Physics,10,1,10,False
"alferov, zi",Physics,11,1,11,False
"alferov, zi",Physics,12,1,12,False
"alferov, zi",Physics,15,3,15,False
"alferov, zi",Physics,17,4,19,False
"alferov, zi",Physics,19,1,20,False
"alferov, zi",Physics,20,2,22,False
"alferov, zi",Physics,22,2,24,False
"alferov, zi",Physics,23,3,27,True
"alferov, zi",Physics,24,10,37,False
"alferov, zi",Physics,25,23,60,False
"alferov, zi",Physics,26,25,85,False
"alferov, zi",Physics,27,39,124,False
"alferov, zi",Physics,28,49,173,False
"alferov, zi",Physics,29,37,210,False
"alferov, zi",Physics,30,23,233,False
"alferov, zi",Physics,31,17,250,False
"alferov, zi",Physics,32,15,265,False
"alferov, zi",Physics,33,7,272,False
"alferov, zi",Physics,34,3,275,False
"alferov, zi",Physics,35,6,281,False
"alferov, zi",Physics,36,2,283,False
"alferov, zi",Physics,37,3,286,False
"alferov, zi",Physics,39,1,287,False
"alferov, zi",Physics,40,2,289,False
"alferov, zi",Physics,42,2,291,False
"alferov, zi",Physics,45,3,294,False
"alferov, zi",Physics,46,3,297,False
"alfven, h",Physics,0,1,1,True
"alfven, h",Physics,3,1,2,False
"alfven, h",Physics,7,2,4,False
"alfven, h",Physics,8,1,5,False
"alfven, h",Physics,10,1,6,False
"alfven, h",Physics,11,1,7,False
"alfven, h",Physics,12,1,8,False
"alfven, h",Physics,15,1,9,False
"alfven, h",Physics,16,1,10,False
"alfven, h",Physics,17,1,11,False
"alfven, h",Physics,18,1,12,False
"alfven, h",Physics,19,1,13,False
"alfven, h",Physics,21,1,14,False
"alfven, h",Physics,22,1,15,False
"alfven, h",Physics,23,2,17,False
"alfven, h",Physics,24,1,18,False
"alfven, h",Physics,25,2,20,False
"alfven, h",Physics,26,2,22,False
"alfven, h",Physics,28,3,25,False
"alfven, h",Physics,29,1,26,False
"alfven, h",Physics,30,3,29,False
"alfven, h",Physics,31,4,33,False
"alfven, h",Physics,32,3,36,False
"alfven, h",Physics,33,1,37,False
"alfven, h",Physics,34,1,38,False
"alfven, h",Physics,35,1,39,False
"alfven, h",Physics,36,1,40,False
"alfven, h",Physics,37,2,42,False
"alfven, h",Physics,38,1,43,False
"alfven, h",Physics,39,3,46,False
"alfven, h",Physics,40,3,49,False
"alfven, h",Physics,41,1,50,False
"alfven, h",Physics,42,1,51,False
"alfven, h",Physics,43,1,52,False
"alfven, h",Physics,44,3,55,False
"alfven, h",Physics,45,2,57,False
"alfven, h",Physics,47,4,61,False
"alfven, h",Physics,48,1,62,False
"alfven, h",Physics,49,1,63,False
"alfven, h",Physics,50,1,64,False
"alfven, h",Physics,51,1,65,False
"altman, s",Chemistry,0,4,4,False
"altman, s",Chemistry,1,3,7,False
"altman, s",Chemistry,3,3,10,False
"altman, s",Chemistry,4,1,11,False
"altman, s",Chemistry,5,2,13,False
"altman, s",Chemistry,6,2,15,False
"altman, s",Chemistry,7,2,17,False
"altman, s",Chemistry,8,2,19,False
"altman, s",Chemistry,9,2,21,False
"altman, s",Chemistry,10,4,25,False
"altman, s",Chemistry,11,4,29,False
"altman, s",Chemistry,12,1,30,False
"altman, s",Chemistry,13,3,33,True
"altman, s",Chemistry,14,4,37,False
"altman, s",Chemistry,15,2,39,False
"altman, s",Chemistry,16,7,46,False
"altman, s",Chemistry,17,6,52,False
"altman, s",Chemistry,18,5,57,False
"altman, s",Chemistry,19,6,63,False
"altman, s",Chemistry,20,9,72,False
"altman, s",Chemistry,21,2,74,False
"altman, s",Chemistry,22,5,79,False
"altman, s",Chemistry,23,5,84,False
"altman, s",Chemistry,24,5,89,False
"altman, s",Chemistry,25,3,92,False
"altman, s",Chemistry,26,4,96,False
"altman, s",Chemistry,27,5,101,False
"altman, s",Chemistry,28,3,104,False
"altman, s",Chemistry,29,5,109,False
"altman, s",Chemistry,30,3,112,False
"altman, s",Chemistry,31,6,118,False
"altman, s",Chemistry,32,7,125,False
"altman, s",Chemistry,33,3,128,False
"altman, s",Chemistry,34,4,132,False
"altman, s",Chemistry,35,5,137,False
"altman, s",Chemistry,37,4,141,False
"altman, s",Chemistry,38,4,145,False
"altman, s",Chemistry,39,1,146,False
"altman, s",Chemistry,40,1,147,False
"altman, s",Chemistry,41,1,148,False
"altman, s",Chemistry,42,3,151,False
"altman, s",Chemistry,43,4,155,False
"altman, s",Chemistry,44,1,156,False
"altman, s",Chemistry,45,2,158,False
"altman, s",Chemistry,46,2,160,False
"altman, s",Chemistry,47,1,161,False
"alvarez, lw",Physics,0,1,1,False
"alvarez, lw",Physics,1,1,2,False
"alvarez, lw",Physics,2,3,5,False
"alvarez, lw",Physics,3,1,6,False
"alvarez, lw",Physics,5,1,7,False
"alvarez, lw",Physics,6,2,9,False
"alvarez, lw",Physics,7,1,10,False
"alvarez, lw",Physics,17,1,11,False
"alvarez, lw",Physics,24,2,13,True
"alvarez, lw",Physics,25,1,14,False
"alvarez, lw",Physics,26,1,15,False
"alvarez, lw",Physics,27,3,18,False
"alvarez, lw",Physics,28,4,22,False
"alvarez, lw",Physics,30,1,23,False
"alvarez, lw",Physics,36,1,24,False
"alvarez, lw",Physics,37,1,25,False
"alvarez, lw",Physics,38,1,26,False
"alvarez, lw",Physics,43,1,27,False
"alvarez, lw",Physics,56,1,28,False
"amano, hiroshi",Physics,0,1,1,False
"amano, hiroshi",Physics,2,1,2,False
"amano, hiroshi",Physics,4,6,8,False
"amano, hiroshi",Physics,5,3,11,True
"amano, hiroshi",Physics,6,9,20,False
"amano, hiroshi",Physics,7,10,30,False
"amano, hiroshi",Physics,8,2,32,False
"amano, hiroshi",Physics,9,7,39,False
"amano, hiroshi",Physics,10,9,48,False
"amano, hiroshi",Physics,11,27,75,False
"amano, hiroshi",Physics,12,21,96,False
"amano, hiroshi",Physics,13,34,130,False
"amano, hiroshi",Physics,14,33,163,False
"amano, hiroshi",Physics,15,45,208,False
"amano, hiroshi",Physics,16,34,242,False
"amano, hiroshi",Physics,17,26,268,False
"amano, hiroshi",Physics,18,36,304,False
"amano, hiroshi",Physics,19,24,328,False
"amano, hiroshi",Physics,20,23,351,False
"amano, hiroshi",Physics,21,20,371,False
"amano, hiroshi",Physics,22,29,400,False
"amano, hiroshi",Physics,23,32,432,False
"amano, hiroshi",Physics,24,21,453,False
"amano, hiroshi",Physics,25,24,477,False
"amano, hiroshi",Physics,26,25,502,False
"amano, hiroshi",Physics,27,37,539,False
"amano, hiroshi",Physics,28,21,560,False
"amano, hiroshi",Physics,29,26,586,False
"amano, hiroshi",Physics,30,19,605,False
"amano, hiroshi",Physics,31,17,622,False
"amano, hiroshi",Physics,32,20,642,False
"amano, hiroshi",Physics,33,22,664,False
"amano, hiroshi",Physics,34,2,666,False
"anderson, cd",Physics,0,2,2,False
"anderson, cd",Physics,1,4,6,True
"anderson, cd",Physics,2,4,10,False
"anderson, cd",Physics,4,1,11,False
"anderson, cd",Physics,5,1,12,False
"anderson, cd",Physics,6,2,14,False
"anderson, cd",Physics,7,1,15,False
"anderson, cd",Physics,15,1,16,False
"anderson, cd",Physics,16,1,17,False
"anderson, cd",Physics,17,2,19,False
"anderson, cd",Physics,18,1,20,False
"anderson, cd",Physics,21,1,21,False
"anderson, cd",Physics,22,1,22,False
"anderson, cd",Physics,23,1,23,False
"anderson, cd",Physics,25,1,24,False
"anderson, pw",Physics,0,1,1,False
"anderson, pw",Physics,1,3,4,False
"anderson, pw",Physics,2,1,5,False
"anderson, pw",Physics,3,1,6,False
"anderson, pw",Physics,4,1,7,False
"anderson, pw",Physics,5,2,9,False
"anderson, pw",Physics,6,1,10,False
"anderson, pw",Physics,7,3,13,False
"anderson, pw",Physics,8,2,15,False
"anderson, pw",Physics,9,4,19,True
"anderson, pw",Physics,10,5,24,False
"anderson, pw",Physics,11,2,26,False
"anderson, pw",Physics,12,2,28,False
"anderson, pw",Physics,13,4,32,False
"anderson, pw",Physics,14,3,35,False
"anderson, pw",Physics,15,4,39,False
"anderson, pw",Physics,16,3,42,False
"anderson, pw",Physics,17,3,45,False
"anderson, pw",Physics,18,2,47,False
"anderson, pw",Physics,19,4,51,False
"anderson, pw",Physics,20,3,54,False
"anderson, pw",Physics,21,6,60,False
"anderson, pw",Physics,22,2,62,False
"anderson, pw",Physics,23,7,69,False
"anderson, pw",Physics,24,10,79,False
"anderson, pw",Physics,25,9,88,False
"anderson, pw",Physics,26,4,92,False
"anderson, pw",Physics,27,2,94,False
"anderson, pw",Physics,28,3,97,False
"anderson, pw",Physics,29,8,105,False
"anderson, pw",Physics,30,5,110,False
"anderson, pw",Physics,31,5,115,False
"anderson, pw",Physics,32,7,122,False
"anderson, pw",Physics,33,3,125,False
"anderson, pw",Physics,34,3,128,False
"anderson, pw",Physics,35,7,135,False
"anderson, pw",Physics,36,4,139,False
"anderson, pw",Physics,37,3,142,False
"anderson, pw",Physics,38,10,152,False
"anderson, pw",Physics,39,12,164,False
"anderson, pw",Physics,40,9,173,False
"anderson, pw",Physics,41,10,183,False
"anderson, pw",Physics,42,11,194,False
"anderson, pw",Physics,43,7,201,False
"anderson, pw",Physics,44,7,208,False
"anderson, pw",Physics,45,10,218,False
"anderson, pw",Physics,46,9,227,False
"anderson, pw",Physics,47,4,231,False
"anderson, pw",Physics,48,9,240,False
"anderson, pw",Physics,49,5,245,False
"anderson, pw",Physics,50,8,253,False
"anderson, pw",Physics,51,8,261,False
"anderson, pw",Physics,52,5,266,False
"anderson, pw",Physics,53,6,272,False
"anderson, pw",Physics,54,2,274,False
"anderson, pw",Physics,55,3,277,False
"anderson, pw",Physics,56,2,279,False
"anderson, pw",Physics,57,6,285,False
"anderson, pw",Physics,58,5,290,False
"anderson, pw",Physics,59,4,294,False
"anderson, pw",Physics,60,4,298,False
"anfinsen, c",Chemistry,0,1,1,False
"anfinsen, c",Chemistry,1,3,4,False
"anfinsen, c",Chemistry,2,2,6,False
"anfinsen, c",Chemistry,7,2,8,False
"anfinsen, c",Chemistry,8,2,10,False
"anfinsen, c",Chemistry,9,2,12,False
"anfinsen, c",Chemistry,10,2,14,False
"anfinsen, c",Chemistry,11,4,18,False
"anfinsen, c",Chemistry,12,6,24,False
"anfinsen, c",Chemistry,14,1,25,False
"anfinsen, c",Chemistry,16,2,27,True
"anfinsen, c",Chemistry,17,2,29,False
"anfinsen, c",Chemistry,18,4,33,False
"anfinsen, c",Chemistry,20,2,35,False
"anfinsen, c",Chemistry,21,3,38,False
"anfinsen, c",Chemistry,22,4,42,False
"anfinsen, c",Chemistry,23,6,48,False
"anfinsen, c",Chemistry,24,4,52,False
"anfinsen, c",Chemistry,25,7,59,False
"anfinsen, c",Chemistry,26,4,63,False
"anfinsen, c",Chemistry,27,4,67,False
"anfinsen, c",Chemistry,28,4,71,False
"anfinsen, c",Chemistry,29,4,75,False
"anfinsen, c",Chemistry,30,1,76,False
"anfinsen, c",Chemistry,31,1,77,False
"anfinsen, c",Chemistry,32,1,78,False
"anfinsen, c",Chemistry,34,2,80,False
"anfinsen, c",Chemistry,35,2,82,False
"anfinsen, c",Chemistry,36,1,83,False
"anfinsen, c",Chemistry,39,1,84,False
"anfinsen, c",Chemistry,40,1,85,False
"anfinsen, c",Chemistry,48,1,86,False
"appleton, ev",Physics,0,2,2,True
"arber, w",Medicine,0,1,1,False
"arber, w",Medicine,1,1,2,False
"arber, w",Medicine,2,1,3,False
"arber, w",Medicine,3,2,5,False
"arber, w",Medicine,4,1,6,False
"arber, w",Medicine,5,1,7,True
"arber, w",Medicine,6,1,8,False
"arber, w",Medicine,7,2,10,False
"arber, w",Medicine,8,2,12,False
"arber, w",Medicine,9,2,14,False
"arber, w",Medicine,10,1,15,False
"arber, w",Medicine,11,1,16,False
"arber, w",Medicine,12,3,19,False
"arber, w",Medicine,13,1,20,False
"arber, w",Medicine,17,2,22,False
"arber, w",Medicine,19,2,24,False
"arber, w",Medicine,20,4,28,False
"arber, w",Medicine,21,3,31,False
"arber, w",Medicine,22,4,35,False
"arber, w",Medicine,23,2,37,False
"arber, w",Medicine,24,4,41,False
"arber, w",Medicine,25,2,43,False
"arber, w",Medicine,26,4,47,False
"arber, w",Medicine,27,3,50,False
"arber, w",Medicine,28,7,57,False
"arber, w",Medicine,29,4,61,False
"arber, w",Medicine,30,7,68,False
"arber, w",Medicine,31,1,69,False
"arber, w",Medicine,32,4,73,False
"arber, w",Medicine,33,3,76,False
"arber, w",Medicine,34,4,80,False
"arber, w",Medicine,35,3,83,False
"arber, w",Medicine,36,2,85,False
"arber, w",Medicine,37,1,86,False
"arber, w",Medicine,38,4,90,False
"arber, w",Medicine,39,2,92,False
"arber, w",Medicine,40,3,95,False
"arber, w",Medicine,41,1,96,False
"arber, w",Medicine,42,4,100,False
"arber, w",Medicine,43,1,101,False
"arber, w",Medicine,45,1,102,False
"arber, w",Medicine,46,1,103,False
"arber, w",Medicine,47,1,104,False
"arber, w",Medicine,48,2,106,False
"arber, w",Medicine,51,2,108,False
"arber, w",Medicine,52,3,111,False
"arber, w",Medicine,53,1,112,False
"arber, w",Medicine,54,1,113,False
"arber, w",Medicine,55,1,114,False
"arber, w",Medicine,60,1,115,False
"aston, f",Chemistry,0,1,1,True
"aston, f",Chemistry,1,1,2,False
"aston, f",Chemistry,2,2,4,False
"aston, f",Chemistry,3,5,9,False
"aston, f",Chemistry,4,1,10,False
"aston, f",Chemistry,5,2,12,False
"aston, f",Chemistry,6,2,14,False
"aston, f",Chemistry,11,1,15,False
"aston, f",Chemistry,12,1,16,False
"aston, f",Chemistry,14,1,17,False
"aston, f",Chemistry,15,1,18,False
"axel, r",Medicine,0,5,5,False
"axel, r",Medicine,1,2,7,False
"axel, r",Medicine,2,3,10,False
"axel, r",Medicine,3,3,13,False
"axel, r",Medicine,4,4,17,False
"axel, r",Medicine,5,3,20,False
"axel, r",Medicine,6,3,23,False
"axel, r",Medicine,7,5,28,False
"axel, r",Medicine,8,4,32,False
"axel, r",Medicine,9,3,35,False
"axel, r",Medicine,10,4,39,False
"axel, r",Medicine,11,5,44,False
"axel, r",Medicine,12,2,46,False
"axel, r",Medicine,13,7,53,False
"axel, r",Medicine,14,5,58,False
"axel, r",Medicine,15,5,63,False
"axel, r",Medicine,16,5,68,False
"axel, r",Medicine,17,4,72,False
"axel, r",Medicine,18,6,78,False
"axel, r",Medicine,19,5,83,True
"axel, r",Medicine,20,6,89,False
"axel, r",Medicine,21,4,93,False
"axel, r",Medicine,22,3,96,False
"axel, r",Medicine,23,5,101,False
"axel, r",Medicine,24,1,102,False
"axel, r",Medicine,25,2,104,False
"axel, r",Medicine,26,4,108,False
"axel, r",Medicine,27,3,111,False
"axel, r",Medicine,28,3,114,False
"axel, r",Medicine,29,2,116,False
"axel, r",Medicine,30,4,120,False
"axel, r",Medicine,31,2,122,False
"axel, r",Medicine,32,7,129,False
"axel, r",Medicine,33,3,132,False
"axel, r",Medicine,34,1,133,False
"axel, r",Medicine,35,1,134,False
"axel, r",Medicine,36,3,137,False
"axel, r",Medicine,37,1,138,False
"axel, r",Medicine,38,2,140,False
"axel, r",Medicine,39,3,143,False
"axel, r",Medicine,40,1,144,False
"axel, r",Medicine,41,1,145,False
"axel, r",Medicine,42,3,148,False
"axel, r",Medicine,43,1,149,False
"axel, r",Medicine,45,2,151,False
"axelrod, j",Medicine,0,1,1,False
"axelrod, j",Medicine,1,1,2,False
"axelrod, j",Medicine,3,1,3,False
"axelrod, j",Medicine,6,2,5,False
"axelrod, j",Medicine,7,2,7,False
"axelrod, j",Medicine,8,1,8,False
"axelrod, j",Medicine,9,7,15,True
"axelrod, j",Medicine,10,7,22,False
"axelrod, j",Medicine,11,9,31,False
"axelrod, j",Medicine,12,9,40,False
"axelrod, j",Medicine,13,9,49,False
"axelrod, j",Medicine,14,10,59,False
"axelrod, j",Medicine,15,13,72,False
"axelrod, j",Medicine,16,15,87,False
"axelrod, j",Medicine,17,13,100,False
"axelrod, j",Medicine,18,8,108,False
"axelrod, j",Medicine,19,14,122,False
"axelrod, j",Medicine,20,18,140,False
"axelrod, j",Medicine,21,8,148,False
"axelrod, j",Medicine,22,12,160,False
"axelrod, j",Medicine,23,17,177,False
"axelrod, j",Medicine,24,10,187,False
"axelrod, j",Medicine,25,9,196,False
"axelrod, j",Medicine,26,19,215,False
"axelrod, j",Medicine,27,9,224,False
"axelrod, j",Medicine,28,7,231,False
"axelrod, j",Medicine,29,8,239,False
"axelrod, j",Medicine,30,8,247,False
"axelrod, j",Medicine,31,10,257,False
"axelrod, j",Medicine,32,14,271,False
"axelrod, j",Medicine,33,12,283,False
"axelrod, j",Medicine,34,8,291,False
"axelrod, j",Medicine,35,6,297,False
"axelrod, j",Medicine,36,2,299,False
"axelrod, j",Medicine,37,2,301,False
"axelrod, j",Medicine,38,4,305,False
"axelrod, j",Medicine,39,3,308,False
"axelrod, j",Medicine,40,4,312,False
"axelrod, j",Medicine,41,1,313,False
"axelrod, j",Medicine,42,7,320,False
"axelrod, j",Medicine,43,2,322,False
"axelrod, j",Medicine,45,3,325,False
"axelrod, j",Medicine,46,2,327,False
"axelrod, j",Medicine,47,2,329,False
"axelrod, j",Medicine,48,1,330,False
"axelrod, j",Medicine,50,1,331,False
"axelrod, j",Medicine,55,2,333,False
"axelrod, j",Medicine,58,4,337,False
baltimor.d,Medicine,0,3,3,False
baltimor.d,Medicine,1,6,9,False
baltimor.d,Medicine,2,2,11,False
baltimor.d,Medicine,3,1,12,False
baltimor.d,Medicine,4,4,16,False
baltimor.d,Medicine,5,1,17,False
baltimor.d,Medicine,6,5,22,False
baltimor.d,Medicine,7,2,24,False
baltimor.d,Medicine,8,9,33,True
baltimor.d,Medicine,9,4,37,False
baltimor.d,Medicine,10,3,40,False
baltimor.d,Medicine,11,3,43,False
baltimor.d,Medicine,12,12,55,False
baltimor.d,Medicine,13,12,67,False
baltimor.d,Medicine,14,10,77,False
baltimor.d,Medicine,15,11,88,False
baltimor.d,Medicine,16,14,102,False
baltimor.d,Medicine,17,11,113,False
baltimor.d,Medicine,18,14,127,False
baltimor.d,Medicine,19,14,141,False
baltimor.d,Medicine,20,13,154,False
baltimor.d,Medicine,21,8,162,False
baltimor.d,Medicine,22,12,174,False
baltimor.d,Medicine,23,8,182,False
baltimor.d,Medicine,24,15,197,False
baltimor.d,Medicine,25,16,213,False
baltimor.d,Medicine,26,15,228,False
baltimor.d,Medicine,27,18,246,False
baltimor.d,Medicine,28,14,260,False
baltimor.d,Medicine,29,22,282,False
baltimor.d,Medicine,30,12,294,False
baltimor.d,Medicine,31,16,310,False
baltimor.d,Medicine,32,16,326,False
baltimor.d,Medicine,33,16,342,False
baltimor.d,Medicine,34,13,355,False
baltimor.d,Medicine,35,13,368,False
baltimor.d,Medicine,36,8,376,False
baltimor.d,Medicine,37,12,388,False
baltimor.d,Medicine,38,6,394,False
baltimor.d,Medicine,39,3,397,False
baltimor.d,Medicine,40,11,408,False
baltimor.d,Medicine,41,8,416,False
baltimor.d,Medicine,42,6,422,False
baltimor.d,Medicine,43,4,426,False
baltimor.d,Medicine,44,4,430,False
baltimor.d,Medicine,45,3,433,False
baltimor.d,Medicine,46,14,447,False
baltimor.d,Medicine,47,7,454,False
baltimor.d,Medicine,48,12,466,False
baltimor.d,Medicine,49,11,477,False
baltimor.d,Medicine,50,17,494,False
baltimor.d,Medicine,51,11,505,False
baltimor.d,Medicine,52,13,518,False
baltimor.d,Medicine,53,7,525,False
baltimor.d,Medicine,54,8,533,False
baltimor.d,Medicine,55,13,546,False
baltimor.d,Medicine,56,2,548,False
"banting, fg",Medicine,0,4,4,True
"banting, fg",Medicine,2,1,5,False
"banting, fg",Medicine,15,1,6,False
"banting, fg",Medicine,34,1,7,False
"bardeen, j",Physics,0,2,2,False
"bardeen, j",Physics,5,2,4,False
"bardeen, j",Physics,6,2,6,False
"bardeen, j",Physics,7,4,10,False
"bardeen, j",Physics,8,5,15,False
"bardeen, j",Physics,10,2,17,False
"bardeen, j",Physics,11,1,18,False
"bardeen, j",Physics,17,6,24,True
"bardeen, j",Physics,18,8,32,False
"bardeen, j",Physics,19,8,40,False
"bardeen, j",Physics,20,14,54,False
"bardeen, j",Physics,21,12,66,False
"bardeen, j",Physics,22,2,68,False
"bardeen, j",Physics,23,2,70,False
"bardeen, j",Physics,24,6,76,False
"bardeen, j",Physics,25,4,80,False
"bardeen, j",Physics,26,3,83,False
"bardeen, j",Physics,27,11,94,False
"bardeen, j",Physics,28,8,102,False
"bardeen, j",Physics,29,2,104,False
"bardeen, j",Physics,30,2,106,False
"bardeen, j",Physics,31,4,110,False
"bardeen, j",Physics,32,6,116,False
"bardeen, j",Physics,33,4,120,False
"bardeen, j",Physics,34,4,124,False
"bardeen, j",Physics,35,4,128,False
"bardeen, j",Physics,36,2,130,False
"bardeen, j",Physics,37,2,132,False
"bardeen, j",Physics,38,2,134,False
"bardeen, j",Physics,39,4,138,False
"bardeen, j",Physics,41,2,140,False
"bardeen, j",Physics,42,2,142,False
"bardeen, j",Physics,43,10,152,False
"bardeen, j",Physics,44,2,154,False
"bardeen, j",Physics,45,4,158,False
"bardeen, j",Physics,47,2,160,False
"bardeen, j",Physics,48,4,164,False
"bardeen, j",Physics,49,2,166,False
"bardeen, j",Physics,50,8,174,False
"bardeen, j",Physics,51,2,176,False
"bardeen, j",Physics,52,6,182,False
"bardeen, j",Physics,53,4,186,False
"bardeen, j",Physics,54,4,190,False
"bardeen, j",Physics,55,6,196,False
"bardeen, j",Physics,56,8,204,False
"bardeen, j",Physics,57,14,218,False
"bardeen, j",Physics,58,2,220,False
"bardeen, j",Physics,59,4,224,False
"bardeen, j",Physics,60,4,228,False
"barkla, cg",Physics,0,1,1,False
"barkla, cg",Physics,1,1,2,True
"barkla, cg",Physics,2,1,3,False
"barkla, cg",Physics,3,3,6,False
"barkla, cg",Physics,4,1,7,False
"barkla, cg",Physics,5,1,8,False
"barresinoussi, f",Medicine,0,2,2,False
"barresinoussi, f",Medicine,1,1,3,False
"barresinoussi, f",Medicine,2,2,5,True
"barresinoussi, f",Medicine,3,16,21,False
"barresinoussi, f",Medicine,4,9,30,False
"barresinoussi, f",Medicine,5,5,35,False
"barresinoussi, f",Medicine,6,4,39,False
"barresinoussi, f",Medicine,7,3,42,False
"barresinoussi, f",Medicine,8,4,46,False
"barresinoussi, f",Medicine,9,4,50,False
"barresinoussi, f",Medicine,10,4,54,False
"barresinoussi, f",Medicine,11,6,60,False
"barresinoussi, f",Medicine,12,2,62,False
"barresinoussi, f",Medicine,13,2,64,False
"barresinoussi, f",Medicine,14,1,65,False
"barresinoussi, f",Medicine,15,5,70,False
"barresinoussi, f",Medicine,16,5,75,False
"barresinoussi, f",Medicine,17,7,82,False
"barresinoussi, f",Medicine,18,6,88,False
"barresinoussi, f",Medicine,19,8,96,False
"barresinoussi, f",Medicine,20,7,103,False
"barresinoussi, f",Medicine,21,1,104,False
"barresinoussi, f",Medicine,22,10,114,False
"barresinoussi, f",Medicine,23,10,124,False
"barresinoussi, f",Medicine,24,6,130,False
"barresinoussi, f",Medicine,25,8,138,False
"barresinoussi, f",Medicine,26,7,145,False
"barresinoussi, f",Medicine,27,9,154,False
"barresinoussi, f",Medicine,28,15,169,False
"barresinoussi, f",Medicine,29,6,175,False
"barresinoussi, f",Medicine,30,4,179,False
"barresinoussi, f",Medicine,31,11,190,False
"barresinoussi, f",Medicine,32,6,196,False
"barresinoussi, f",Medicine,33,10,206,False
"barresinoussi, f",Medicine,34,12,218,False
"barresinoussi, f",Medicine,35,8,226,False
"barresinoussi, f",Medicine,36,2,228,False
"barton, d",Chemistry,0,1,1,False
"barton, d",Chemistry,1,1,2,False
"barton, d",Chemistry,2,3,5,False
"barton, d",Chemistry,3,1,6,False
"barton, d",Chemistry,4,5,11,False
"barton, d",Chemistry,5,12,23,False
"barton, d",Chemistry,6,4,27,False
"barton, d",Chemistry,7,8,35,False
"barton, d",Chemistry,8,7,42,False
"barton, d",Chemistry,9,11,53,False
"barton, d",Chemistry,10,16,69,False
"barton, d",Chemistry,11,1,70,False
"barton, d",Chemistry,12,9,79,True
"barton, d",Chemistry,13,9,88,False
"barton, d",Chemistry,14,11,99,False
"barton, d",Chemistry,15,2,101,False
"barton, d",Chemistry,16,11,112,False
"barton, d",Chemistry,17,9,121,False
"barton, d",Chemistry,18,16,137,False
"barton, d",Chemistry,19,4,141,False
"barton, d",Chemistry,20,5,146,False
"barton, d",Chemistry,21,18,164,False
"barton, d",Chemistry,22,13,177,False
"barton, d",Chemistry,23,8,185,False
"barton, d",Chemistry,24,15,200,False
"barton, d",Chemistry,25,10,210,False
"barton, d",Chemistry,26,19,229,False
"barton, d",Chemistry,27,38,267,False
"barton, d",Chemistry,28,31,298,False
"barton, d",Chemistry,29,41,339,False
"barton, d",Chemistry,30,36,375,False
"barton, d",Chemistry,31,50,425,False
"barton, d",Chemistry,32,28,453,False
"barton, d",Chemistry,33,45,498,False
"barton, d",Chemistry,34,17,515,False
"barton, d",Chemistry,35,29,544,False
"barton, d",Chemistry,36,39,583,False
"barton, d",Chemistry,37,37,620,False
"barton, d",Chemistry,38,39,659,False
"barton, d",Chemistry,39,26,685,False
"barton, d",Chemistry,40,29,714,False
"barton, d",Chemistry,41,43,757,False
"barton, d",Chemistry,42,48,805,False
"barton, d",Chemistry,43,33,838,False
"barton, d",Chemistry,44,38,876,False
"barton, d",Chemistry,45,41,917,False
"barton, d",Chemistry,46,47,964,False
"barton, d",Chemistry,47,30,994,False
"barton, d",Chemistry,48,36,1030,False
"barton, d",Chemistry,49,22,1052,False
"barton, d",Chemistry,50,24,1076,False
"barton, d",Chemistry,51,11,1087,False
"barton, d",Chemistry,52,23,1110,False
"barton, d",Chemistry,53,24,1134,False
"barton, d",Chemistry,54,21,1155,False
"barton, d",Chemistry,55,5,1160,False
"barton, d",Chemistry,57,1,1161,False
"basov, ng",Physics,0,1,1,True
"basov, ng",Physics,6,1,2,False
"basov, ng",Physics,7,1,3,False
"basov, ng",Physics,8,2,5,False
"basov, ng",Physics,12,6,11,False
"basov, ng",Physics,13,1,12,False
"basov, ng",Physics,14,4,16,False
"basov, ng",Physics,15,3,19,False
"basov, ng",Physics,16,1,20,False
"basov, ng",Physics,17,5,25,False
"basov, ng",Physics,18,1,26,False
"basov, ng",Physics,19,4,30,False
"basov, ng",Physics,20,6,36,False
"basov, ng",Physics,21,13,49,False
"basov, ng",Physics,22,10,59,False
"basov, ng",Physics,23,13,72,False
"basov, ng",Physics,24,6,78,False
"basov, ng",Physics,25,10,88,False
"basov, ng",Physics,26,9,97,False
"basov, ng",Physics,27,8,105,False
"basov, ng",Physics,28,14,119,False
"basov, ng",Physics,29,14,133,False
"basov, ng",Physics,30,7,140,False
"basov, ng",Physics,31,19,159,False
"basov, ng",Physics,32,14,173,False
"basov, ng",Physics,33,9,182,False
"basov, ng",Physics,34,4,186,False
"basov, ng",Physics,35,5,191,False
"basov, ng",Physics,36,2,193,False
"basov, ng",Physics,37,2,195,False
"basov, ng",Physics,38,2,197,False
"basov, ng",Physics,39,1,198,False
"basov, ng",Physics,41,2,200,False
"basov, ng",Physics,42,4,204,False
"basov, ng",Physics,43,2,206,False
"basov, ng",Physics,44,2,208,False
"basov, ng",Physics,45,6,214,False
"basov, ng",Physics,46,8,222,False
"basov, ng",Physics,47,3,225,False
"basov, ng",Physics,48,1,226,False
"beadle, gw",Medicine,0,1,1,False
"beadle, gw",Medicine,1,1,2,False
"beadle, gw",Medicine,2,2,4,False
"beadle, gw",Medicine,3,1,5,False
"beadle, gw",Medicine,5,2,7,False
"beadle, gw",Medicine,6,5,12,False
"beadle, gw",Medicine,7,1,13,False
"beadle, gw",Medicine,8,2,15,False
"beadle, gw",Medicine,9,3,18,False
"beadle, gw",Medicine,10,9,27,False
"beadle, gw",Medicine,11,4,31,False
"beadle, gw",Medicine,12,2,33,False
"beadle, gw",Medicine,13,1,34,False
"beadle, gw",Medicine,14,1,35,True
"beadle, gw",Medicine,15,1,36,False
"beadle, gw",Medicine,16,1,37,False
"beadle, gw",Medicine,18,4,41,False
"beadle, gw",Medicine,20,2,43,False
"beadle, gw",Medicine,21,2,45,False
"beadle, gw",Medicine,28,1,46,False
"beadle, gw",Medicine,32,1,47,False
"beadle, gw",Medicine,39,1,48,False
"beadle, gw",Medicine,53,1,49,False
"beadle, gw",Medicine,54,1,50,False
"bednorz, jg",Physics,0,1,1,False
"bednorz, jg",Physics,1,1,2,False
"bednorz, jg",Physics,4,1,3,False
"bednorz, jg",Physics,7,2,5,False
"bednorz, jg",Physics,8,3,8,False
"bednorz, jg",Physics,9,2,10,False
"bednorz, jg",Physics,10,1,11,True
"bednorz, jg",Physics,11,24,35,False
"bednorz, jg",Physics,12,18,53,False
"bednorz, jg",Physics,13,2,55,False
"bednorz, jg",Physics,15,7,62,False
"bednorz, jg",Physics,16,6,68,False
"bednorz, jg",Physics,17,6,74,False
"bednorz, jg",Physics,18,4,78,False
"bednorz, jg",Physics,19,5,83,False
"bednorz, jg",Physics,20,6,89,False
"bednorz, jg",Physics,21,4,93,False
"bednorz, jg",Physics,22,1,94,False
"bednorz, jg",Physics,23,1,95,False
"bednorz, jg",Physics,24,1,96,False
"bednorz, jg",Physics,25,1,97,False
"bednorz, jg",Physics,28,2,99,False
"bednorz, jg",Physics,30,1,100,False
"bednorz, jg",Physics,31,1,101,False
"bednorz, jg",Physics,32,2,103,False
"bednorz, jg",Physics,33,1,104,False
"bednorz, jg",Physics,37,1,105,False
"bednorz, jg",Physics,38,1,106,False
"bednorz, jg",Physics,39,1,107,False
"bednorz, jg",Physics,41,1,108,False
benacerr.b,Medicine,0,1,1,False
benacerr.b,Medicine,3,2,3,False
benacerr.b,Medicine,6,1,4,False
benacerr.b,Medicine,7,1,5,False
benacerr.b,Medicine,8,3,8,False
benacerr.b,Medicine,9,2,10,False
benacerr.b,Medicine,10,3,13,False
benacerr.b,Medicine,11,5,18,False
benacerr.b,Medicine,12,6,24,True
benacerr.b,Medicine,13,5,29,False
benacerr.b,Medicine,14,15,44,False
benacerr.b,Medicine,15,4,48,False
benacerr.b,Medicine,16,3,51,False
benacerr.b,Medicine,17,8,59,False
benacerr.b,Medicine,18,7,66,False
benacerr.b,Medicine,19,4,70,False
benacerr.b,Medicine,20,5,75,False
benacerr.b,Medicine,21,11,86,False
benacerr.b,Medicine,22,8,94,False
benacerr.b,Medicine,23,9,103,False
benacerr.b,Medicine,24,9,112,False
benacerr.b,Medicine,25,16,128,False
benacerr.b,Medicine,26,14,142,False
benacerr.b,Medicine,27,10,152,False
benacerr.b,Medicine,28,19,171,False
benacerr.b,Medicine,29,13,184,False
benacerr.b,Medicine,30,14,198,False
benacerr.b,Medicine,31,19,217,False
benacerr.b,Medicine,32,17,234,False
benacerr.b,Medicine,33,11,245,False
benacerr.b,Medicine,34,7,252,False
benacerr.b,Medicine,35,11,263,False
benacerr.b,Medicine,36,5,268,False
benacerr.b,Medicine,37,9,277,False
benacerr.b,Medicine,38,3,280,False
benacerr.b,Medicine,39,3,283,False
benacerr.b,Medicine,40,4,287,False
benacerr.b,Medicine,41,1,288,False
benacerr.b,Medicine,42,4,292,False
benacerr.b,Medicine,43,6,298,False
benacerr.b,Medicine,44,2,300,False
benacerr.b,Medicine,45,1,301,False
benacerr.b,Medicine,46,1,302,False
benacerr.b,Medicine,57,4,306,False
benacerr.b,Medicine,59,1,307,False
"berg, p",Chemistry,0,1,1,False
"berg, p",Chemistry,2,1,2,False
"berg, p",Chemistry,4,1,3,False
"berg, p",Chemistry,5,1,4,False
"berg, p",Chemistry,6,2,6,False
"berg, p",Chemistry,8,1,7,False
"berg, p",Chemistry,9,4,11,False
"berg, p",Chemistry,10,3,14,False
"berg, p",Chemistry,11,4,18,False
"berg, p",Chemistry,12,2,20,False
"berg, p",Chemistry,13,7,27,False
"berg, p",Chemistry,14,3,30,False
"berg, p",Chemistry,15,1,31,False
"berg, p",Chemistry,16,5,36,False
"berg, p",Chemistry,17,3,39,False
"berg, p",Chemistry,18,2,41,False
"berg, p",Chemistry,19,2,43,False
"berg, p",Chemistry,21,8,51,False
"berg, p",Chemistry,22,4,55,False
"berg, p",Chemistry,23,1,56,False
"berg, p",Chemistry,24,2,58,True
"berg, p",Chemistry,25,4,62,False
"berg, p",Chemistry,26,3,65,False
"berg, p",Chemistry,27,1,66,False
"berg, p",Chemistry,28,7,73,False
"berg, p",Chemistry,29,2,75,False
"berg, p",Chemistry,30,5,80,False
"berg, p",Chemistry,31,3,83,False
"berg, p",Chemistry,32,5,88,False
"berg, p",Chemistry,33,6,94,False
"berg, p",Chemistry,34,2,96,False
"berg, p",Chemistry,35,4,100,False
"berg, p",Chemistry,37,2,102,False
"berg, p",Chemistry,38,3,105,False
"berg, p",Chemistry,40,1,106,False
"berg, p",Chemistry,42,5,111,False
"berg, p",Chemistry,43,3,114,False
"berg, p",Chemistry,44,1,115,False
"berg, p",Chemistry,45,6,121,False
"berg, p",Chemistry,47,1,122,False
"berg, p",Chemistry,48,2,124,False
"berg, p",Chemistry,50,1,125,False
"berg, p",Chemistry,51,2,127,False
"berg, p",Chemistry,52,1,128,False
"berg, p",Chemistry,53,2,130,False
"berg, p",Chemistry,54,1,131,False
"berg, p",Chemistry,55,2,133,False
"berg, p",Chemistry,57,2,135,False
"berg, p",Chemistry,59,1,136,False
"bergstrom, s",Medicine,0,1,1,False
"bergstrom, s",Medicine,12,1,2,False
"bergstrom, s",Medicine,13,1,3,False
"bergstrom, s",Medicine,14,2,5,False
"bergstrom, s",Medicine,15,2,7,False
"bergstrom, s",Medicine,16,1,8,False
"bergstrom, s",Medicine,17,1,9,False
"bergstrom, s",Medicine,18,2,11,False
"bergstrom, s",Medicine,19,2,13,True
"bergstrom, s",Medicine,20,2,15,False
"bergstrom, s",Medicine,24,5,20,False
"bergstrom, s",Medicine,25,3,23,False
"bergstrom, s",Medicine,35,1,24,False
"bergstrom, s",Medicine,38,1,25,False
"bergstrom, s",Medicine,43,1,26,False
"bergstrom, s",Medicine,44,1,27,False
"bethe, ha",Physics,0,1,1,False
"bethe, ha",Physics,1,1,2,False
"bethe, ha",Physics,3,1,3,False
"bethe, ha",Physics,4,1,4,False
"bethe, ha",Physics,7,3,7,False
"bethe, ha",Physics,8,5,12,False
"bethe, ha",Physics,9,3,15,False
"bethe, ha",Physics,10,7,22,False
"bethe, ha",Physics,11,2,24,False
"bethe, ha",Physics,12,4,28,True
"bethe, ha",Physics,13,6,34,False
"bethe, ha",Physics,14,2,36,False
"bethe, ha",Physics,20,1,37,False
"bethe, ha",Physics,21,1,38,False
"bethe, ha",Physics,22,1,39,False
"bethe, ha",Physics,23,9,48,False
"bethe, ha",Physics,24,4,52,False
"bethe, ha",Physics,25,6,58,False
"bethe, ha",Physics,26,3,61,False
"bethe, ha",Physics,27,9,70,False
"bethe, ha",Physics,28,2,72,False
"bethe, ha",Physics,29,6,78,False
"bethe, ha",Physics,30,2,80,False
"bethe, ha",Physics,31,2,82,False
"bethe, ha",Physics,32,1,83,False
"bethe, ha",Physics,33,1,84,False
"bethe, ha",Physics,34,1,85,False
"bethe, ha",Physics,35,4,89,False
"bethe, ha",Physics,36,2,91,False
"bethe, ha",Physics,38,2,93,False
"bethe, ha",Physics,39,1,94,False
"bethe, ha",Physics,40,3,97,False
"bethe, ha",Physics,41,10,107,False
"bethe, ha",Physics,42,2,109,False
"bethe, ha",Physics,43,1,110,False
"bethe, ha",Physics,44,3,113,False
"bethe, ha",Physics,46,4,117,False
"bethe, ha",Physics,47,1,118,False
"bethe, ha",Physics,48,6,124,False
"bethe, ha",Physics,49,3,127,False
"bethe, ha",Physics,50,2,129,False
"bethe, ha",Physics,51,1,130,False
"bethe, ha",Physics,52,3,133,False
"bethe, ha",Physics,53,1,134,False
"bethe, ha",Physics,55,3,137,False
"bethe, ha",Physics,56,2,139,False
"bethe, ha",Physics,57,3,142,False
"bethe, ha",Physics,58,3,145,False
"bethe, ha",Physics,59,3,148,False
"bethe, ha",Physics,60,4,152,False
"betzig, e",Chemistry,0,4,4,False
"betzig, e",Chemistry,1,1,5,False
"betzig, e",Chemistry,2,1,6,False
"betzig, e",Chemistry,5,1,7,True
"betzig, e",Chemistry,6,6,13,False
"betzig, e",Chemistry,7,2,15,False
"betzig, e",Chemistry,8,7,22,False
"betzig, e",Chemistry,9,2,24,False
"betzig, e",Chemistry,10,1,25,False
"betzig, e",Chemistry,19,2,27,False
"betzig, e",Chemistry,20,1,28,False
"betzig, e",Chemistry,21,1,29,False
"betzig, e",Chemistry,22,4,33,False
"betzig, e",Chemistry,23,1,34,False
"betzig, e",Chemistry,24,2,36,False
"betzig, e",Chemistry,25,4,40,False
"betzig, e",Chemistry,26,4,44,False
"betzig, e",Chemistry,27,4,48,False
"betzig, e",Chemistry,28,8,56,False
"betzig, e",Chemistry,29,12,68,False
"betzig, e",Chemistry,30,11,79,False
"betzig, e",Chemistry,31,6,85,False
"beutler, b",Medicine,0,6,6,False
"beutler, b",Medicine,1,8,14,False
"beutler, b",Medicine,2,2,16,False
"beutler, b",Medicine,3,10,26,False
"beutler, b",Medicine,4,10,36,False
"beutler, b",Medicine,5,7,43,False
"beutler, b",Medicine,6,5,48,False
"beutler, b",Medicine,7,4,52,False
"beutler, b",Medicine,8,4,56,False
"beutler, b",Medicine,9,4,60,False
"beutler, b",Medicine,10,4,64,False
"beutler, b",Medicine,11,2,66,False
"beutler, b",Medicine,12,1,67,False
"beutler, b",Medicine,13,5,72,True
"beutler, b",Medicine,14,2,74,False
"beutler, b",Medicine,15,8,82,False
"beutler, b",Medicine,16,5,87,False
"beutler, b",Medicine,17,2,89,False
"beutler, b",Medicine,18,13,102,False
"beutler, b",Medicine,19,13,115,False
"beutler, b",Medicine,20,13,128,False
"beutler, b",Medicine,21,16,144,False
"beutler, b",Medicine,22,15,159,False
"beutler, b",Medicine,23,6,165,False
"beutler, b",Medicine,24,13,178,False
"beutler, b",Medicine,25,12,190,False
"beutler, b",Medicine,26,17,207,False
"beutler, b",Medicine,27,10,217,False
"beutler, b",Medicine,28,5,222,False
"beutler, b",Medicine,29,3,225,False
"binnig, g",Physics,0,1,1,False
"binnig, g",Physics,1,1,2,False
"binnig, g",Physics,2,4,6,True
"binnig, g",Physics,3,6,12,False
"binnig, g",Physics,4,3,15,False
"binnig, g",Physics,5,6,21,False
"binnig, g",Physics,6,11,32,False
"binnig, g",Physics,7,6,38,False
"binnig, g",Physics,8,1,39,False
"binnig, g",Physics,9,4,43,False
"binnig, g",Physics,10,1,44,False
"binnig, g",Physics,11,4,48,False
"binnig, g",Physics,12,3,51,False
"binnig, g",Physics,13,3,54,False
"binnig, g",Physics,14,1,55,False
"binnig, g",Physics,17,1,56,False
"binnig, g",Physics,19,4,60,False
"binnig, g",Physics,20,6,66,False
"binnig, g",Physics,21,1,67,False
"binnig, g",Physics,22,3,70,False
"binnig, g",Physics,23,1,71,False
"binnig, g",Physics,25,1,72,False
"binnig, g",Physics,26,1,73,False
"binnig, g",Physics,31,1,74,False
"bishop, jm",Medicine,0,1,1,False
"bishop, jm",Medicine,1,1,2,False
"bishop, jm",Medicine,2,2,4,False
"bishop, jm",Medicine,3,1,5,False
"bishop, jm",Medicine,4,2,7,False
"bishop, jm",Medicine,5,5,12,False
"bishop, jm",Medicine,6,2,14,False
"bishop, jm",Medicine,7,7,21,False
"bishop, jm",Medicine,8,8,29,False
"bishop, jm",Medicine,9,10,39,False
"bishop, jm",Medicine,10,5,44,False
"bishop, jm",Medicine,11,5,49,True
"bishop, jm",Medicine,12,11,60,False
"bishop, jm",Medicine,13,9,69,False
"bishop, jm",Medicine,14,6,75,False
"bishop, jm",Medicine,15,10,85,False
"bishop, jm",Medicine,16,22,107,False
"bishop, jm",Medicine,17,6,113,False
"bishop, jm",Medicine,18,19,132,False
"bishop, jm",Medicine,19,14,146,False
"bishop, jm",Medicine,20,15,161,False
"bishop, jm",Medicine,21,8,169,False
"bishop, jm",Medicine,22,9,178,False
"bishop, jm",Medicine,23,7,185,False
"bishop, jm",Medicine,24,12,197,False
"bishop, jm",Medicine,25,7,204,False
"bishop, jm",Medicine,26,9,213,False
"bishop, jm",Medicine,27,2,215,False
"bishop, jm",Medicine,28,7,222,False
"bishop, jm",Medicine,29,1,223,False
"bishop, jm",Medicine,30,4,227,False
"bishop, jm",Medicine,31,3,230,False
"bishop, jm",Medicine,32,7,237,False
"bishop, jm",Medicine,33,5,242,False
"bishop, jm",Medicine,34,10,252,False
"bishop, jm",Medicine,35,3,255,False
"bishop, jm",Medicine,36,4,259,False
"bishop, jm",Medicine,37,4,263,False
"bishop, jm",Medicine,38,1,264,False
"bishop, jm",Medicine,39,4,268,False
"bishop, jm",Medicine,40,4,272,False
"bishop, jm",Medicine,41,2,274,False
"bishop, jm",Medicine,42,3,277,False
"bishop, jm",Medicine,43,4,281,False
"bishop, jm",Medicine,45,3,284,False
"bishop, jm",Medicine,46,3,287,False
"bishop, jm",Medicine,47,6,293,False
"bishop, jm",Medicine,48,3,296,False
"bishop, jm",Medicine,49,1,297,False
"bishop, jm",Medicine,50,2,299,False
"bishop, jm",Medicine,51,2,301,False
"black, jw",Medicine,0,1,1,False
"black, jw",Medicine,1,2,3,False
"black, jw",Medicine,2,1,4,False
"black, jw",Medicine,5,1,5,True
"black, jw",Medicine,7,1,6,False
"black, jw",Medicine,15,2,8,False
"black, jw",Medicine,16,2,10,False
"black, jw",Medicine,17,3,13,False
"black, jw",Medicine,18,2,15,False
"black, jw",Medicine,19,1,16,False
"black, jw",Medicine,20,1,17,False
"black, jw",Medicine,21,1,18,False
"black, jw",Medicine,22,1,19,False
"black, jw",Medicine,23,3,22,False
"black, jw",Medicine,24,1,23,False
"black, jw",Medicine,25,1,24,False
"black, jw",Medicine,26,1,25,False
"black, jw",Medicine,27,1,26,False
"black, jw",Medicine,28,7,33,False
"black, jw",Medicine,29,4,37,False
"black, jw",Medicine,30,1,38,False
"black, jw",Medicine,31,1,39,False
"black, jw",Medicine,32,3,42,False
"black, jw",Medicine,33,5,47,False
"black, jw",Medicine,34,1,48,False
"black, jw",Medicine,35,2,50,False
"black, jw",Medicine,36,4,54,False
"black, jw",Medicine,37,1,55,False
"black, jw",Medicine,38,4,59,False
"black, jw",Medicine,39,8,67,False
"black, jw",Medicine,40,2,69,False
"black, jw",Medicine,41,2,71,False
"black, jw",Medicine,42,4,75,False
"black, jw",Medicine,43,2,77,False
"black, jw",Medicine,44,1,78,False
"black, jw",Medicine,45,1,79,False
"black, jw",Medicine,46,1,80,False
"black, jw",Medicine,48,2,82,False
"black, jw",Medicine,49,1,83,False
"black, jw",Medicine,50,4,87,False
"black, jw",Medicine,52,2,89,False
"black, jw",Medicine,53,8,97,False
"blackburn, eh",Medicine,0,2,2,False
"blackburn, eh",Medicine,4,1,3,False
"blackburn, eh",Medicine,6,1,4,False
"blackburn, eh",Medicine,9,4,8,False
"blackburn, eh",Medicine,10,2,10,True
"blackburn, eh",Medicine,11,2,12,False
"blackburn, eh",Medicine,12,4,16,False
"blackburn, eh",Medicine,13,5,21,False
"blackburn, eh",Medicine,14,3,24,False
"blackburn, eh",Medicine,15,7,31,False
"blackburn, eh",Medicine,16,5,36,False
"blackburn, eh",Medicine,17,8,44,False
"blackburn, eh",Medicine,18,6,50,False
"blackburn, eh",Medicine,19,3,53,False
"blackburn, eh",Medicine,21,5,58,False
"blackburn, eh",Medicine,22,6,64,False
"blackburn, eh",Medicine,23,7,71,False
"blackburn, eh",Medicine,24,5,76,False
"blackburn, eh",Medicine,25,6,82,False
"blackburn, eh",Medicine,26,9,91,False
"blackburn, eh",Medicine,27,6,97,False
"blackburn, eh",Medicine,28,7,104,False
"blackburn, eh",Medicine,29,3,107,False
"blackburn, eh",Medicine,30,6,113,False
"blackburn, eh",Medicine,31,7,120,False
"blackburn, eh",Medicine,32,14,134,False
"blackburn, eh",Medicine,33,6,140,False
"blackburn, eh",Medicine,34,6,146,False
"blackburn, eh",Medicine,35,3,149,False
"blackburn, eh",Medicine,36,11,160,False
"blackburn, eh",Medicine,37,10,170,False
"blackburn, eh",Medicine,38,15,185,False
"blackburn, eh",Medicine,39,17,202,False
"blackburn, eh",Medicine,40,22,224,False
"blackburn, eh",Medicine,41,21,245,False
"blackburn, eh",Medicine,42,18,263,False
"blackburn, eh",Medicine,43,20,283,False
"blackburn, eh",Medicine,44,25,308,False
"blackburn, eh",Medicine,45,6,314,False
"blackett, pms",Physics,0,2,2,True
"blackett, pms",Physics,1,2,4,False
"blackett, pms",Physics,2,2,6,False
"blackett, pms",Physics,5,1,7,False
"blobel, g",Medicine,0,3,3,False
"blobel, g",Medicine,1,2,5,False
"blobel, g",Medicine,2,1,6,False
"blobel, g",Medicine,3,1,7,False
"blobel, g",Medicine,4,1,8,False
"blobel, g",Medicine,5,4,12,False
"blobel, g",Medicine,6,4,16,False
"blobel, g",Medicine,7,6,22,False
"blobel, g",Medicine,8,1,23,False
"blobel, g",Medicine,9,5,28,True
"blobel, g",Medicine,10,4,32,False
"blobel, g",Medicine,11,6,38,False
"blobel, g",Medicine,12,7,45,False
"blobel, g",Medicine,13,7,52,False
"blobel, g",Medicine,14,9,61,False
"blobel, g",Medicine,15,9,70,False
"blobel, g",Medicine,16,10,80,False
"blobel, g",Medicine,17,12,92,False
"blobel, g",Medicine,18,8,100,False
"blobel, g",Medicine,19,4,104,False
"blobel, g",Medicine,20,8,112,False
"blobel, g",Medicine,21,8,120,False
"blobel, g",Medicine,22,7,127,False
"blobel, g",Medicine,23,9,136,False
"blobel, g",Medicine,24,11,147,False
"blobel, g",Medicine,25,7,154,False
"blobel, g",Medicine,26,7,161,False
"blobel, g",Medicine,27,12,173,False
"blobel, g",Medicine,28,9,182,False
"blobel, g",Medicine,29,20,202,False
"blobel, g",Medicine,30,12,214,False
"blobel, g",Medicine,31,13,227,False
"blobel, g",Medicine,32,9,236,False
"blobel, g",Medicine,33,11,247,False
"blobel, g",Medicine,34,3,250,False
"blobel, g",Medicine,35,8,258,False
"blobel, g",Medicine,36,2,260,False
"blobel, g",Medicine,37,3,263,False
"blobel, g",Medicine,38,3,266,False
"blobel, g",Medicine,39,2,268,False
"blobel, g",Medicine,40,4,272,False
"blobel, g",Medicine,41,5,277,False
"blobel, g",Medicine,42,6,283,False
"blobel, g",Medicine,43,7,290,False
"blobel, g",Medicine,44,3,293,False
"blobel, g",Medicine,45,3,296,False
"blobel, g",Medicine,46,2,298,False
"blobel, g",Medicine,47,4,302,False
"blobel, g",Medicine,48,2,304,False
"blobel, g",Medicine,49,4,308,False
"blobel, g",Medicine,50,3,311,False
"blobel, g",Medicine,51,3,314,False
"bloch, f",Physics,0,1,1,False
"bloch, f",Physics,1,1,2,False
"bloch, f",Physics,2,1,3,False
"bloch, f",Physics,3,1,4,False
"bloch, f",Physics,4,2,6,False
"bloch, f",Physics,5,1,7,False
"bloch, f",Physics,6,2,9,False
"bloch, f",Physics,7,1,10,False
"bloch, f",Physics,8,3,13,False
"bloch, f",Physics,11,2,15,False
"bloch, f",Physics,14,1,16,False
"bloch, f",Physics,16,1,17,False
"bloch, f",Physics,17,1,18,True
"bloch, f",Physics,18,3,21,False
"bloch, f",Physics,19,1,22,False
"bloch, f",Physics,21,1,23,False
"bloch, f",Physics,22,1,24,False
"bloch, f",Physics,24,4,28,False
"bloch, f",Physics,25,1,29,False
"bloch, f",Physics,27,1,30,False
"bloch, f",Physics,28,1,31,False
"bloch, f",Physics,29,1,32,False
"bloch, f",Physics,33,1,33,False
"bloch, f",Physics,34,1,34,False
"bloch, f",Physics,36,1,35,False
"bloch, f",Physics,37,1,36,False
"bloch, f",Physics,39,2,38,False
"bloch, f",Physics,41,1,39,False
"bloch, f",Physics,44,1,40,False
"bloch, f",Physics,47,1,41,False
"bloch, f",Physics,48,1,42,False
"bloch, f",Physics,51,1,43,False
"bloch, f",Physics,53,1,44,False
"bloch, k",Medicine,0,1,1,True
"bloch, k",Medicine,1,1,2,False
"bloch, k",Medicine,4,1,3,False
"bloch, k",Medicine,5,1,4,False
"bloch, k",Medicine,7,2,6,False
"bloch, k",Medicine,9,2,8,False
"bloch, k",Medicine,10,2,10,False
"bloch, k",Medicine,11,1,11,False
"bloch, k",Medicine,12,1,12,False
"bloch, k",Medicine,13,2,14,False
"bloch, k",Medicine,14,4,18,False
"bloch, k",Medicine,15,4,22,False
"bloch, k",Medicine,16,2,24,False
"bloch, k",Medicine,18,1,25,False
"bloch, k",Medicine,19,4,29,False
"bloch, k",Medicine,20,3,32,False
"bloch, k",Medicine,21,2,34,False
"bloch, k",Medicine,22,1,35,False
"bloch, k",Medicine,23,2,37,False
"bloch, k",Medicine,24,2,39,False
"bloch, k",Medicine,26,4,43,False
"bloch, k",Medicine,27,1,44,False
"bloch, k",Medicine,28,3,47,False
"bloch, k",Medicine,29,2,49,False
"bloch, k",Medicine,30,3,52,False
"bloch, k",Medicine,32,1,53,False
"bloch, k",Medicine,33,1,54,False
"bloch, k",Medicine,34,5,59,False
"bloch, k",Medicine,35,2,61,False
"bloch, k",Medicine,36,1,62,False
"bloch, k",Medicine,37,4,66,False
"bloch, k",Medicine,38,1,67,False
"bloch, k",Medicine,39,1,68,False
"bloch, k",Medicine,40,4,72,False
"bloch, k",Medicine,42,2,74,False
"bloch, k",Medicine,43,1,75,False
"bloch, k",Medicine,44,1,76,False
"bloch, k",Medicine,46,1,77,False
"bloch, k",Medicine,48,1,78,False
"bloch, k",Medicine,49,1,79,False
"bloch, k",Medicine,52,1,80,False
"bloch, k",Medicine,53,1,81,False
"bloch, k",Medicine,54,6,87,False
"bloch, k",Medicine,55,3,90,False
"bloch, k",Medicine,56,5,95,False
"bloch, k",Medicine,57,3,98,False
"bloch, k",Medicine,58,4,102,False
"bloch, k",Medicine,59,4,106,False
"bloch, k",Medicine,60,6,112,False
"bloember, n",Physics,0,2,2,False
"bloember, n",Physics,2,1,3,False
"bloember, n",Physics,3,2,5,False
"bloember, n",Physics,4,3,8,False
"bloember, n",Physics,6,3,11,False
"bloember, n",Physics,7,2,13,False
"bloember, n",Physics,8,3,16,False
"bloember, n",Physics,9,1,17,False
"bloember, n",Physics,10,6,23,False
"bloember, n",Physics,11,2,25,False
"bloember, n",Physics,12,4,29,False
"bloember, n",Physics,13,3,32,False
"bloember, n",Physics,14,3,35,False
"bloember, n",Physics,15,4,39,False
"bloember, n",Physics,16,2,41,True
"bloember, n",Physics,17,6,47,False
"bloember, n",Physics,18,14,61,False
"bloember, n",Physics,19,10,71,False
"bloember, n",Physics,20,8,79,False
"bloember, n",Physics,21,4,83,False
"bloember, n",Physics,22,5,88,False
"bloember, n",Physics,23,5,93,False
"bloember, n",Physics,24,7,100,False
"bloember, n",Physics,25,5,105,False
"bloember, n",Physics,26,8,113,False
"bloember, n",Physics,27,6,119,False
"bloember, n",Physics,28,7,126,False
"bloember, n",Physics,29,3,129,False
"bloember, n",Physics,30,10,139,False
"bloember, n",Physics,31,5,144,False
"bloember, n",Physics,32,6,150,False
"bloember, n",Physics,33,5,155,False
"bloember, n",Physics,34,4,159,False
"bloember, n",Physics,35,15,174,False
"bloember, n",Physics,36,11,185,False
"bloember, n",Physics,37,6,191,False
"bloember, n",Physics,38,17,208,False
"bloember, n",Physics,39,8,216,False
"bloember, n",Physics,40,6,222,False
"bloember, n",Physics,41,5,227,False
"bloember, n",Physics,42,2,229,False
"bloember, n",Physics,43,1,230,False
"bloember, n",Physics,44,1,231,False
"bloember, n",Physics,45,1,232,False
"bloember, n",Physics,46,2,234,False
"bloember, n",Physics,47,2,236,False
"bloember, n",Physics,48,1,237,False
"bloember, n",Physics,49,1,238,False
"bloember, n",Physics,51,2,240,False
"bloember, n",Physics,53,4,244,False
"bloember, n",Physics,54,1,245,False
"bloember, n",Physics,55,1,246,False
"blumberg, bs",Medicine,0,1,1,False
"blumberg, bs",Medicine,1,1,2,False
"blumberg, bs",Medicine,4,6,8,False
"blumberg, bs",Medicine,5,4,12,False
"blumberg, bs",Medicine,6,5,17,False
"blumberg, bs",Medicine,7,7,24,False
"blumberg, bs",Medicine,8,4,28,False
"blumberg, bs",Medicine,9,4,32,False
"blumberg, bs",Medicine,10,6,38,False
"blumberg, bs",Medicine,11,2,40,True
"blumberg, bs",Medicine,12,3,43,False
"blumberg, bs",Medicine,13,7,50,False
"blumberg, bs",Medicine,14,7,57,False
"blumberg, bs",Medicine,15,12,69,False
"blumberg, bs",Medicine,16,16,85,False
"blumberg, bs",Medicine,17,13,98,False
"blumberg, bs",Medicine,18,9,107,False
"blumberg, bs",Medicine,19,4,111,False
"blumberg, bs",Medicine,20,7,118,False
"blumberg, bs",Medicine,21,4,122,False
"blumberg, bs",Medicine,22,4,126,False
"blumberg, bs",Medicine,23,7,133,False
"blumberg, bs",Medicine,24,3,136,False
"blumberg, bs",Medicine,25,1,137,False
"blumberg, bs",Medicine,26,4,141,False
"blumberg, bs",Medicine,27,4,145,False
"blumberg, bs",Medicine,28,3,148,False
"blumberg, bs",Medicine,29,4,152,False
"blumberg, bs",Medicine,30,4,156,False
"blumberg, bs",Medicine,31,4,160,False
"blumberg, bs",Medicine,32,4,164,False
"blumberg, bs",Medicine,33,3,167,False
"blumberg, bs",Medicine,34,4,171,False
"blumberg, bs",Medicine,35,5,176,False
"blumberg, bs",Medicine,36,2,178,False
"blumberg, bs",Medicine,37,3,181,False
"blumberg, bs",Medicine,38,3,184,False
"blumberg, bs",Medicine,40,7,191,False
"blumberg, bs",Medicine,41,4,195,False
"blumberg, bs",Medicine,42,2,197,False
"blumberg, bs",Medicine,43,5,202,False
"blumberg, bs",Medicine,44,1,203,False
"blumberg, bs",Medicine,45,1,204,False
"blumberg, bs",Medicine,47,1,205,False
"blumberg, bs",Medicine,49,1,206,False
"blumberg, bs",Medicine,51,1,207,False
"blumberg, bs",Medicine,52,2,209,False
"blumberg, bs",Medicine,53,1,210,False
"blumberg, bs",Medicine,54,2,212,False
"bohr, a.",Physics,0,1,1,False
"bohr, a.",Physics,1,2,3,False
"bohr, a.",Physics,3,2,5,True
"bohr, a.",Physics,6,1,6,False
"bohr, a.",Physics,8,1,7,False
"bohr, a.",Physics,23,1,8,False
"bohr, a.",Physics,24,1,9,False
"bohr, a.",Physics,26,2,11,False
"bohr, n",Physics,0,3,3,True
"bohr, n",Physics,1,1,4,False
"bohr, n",Physics,7,1,5,False
"bohr, n",Physics,10,1,6,False
"bohr, n",Physics,11,1,7,False
"bohr, n",Physics,27,2,9,False
"born, m",Physics,0,3,3,False
"born, m",Physics,4,1,4,False
"born, m",Physics,10,1,5,False
"born, m",Physics,11,3,8,False
"born, m",Physics,12,2,10,False
"born, m",Physics,17,3,13,True
"born, m",Physics,18,4,17,False
"born, m",Physics,19,3,20,False
"born, m",Physics,20,2,22,False
"born, m",Physics,21,2,24,False
"born, m",Physics,22,1,25,False
"born, m",Physics,23,3,28,False
"born, m",Physics,24,2,30,False
"born, m",Physics,25,3,33,False
"born, m",Physics,26,4,37,False
"born, m",Physics,27,1,38,False
"born, m",Physics,28,3,41,False
"born, m",Physics,29,4,45,False
"born, m",Physics,30,4,49,False
"born, m",Physics,31,8,57,False
"born, m",Physics,32,2,59,False
"born, m",Physics,33,5,64,False
"born, m",Physics,34,3,67,False
"born, m",Physics,35,5,72,False
"born, m",Physics,36,4,76,False
"born, m",Physics,37,8,84,False
"born, m",Physics,38,7,91,False
"born, m",Physics,39,3,94,False
"born, m",Physics,40,4,98,False
"born, m",Physics,41,6,104,False
"born, m",Physics,42,3,107,False
"born, m",Physics,43,2,109,False
"born, m",Physics,44,1,110,False
"born, m",Physics,45,1,111,False
"born, m",Physics,46,8,119,False
"born, m",Physics,47,2,121,False
"born, m",Physics,48,2,123,False
"born, m",Physics,49,6,129,False
"born, m",Physics,50,4,133,False
"born, m",Physics,51,2,135,False
"born, m",Physics,52,1,136,False
"born, m",Physics,54,4,140,False
"born, m",Physics,55,3,143,False
"born, m",Physics,56,6,149,False
"born, m",Physics,57,2,151,False
"born, m",Physics,59,5,156,False
"born, m",Physics,60,2,158,False
"bothe, w",Physics,0,1,1,False
"bothe, w",Physics,1,1,2,True
"bothe, w",Physics,5,2,4,False
"bothe, w",Physics,12,1,5,False
"bothe, w",Physics,16,1,6,False
"bothe, w",Physics,24,2,8,False
"bothe, w",Physics,27,1,9,False
"bothe, w",Physics,28,1,10,False
"bothe, w",Physics,29,1,11,False
"bovet, d",Medicine,0,1,1,True
"bovet, d",Medicine,9,1,2,False
"bovet, d",Medicine,13,1,3,False
"bovet, d",Medicine,14,1,4,False
"bovet, d",Medicine,16,3,7,False
"bovet, d",Medicine,19,1,8,False
"bovet, d",Medicine,21,1,9,False
"bovet, d",Medicine,22,1,10,False
"bovet, d",Medicine,23,1,11,False
"bovet, d",Medicine,24,1,12,False
"bovet, d",Medicine,26,2,14,False
"boyer, p",Chemistry,0,2,2,False
"boyer, p",Chemistry,7,1,3,False
"boyer, p",Chemistry,9,1,4,False
"boyer, p",Chemistry,10,3,7,True
"boyer, p",Chemistry,11,2,9,False
"boyer, p",Chemistry,12,5,14,False
"boyer, p",Chemistry,13,3,17,False
"boyer, p",Chemistry,14,1,18,False
"boyer, p",Chemistry,15,3,21,False
"boyer, p",Chemistry,16,2,23,False
"boyer, p",Chemistry,17,4,27,False
"boyer, p",Chemistry,18,3,30,False
"boyer, p",Chemistry,20,5,35,False
"boyer, p",Chemistry,21,2,37,False
"boyer, p",Chemistry,22,3,40,False
"boyer, p",Chemistry,23,1,41,False
"boyer, p",Chemistry,24,2,43,False
"boyer, p",Chemistry,25,3,46,False
"boyer, p",Chemistry,26,1,47,False
"boyer, p",Chemistry,28,2,49,False
"boyer, p",Chemistry,29,4,53,False
"boyer, p",Chemistry,30,5,58,False
"boyer, p",Chemistry,31,6,64,False
"boyer, p",Chemistry,32,4,68,False
"boyer, p",Chemistry,33,6,74,False
"boyer, p",Chemistry,34,8,82,False
"boyer, p",Chemistry,35,1,83,False
"boyer, p",Chemistry,36,2,85,False
"boyer, p",Chemistry,38,3,88,False
"boyer, p",Chemistry,39,2,90,False
"boyer, p",Chemistry,40,4,94,False
"boyer, p",Chemistry,41,2,96,False
"boyer, p",Chemistry,42,2,98,False
"boyer, p",Chemistry,43,9,107,False
"boyer, p",Chemistry,44,4,111,False
"boyer, p",Chemistry,45,4,115,False
"boyer, p",Chemistry,46,3,118,False
"boyer, p",Chemistry,47,1,119,False
"boyer, p",Chemistry,48,2,121,False
"boyer, p",Chemistry,49,1,122,False
"boyer, p",Chemistry,53,1,123,False
"boyer, p",Chemistry,54,3,126,False
"boyer, p",Chemistry,56,2,128,False
"boyer, p",Chemistry,57,1,129,False
"boyer, p",Chemistry,58,3,132,False
"boyer, p",Chemistry,60,1,133,False
"boyle, ws",Physics,0,1,1,True
"boyle, ws",Physics,1,1,2,False
"boyle, ws",Physics,6,1,3,False
"bragg, wh",Physics,0,1,1,True
"bragg, wl",Physics,0,2,2,True
"bragg, wl",Physics,1,1,3,False
"brattain, wh",Physics,0,1,1,False
"brattain, wh",Physics,4,1,2,False
"brattain, wh",Physics,17,1,3,False
"brattain, wh",Physics,19,2,5,True
"brattain, wh",Physics,20,2,7,False
"brattain, wh",Physics,22,1,8,False
"brattain, wh",Physics,24,2,10,False
"brattain, wh",Physics,25,3,13,False
"brattain, wh",Physics,26,4,17,False
"brattain, wh",Physics,27,3,20,False
"brattain, wh",Physics,28,1,21,False
"brattain, wh",Physics,29,1,22,False
"brattain, wh",Physics,30,1,23,False
"brattain, wh",Physics,33,3,26,False
"brattain, wh",Physics,34,1,27,False
"brattain, wh",Physics,35,2,29,False
"brattain, wh",Physics,36,3,32,False
"brattain, wh",Physics,37,1,33,False
"brattain, wh",Physics,39,1,34,False
"brattain, wh",Physics,43,1,35,False
"brenner, s",Medicine,0,1,1,False
"brenner, s",Medicine,1,1,2,False
"brenner, s",Medicine,4,1,3,False
"brenner, s",Medicine,6,2,5,False
"brenner, s",Medicine,8,2,7,False
"brenner, s",Medicine,9,1,8,False
"brenner, s",Medicine,10,2,10,False
"brenner, s",Medicine,12,6,16,False
"brenner, s",Medicine,13,1,17,False
"brenner, s",Medicine,14,1,18,False
"brenner, s",Medicine,15,2,20,False
"brenner, s",Medicine,16,8,28,False
"brenner, s",Medicine,17,4,32,False
"brenner, s",Medicine,18,6,38,False
"brenner, s",Medicine,19,1,39,False
"brenner, s",Medicine,20,1,40,False
"brenner, s",Medicine,21,2,42,False
"brenner, s",Medicine,22,2,44,False
"brenner, s",Medicine,23,2,46,False
"brenner, s",Medicine,24,2,48,False
"brenner, s",Medicine,25,3,51,True
"brenner, s",Medicine,26,5,56,False
"brenner, s",Medicine,27,3,59,False
"brenner, s",Medicine,28,5,64,False
"brenner, s",Medicine,29,2,66,False
"brenner, s",Medicine,30,2,68,False
"brenner, s",Medicine,31,2,70,False
"brenner, s",Medicine,32,3,73,False
"brenner, s",Medicine,33,5,78,False
"brenner, s",Medicine,34,2,80,False
"brenner, s",Medicine,35,3,83,False
"brenner, s",Medicine,36,5,88,False
"brenner, s",Medicine,37,5,93,False
"brenner, s",Medicine,38,2,95,False
"brenner, s",Medicine,39,1,96,False
"brenner, s",Medicine,40,4,100,False
"brenner, s",Medicine,41,2,102,False
"brenner, s",Medicine,42,4,106,False
"brenner, s",Medicine,43,7,113,False
"brenner, s",Medicine,44,4,117,False
"brenner, s",Medicine,45,9,126,False
"brenner, s",Medicine,46,14,140,False
"brenner, s",Medicine,47,23,163,False
"brenner, s",Medicine,48,14,177,False
"brenner, s",Medicine,49,14,191,False
"brenner, s",Medicine,50,14,205,False
"brenner, s",Medicine,51,11,216,False
"brenner, s",Medicine,52,5,221,False
"brenner, s",Medicine,53,11,232,False
"brenner, s",Medicine,54,9,241,False
"brenner, s",Medicine,55,6,247,False
"brenner, s",Medicine,56,6,253,False
"brenner, s",Medicine,57,6,259,False
"brenner, s",Medicine,58,6,265,False
"brenner, s",Medicine,59,8,273,False
"brenner, s",Medicine,60,6,279,False
"bridgman, pw",Physics,0,1,1,False
"bridgman, pw",Physics,2,3,4,True
"bridgman, pw",Physics,3,2,6,False
"bridgman, pw",Physics,4,2,8,False
"bridgman, pw",Physics,5,3,11,False
"bridgman, pw",Physics,7,2,13,False
"bridgman, pw",Physics,8,1,14,False
"bridgman, pw",Physics,9,2,16,False
"bridgman, pw",Physics,10,3,19,False
"bridgman, pw",Physics,11,2,21,False
"bridgman, pw",Physics,12,3,24,False
"bridgman, pw",Physics,13,3,27,False
"bridgman, pw",Physics,14,3,30,False
"bridgman, pw",Physics,15,2,32,False
"bridgman, pw",Physics,16,8,40,False
"bridgman, pw",Physics,17,3,43,False
"bridgman, pw",Physics,19,1,44,False
"bridgman, pw",Physics,20,2,46,False
"bridgman, pw",Physics,22,2,48,False
"bridgman, pw",Physics,23,7,55,False
"bridgman, pw",Physics,24,1,56,False
"bridgman, pw",Physics,25,3,59,False
"bridgman, pw",Physics,26,2,61,False
"bridgman, pw",Physics,27,1,62,False
"bridgman, pw",Physics,28,4,66,False
"bridgman, pw",Physics,29,4,70,False
"bridgman, pw",Physics,30,1,71,False
"bridgman, pw",Physics,31,1,72,False
"bridgman, pw",Physics,33,1,73,False
"bridgman, pw",Physics,34,5,78,False
"bridgman, pw",Physics,35,5,83,False
"bridgman, pw",Physics,36,1,84,False
"bridgman, pw",Physics,37,1,85,False
"bridgman, pw",Physics,38,2,87,False
"bridgman, pw",Physics,39,3,90,False
"bridgman, pw",Physics,41,4,94,False
"bridgman, pw",Physics,42,1,95,False
"bridgman, pw",Physics,44,2,97,False
"bridgman, pw",Physics,47,2,99,False
"brockhouse, bn",Physics,0,3,3,False
"brockhouse, bn",Physics,1,1,4,False
"brockhouse, bn",Physics,2,3,7,False
"brockhouse, bn",Physics,4,4,11,False
"brockhouse, bn",Physics,6,3,14,False
"brockhouse, bn",Physics,7,4,18,True
"brockhouse, bn",Physics,8,5,23,False
"brockhouse, bn",Physics,9,2,25,False
"brockhouse, bn",Physics,10,1,26,False
"brockhouse, bn",Physics,11,6,32,False
"brockhouse, bn",Physics,12,4,36,False
"brockhouse, bn",Physics,13,1,37,False
"brockhouse, bn",Physics,14,2,39,False
"brockhouse, bn",Physics,16,5,44,False
"brockhouse, bn",Physics,17,1,45,False
"brockhouse, bn",Physics,18,3,48,False
"brockhouse, bn",Physics,20,1,49,False
"brockhouse, bn",Physics,21,1,50,False
"brockhouse, bn",Physics,22,2,52,False
"brockhouse, bn",Physics,24,1,53,False
"brockhouse, bn",Physics,25,2,55,False
"brockhouse, bn",Physics,44,1,56,False
"broglie, ld",Physics,0,1,1,False
"broglie, ld",Physics,1,1,2,False
"broglie, ld",Physics,2,2,4,True
"broglie, ld",Physics,3,1,5,False
"broglie, ld",Physics,4,2,7,False
"broglie, ld",Physics,5,2,9,False
"broglie, ld",Physics,10,1,10,False
"broglie, ld",Physics,17,1,11,False
"broglie, ld",Physics,26,2,13,False
"broglie, ld",Physics,28,1,14,False
"broglie, ld",Physics,29,3,17,False
"broglie, ld",Physics,30,1,18,False
"broglie, ld",Physics,31,1,19,False
"broglie, ld",Physics,32,1,20,False
"broglie, ld",Physics,35,1,21,False
"broglie, ld",Physics,36,1,22,False
"broglie, ld",Physics,37,1,23,False
"broglie, ld",Physics,39,1,24,False
"broglie, ld",Physics,41,2,26,False
"broglie, ld",Physics,42,1,27,False
"broglie, ld",Physics,43,2,29,False
"broglie, ld",Physics,45,1,30,False
"broglie, ld",Physics,46,1,31,False
"broglie, ld",Physics,48,1,32,False
"broglie, ld",Physics,49,1,33,False
"broglie, ld",Physics,52,1,34,False
"broglie, ld",Physics,54,1,35,False
"brown, h",Chemistry,0,1,1,False
"brown, h",Chemistry,1,4,5,False
"brown, h",Chemistry,2,6,11,False
"brown, h",Chemistry,3,2,13,False
"brown, h",Chemistry,4,9,22,False
"brown, h",Chemistry,5,2,24,False
"brown, h",Chemistry,6,4,28,False
"brown, h",Chemistry,7,4,32,False
"brown, h",Chemistry,8,1,33,False
"brown, h",Chemistry,9,2,35,False
"brown, h",Chemistry,10,2,37,False
"brown, h",Chemistry,11,4,41,False
"brown, h",Chemistry,12,7,48,False
"brown, h",Chemistry,13,8,56,False
"brown, h",Chemistry,14,4,60,False
"brown, h",Chemistry,15,30,90,False
"brown, h",Chemistry,16,6,96,False
"brown, h",Chemistry,17,25,121,False
"brown, h",Chemistry,18,24,145,False
"brown, h",Chemistry,19,18,163,False
"brown, h",Chemistry,20,18,181,True
"brown, h",Chemistry,21,24,205,False
"brown, h",Chemistry,22,11,216,False
"brown, h",Chemistry,23,18,234,False
"brown, h",Chemistry,24,24,258,False
"brown, h",Chemistry,25,11,269,False
"brown, h",Chemistry,26,20,289,False
"brown, h",Chemistry,27,6,295,False
"brown, h",Chemistry,28,31,326,False
"brown, h",Chemistry,29,30,356,False
"brown, h",Chemistry,30,28,384,False
"brown, h",Chemistry,31,32,416,False
"brown, h",Chemistry,32,51,467,False
"brown, h",Chemistry,33,53,520,False
"brown, h",Chemistry,34,55,575,False
"brown, h",Chemistry,35,52,627,False
"brown, h",Chemistry,36,28,655,False
"brown, h",Chemistry,37,47,702,False
"brown, h",Chemistry,38,41,743,False
"brown, h",Chemistry,39,69,812,False
"brown, h",Chemistry,40,22,834,False
"brown, h",Chemistry,41,50,884,False
"brown, h",Chemistry,42,36,920,False
"brown, h",Chemistry,43,43,963,False
"brown, h",Chemistry,44,61,1024,False
"brown, h",Chemistry,45,49,1073,False
"brown, h",Chemistry,46,57,1130,False
"brown, h",Chemistry,47,46,1176,False
"brown, h",Chemistry,48,56,1232,False
"brown, h",Chemistry,49,37,1269,False
"brown, h",Chemistry,50,54,1323,False
"brown, h",Chemistry,51,23,1346,False
"brown, h",Chemistry,52,26,1372,False
"brown, h",Chemistry,53,10,1382,False
"brown, h",Chemistry,54,16,1398,False
"brown, h",Chemistry,55,16,1414,False
"brown, h",Chemistry,56,15,1429,False
"brown, h",Chemistry,57,9,1438,False
"brown, h",Chemistry,58,15,1453,False
"brown, h",Chemistry,59,9,1462,False
"brown, h",Chemistry,60,7,1469,False
"brown, ms",Medicine,0,2,2,False
"brown, ms",Medicine,1,1,3,False
"brown, ms",Medicine,3,2,5,True
"brown, ms",Medicine,4,5,10,False
"brown, ms",Medicine,5,9,19,False
"brown, ms",Medicine,6,12,31,False
"brown, ms",Medicine,7,10,41,False
"brown, ms",Medicine,8,8,49,False
"brown, ms",Medicine,9,13,62,False
"brown, ms",Medicine,10,6,68,False
"brown, ms",Medicine,11,14,82,False
"brown, ms",Medicine,12,12,94,False
"brown, ms",Medicine,13,11,105,False
"brown, ms",Medicine,14,13,118,False
"brown, ms",Medicine,15,13,131,False
"brown, ms",Medicine,16,12,143,False
"brown, ms",Medicine,17,12,155,False
"brown, ms",Medicine,18,6,161,False
"brown, ms",Medicine,19,5,166,False
"brown, ms",Medicine,20,11,177,False
"brown, ms",Medicine,21,6,183,False
"brown, ms",Medicine,22,9,192,False
"brown, ms",Medicine,23,9,201,False
"brown, ms",Medicine,24,8,209,False
"brown, ms",Medicine,25,9,218,False
"brown, ms",Medicine,26,9,227,False
"brown, ms",Medicine,27,11,238,False
"brown, ms",Medicine,28,10,248,False
"brown, ms",Medicine,29,17,265,False
"brown, ms",Medicine,30,10,275,False
"brown, ms",Medicine,31,9,284,False
"brown, ms",Medicine,32,14,298,False
"brown, ms",Medicine,33,11,309,False
"brown, ms",Medicine,34,11,320,False
"brown, ms",Medicine,35,8,328,False
"brown, ms",Medicine,36,8,336,False
"brown, ms",Medicine,37,2,338,False
"brown, ms",Medicine,38,8,346,False
"brown, ms",Medicine,39,9,355,False
"brown, ms",Medicine,40,7,362,False
"brown, ms",Medicine,41,4,366,False
"brown, ms",Medicine,42,9,375,False
"brown, ms",Medicine,43,3,378,False
"brown, ms",Medicine,44,2,380,False
"brown, ms",Medicine,45,3,383,False
"brown, ms",Medicine,46,2,385,False
"brown, ms",Medicine,47,2,387,False
"brown, ms",Medicine,48,1,388,False
"buck, l",Medicine,0,2,2,False
"buck, l",Medicine,4,1,3,False
"buck, l",Medicine,6,1,4,False
"buck, l",Medicine,8,2,6,True
"buck, l",Medicine,9,3,9,False
"buck, l",Medicine,10,3,12,False
"buck, l",Medicine,11,3,15,False
"buck, l",Medicine,12,3,18,False
"buck, l",Medicine,13,3,21,False
"buck, l",Medicine,14,1,22,False
"buck, l",Medicine,16,2,24,False
"buck, l",Medicine,17,2,26,False
"buck, l",Medicine,18,3,29,False
"buck, l",Medicine,19,1,30,False
"buck, l",Medicine,21,4,34,False
"buck, l",Medicine,22,5,39,False
"buck, l",Medicine,23,2,41,False
"buck, l",Medicine,24,1,42,False
"buck, l",Medicine,25,1,43,False
"buck, l",Medicine,26,2,45,False
"buck, l",Medicine,28,1,46,False
"buck, l",Medicine,31,2,48,False
"buck, l",Medicine,32,2,50,False
"buck, l",Medicine,33,2,52,False
"burnet, fm",Medicine,0,4,4,False
"burnet, fm",Medicine,2,1,5,False
"burnet, fm",Medicine,3,1,6,False
"burnet, fm",Medicine,4,5,11,False
"burnet, fm",Medicine,5,7,18,False
"burnet, fm",Medicine,6,3,21,False
"burnet, fm",Medicine,7,4,25,False
"burnet, fm",Medicine,8,5,30,False
"burnet, fm",Medicine,9,2,32,False
"burnet, fm",Medicine,10,3,35,False
"burnet, fm",Medicine,11,5,40,False
"burnet, fm",Medicine,12,3,43,False
"burnet, fm",Medicine,13,4,47,False
"burnet, fm",Medicine,14,5,52,False
"burnet, fm",Medicine,15,5,57,False
"burnet, fm",Medicine,16,4,61,False
"burnet, fm",Medicine,17,1,62,False
"burnet, fm",Medicine,18,3,65,False
"burnet, fm",Medicine,19,3,68,False
"burnet, fm",Medicine,20,6,74,False
"burnet, fm",Medicine,21,7,81,False
"burnet, fm",Medicine,22,5,86,False
"burnet, fm",Medicine,23,5,91,False
"burnet, fm",Medicine,24,1,92,False
"burnet, fm",Medicine,25,3,95,True
"burnet, fm",Medicine,26,4,99,False
"burnet, fm",Medicine,27,8,107,False
"burnet, fm",Medicine,28,3,110,False
"burnet, fm",Medicine,29,5,115,False
"burnet, fm",Medicine,30,3,118,False
"burnet, fm",Medicine,31,1,119,False
"burnet, fm",Medicine,32,8,127,False
"burnet, fm",Medicine,33,1,128,False
"burnet, fm",Medicine,34,1,129,False
"burnet, fm",Medicine,35,1,130,False
"burnet, fm",Medicine,36,6,136,False
"burnet, fm",Medicine,37,4,140,False
"burnet, fm",Medicine,38,3,143,False
"burnet, fm",Medicine,39,4,147,False
"burnet, fm",Medicine,40,5,152,False
"burnet, fm",Medicine,41,4,156,False
"burnet, fm",Medicine,42,1,157,False
"burnet, fm",Medicine,43,3,160,False
"burnet, fm",Medicine,44,1,161,False
"burnet, fm",Medicine,45,2,163,False
"burnet, fm",Medicine,46,2,165,False
"burnet, fm",Medicine,47,1,166,False
"burnet, fm",Medicine,48,2,168,False
"burnet, fm",Medicine,49,3,171,False
"burnet, fm",Medicine,51,2,173,False
"burnet, fm",Medicine,53,1,174,False
"burnet, fm",Medicine,56,1,175,False
"burnet, fm",Medicine,58,1,176,False
"butenandt, a",Chemistry,0,3,3,True
"butenandt, a",Chemistry,1,2,5,False
"butenandt, a",Chemistry,4,1,6,False
"calvin, m",Chemistry,0,2,2,False
"calvin, m",Chemistry,1,2,4,False
"calvin, m",Chemistry,2,1,5,False
"calvin, m",Chemistry,3,1,6,False
"calvin, m",Chemistry,6,1,7,False
"calvin, m",Chemistry,7,1,8,False
"calvin, m",Chemistry,8,3,11,False
"calvin, m",Chemistry,9,4,15,False
"calvin, m",Chemistry,10,5,20,False
"calvin, m",Chemistry,11,8,28,True
"calvin, m",Chemistry,12,6,34,False
"calvin, m",Chemistry,13,9,43,False
"calvin, m",Chemistry,14,3,46,False
"calvin, m",Chemistry,15,5,51,False
"calvin, m",Chemistry,16,8,59,False
"calvin, m",Chemistry,17,6,65,False
"calvin, m",Chemistry,18,8,73,False
"calvin, m",Chemistry,19,16,89,False
"calvin, m",Chemistry,20,11,100,False
"calvin, m",Chemistry,21,5,105,False
"calvin, m",Chemistry,22,7,112,False
"calvin, m",Chemistry,23,18,130,False
"calvin, m",Chemistry,24,6,136,False
"calvin, m",Chemistry,25,7,143,False
"calvin, m",Chemistry,26,9,152,False
"calvin, m",Chemistry,27,4,156,False
"calvin, m",Chemistry,28,2,158,False
"calvin, m",Chemistry,29,6,164,False
"calvin, m",Chemistry,30,9,173,False
"calvin, m",Chemistry,31,4,177,False
"calvin, m",Chemistry,32,5,182,False
"calvin, m",Chemistry,33,6,188,False
"calvin, m",Chemistry,34,6,194,False
"calvin, m",Chemistry,35,6,200,False
"calvin, m",Chemistry,36,3,203,False
"calvin, m",Chemistry,37,7,210,False
"calvin, m",Chemistry,38,10,220,False
"calvin, m",Chemistry,39,6,226,False
"calvin, m",Chemistry,40,10,236,False
"calvin, m",Chemistry,41,7,243,False
"calvin, m",Chemistry,42,8,251,False
"calvin, m",Chemistry,43,2,253,False
"calvin, m",Chemistry,44,4,257,False
"calvin, m",Chemistry,45,1,258,False
"calvin, m",Chemistry,47,4,262,False
"calvin, m",Chemistry,48,4,266,False
"calvin, m",Chemistry,49,4,270,False
"calvin, m",Chemistry,50,2,272,False
"calvin, m",Chemistry,51,1,273,False
"calvin, m",Chemistry,53,1,274,False
"calvin, m",Chemistry,55,3,277,False
"calvin, m",Chemistry,57,1,278,False
"calvin, m",Chemistry,58,2,280,False
"campbell, wc",Medicine,0,1,1,False
"campbell, wc",Medicine,51,1,2,False
"campbell, wc",Medicine,52,2,4,False
"campbell, wc",Medicine,53,3,7,False
"campbell, wc",Medicine,54,6,13,False
"campbell, wc",Medicine,55,1,14,False
"campbell, wc",Medicine,56,3,17,False
"campbell, wc",Medicine,57,2,19,False
"campbell, wc",Medicine,58,2,21,False
"campbell, wc",Medicine,59,4,25,False
"capecchi, mr",Medicine,0,1,1,False
"capecchi, mr",Medicine,1,5,6,False
"capecchi, mr",Medicine,2,3,9,False
"capecchi, mr",Medicine,4,1,10,False
"capecchi, mr",Medicine,5,1,11,False
"capecchi, mr",Medicine,8,1,12,False
"capecchi, mr",Medicine,9,1,13,False
"capecchi, mr",Medicine,10,2,15,False
"capecchi, mr",Medicine,12,1,16,False
"capecchi, mr",Medicine,15,1,17,True
"capecchi, mr",Medicine,17,2,19,False
"capecchi, mr",Medicine,18,2,21,False
"capecchi, mr",Medicine,19,1,22,False
"capecchi, mr",Medicine,20,4,26,False
"capecchi, mr",Medicine,21,5,31,False
"capecchi, mr",Medicine,22,2,33,False
"capecchi, mr",Medicine,23,1,34,False
"capecchi, mr",Medicine,24,2,36,False
"capecchi, mr",Medicine,25,4,40,False
"capecchi, mr",Medicine,26,2,42,False
"capecchi, mr",Medicine,27,4,46,False
"capecchi, mr",Medicine,28,2,48,False
"capecchi, mr",Medicine,29,5,53,False
"capecchi, mr",Medicine,30,3,56,False
"capecchi, mr",Medicine,31,4,60,False
"capecchi, mr",Medicine,32,7,67,False
"capecchi, mr",Medicine,33,5,72,False
"capecchi, mr",Medicine,34,4,76,False
"capecchi, mr",Medicine,35,6,82,False
"capecchi, mr",Medicine,36,2,84,False
"capecchi, mr",Medicine,37,6,90,False
"capecchi, mr",Medicine,38,10,100,False
"capecchi, mr",Medicine,39,10,110,False
"capecchi, mr",Medicine,40,5,115,False
"capecchi, mr",Medicine,41,7,122,False
"capecchi, mr",Medicine,42,8,130,False
"capecchi, mr",Medicine,43,13,143,False
"capecchi, mr",Medicine,44,8,151,False
"capecchi, mr",Medicine,45,7,158,False
"capecchi, mr",Medicine,46,8,166,False
"capecchi, mr",Medicine,47,8,174,False
"capecchi, mr",Medicine,48,9,183,False
"capecchi, mr",Medicine,49,9,192,False
"capecchi, mr",Medicine,50,8,200,False
"capecchi, mr",Medicine,51,5,205,False
"capecchi, mr",Medicine,52,6,211,False
"capecchi, mr",Medicine,53,1,212,False
carl bosch,Chemistry,0,3,3,True
carl bosch,Chemistry,17,1,4,False
"carlsson, a",Medicine,0,2,2,False
"carlsson, a",Medicine,2,5,7,False
"carlsson, a",Medicine,3,4,11,False
"carlsson, a",Medicine,4,2,13,False
"carlsson, a",Medicine,5,3,16,True
"carlsson, a",Medicine,6,5,21,False
"carlsson, a",Medicine,7,3,24,False
"carlsson, a",Medicine,9,2,26,False
"carlsson, a",Medicine,10,6,32,False
"carlsson, a",Medicine,11,5,37,False
"carlsson, a",Medicine,12,8,45,False
"carlsson, a",Medicine,13,6,51,False
"carlsson, a",Medicine,14,7,58,False
"carlsson, a",Medicine,15,8,66,False
"carlsson, a",Medicine,16,4,70,False
"carlsson, a",Medicine,17,6,76,False
"carlsson, a",Medicine,18,1,77,False
"carlsson, a",Medicine,19,2,79,False
"carlsson, a",Medicine,20,11,90,False
"carlsson, a",Medicine,21,14,104,False
"carlsson, a",Medicine,22,7,111,False
"carlsson, a",Medicine,23,7,118,False
"carlsson, a",Medicine,24,9,127,False
"carlsson, a",Medicine,25,10,137,False
"carlsson, a",Medicine,26,15,152,False
"carlsson, a",Medicine,27,7,159,False
"carlsson, a",Medicine,28,9,168,False
"carlsson, a",Medicine,29,12,180,False
"carlsson, a",Medicine,30,15,195,False
"carlsson, a",Medicine,31,9,204,False
"carlsson, a",Medicine,32,8,212,False
"carlsson, a",Medicine,33,19,231,False
"carlsson, a",Medicine,34,14,245,False
"carlsson, a",Medicine,35,19,264,False
"carlsson, a",Medicine,36,15,279,False
"carlsson, a",Medicine,37,10,289,False
"carlsson, a",Medicine,38,10,299,False
"carlsson, a",Medicine,39,11,310,False
"carlsson, a",Medicine,40,8,318,False
"carlsson, a",Medicine,41,13,331,False
"carlsson, a",Medicine,42,15,346,False
"carlsson, a",Medicine,43,9,355,False
"carlsson, a",Medicine,44,2,357,False
"carlsson, a",Medicine,45,11,368,False
"carlsson, a",Medicine,46,4,372,False
"carlsson, a",Medicine,47,6,378,False
"carlsson, a",Medicine,48,2,380,False
"carlsson, a",Medicine,49,5,385,False
"carlsson, a",Medicine,50,1,386,False
"carlsson, a",Medicine,51,3,389,False
"carlsson, a",Medicine,52,4,393,False
"carlsson, a",Medicine,53,3,396,False
"carlsson, a",Medicine,54,2,398,False
"carlsson, a",Medicine,55,2,400,False
"carlsson, a",Medicine,56,3,403,False
"carlsson, a",Medicine,57,28,431,False
"carlsson, a",Medicine,58,5,436,False
"carlsson, a",Medicine,59,4,440,False
"carlsson, a",Medicine,60,2,442,False
"carrel, a",Medicine,0,2,2,False
"carrel, a",Medicine,1,6,8,True
"carrel, a",Medicine,2,2,10,False
"carrel, a",Medicine,3,2,12,False
"carrel, a",Medicine,5,11,23,False
"carrel, a",Medicine,6,9,32,False
"carrel, a",Medicine,7,8,40,False
"carrel, a",Medicine,8,3,43,False
"carrel, a",Medicine,9,4,47,False
"carrel, a",Medicine,11,1,48,False
"carrel, a",Medicine,12,2,50,False
"carrel, a",Medicine,16,6,56,False
"carrel, a",Medicine,17,4,60,False
"carrel, a",Medicine,18,8,68,False
"carrel, a",Medicine,19,1,69,False
"carrel, a",Medicine,20,4,73,False
"carrel, a",Medicine,21,7,80,False
"carrel, a",Medicine,22,1,81,False
"carrel, a",Medicine,23,5,86,False
"carrel, a",Medicine,26,1,87,False
"carrel, a",Medicine,29,1,88,False
"carrel, a",Medicine,30,1,89,False
"carrel, a",Medicine,32,1,90,False
"carrel, a",Medicine,33,1,91,False
"carrel, a",Medicine,34,2,93,False
"cech, t",Chemistry,0,1,1,False
"cech, t",Chemistry,1,1,2,False
"cech, t",Chemistry,2,1,3,False
"cech, t",Chemistry,3,4,7,False
"cech, t",Chemistry,4,2,9,False
"cech, t",Chemistry,5,1,10,False
"cech, t",Chemistry,6,2,12,False
"cech, t",Chemistry,7,3,15,False
"cech, t",Chemistry,8,4,19,False
"cech, t",Chemistry,9,2,21,True
"cech, t",Chemistry,10,6,27,False
"cech, t",Chemistry,11,5,32,False
"cech, t",Chemistry,12,10,42,False
"cech, t",Chemistry,13,13,55,False
"cech, t",Chemistry,14,11,66,False
"cech, t",Chemistry,15,10,76,False
"cech, t",Chemistry,16,12,88,False
"cech, t",Chemistry,17,15,103,False
"cech, t",Chemistry,18,13,116,False
"cech, t",Chemistry,19,4,120,False
"cech, t",Chemistry,20,17,137,False
"cech, t",Chemistry,21,16,153,False
"cech, t",Chemistry,22,9,162,False
"cech, t",Chemistry,23,12,174,False
"cech, t",Chemistry,24,12,186,False
"cech, t",Chemistry,25,13,199,False
"cech, t",Chemistry,26,8,207,False
"cech, t",Chemistry,27,9,216,False
"cech, t",Chemistry,28,7,223,False
"cech, t",Chemistry,29,9,232,False
"cech, t",Chemistry,30,9,241,False
"cech, t",Chemistry,31,8,249,False
"cech, t",Chemistry,32,8,257,False
"cech, t",Chemistry,33,6,263,False
"cech, t",Chemistry,34,4,267,False
"cech, t",Chemistry,35,4,271,False
"cech, t",Chemistry,36,5,276,False
"cech, t",Chemistry,37,5,281,False
"cech, t",Chemistry,38,4,285,False
"cech, t",Chemistry,39,7,292,False
"cech, t",Chemistry,40,9,301,False
"cech, t",Chemistry,41,8,309,False
"cech, t",Chemistry,42,12,321,False
"cech, t",Chemistry,43,3,324,False
"cech, t",Chemistry,44,7,331,False
"chadwick, j",Physics,0,1,1,True
"chain, e",Medicine,0,2,2,True
"chain, e",Medicine,1,1,3,False
"chain, e",Medicine,2,1,4,False
"chain, e",Medicine,3,1,5,False
"chain, e",Medicine,4,1,6,False
"chain, e",Medicine,8,1,7,False
"chain, e",Medicine,19,1,8,False
"chain, e",Medicine,20,2,10,False
"chain, e",Medicine,21,4,14,False
"chain, e",Medicine,23,1,15,False
"chain, e",Medicine,31,1,16,False
"chain, e",Medicine,33,1,17,False
"chain, e",Medicine,34,1,18,False
"chain, e",Medicine,35,1,19,False
"chain, e",Medicine,39,2,21,False
"chain, e",Medicine,53,1,22,False
"chalfie, m",Chemistry,0,1,1,False
"chalfie, m",Chemistry,2,1,2,False
"chalfie, m",Chemistry,4,2,4,False
"chalfie, m",Chemistry,5,3,7,False
"chalfie, m",Chemistry,6,1,8,False
"chalfie, m",Chemistry,7,2,10,False
"chalfie, m",Chemistry,9,1,11,False
"chalfie, m",Chemistry,11,3,14,False
"chalfie, m",Chemistry,12,5,19,False
"chalfie, m",Chemistry,13,3,22,False
"chalfie, m",Chemistry,14,3,25,False
"chalfie, m",Chemistry,15,1,26,False
"chalfie, m",Chemistry,16,2,28,False
"chalfie, m",Chemistry,17,3,31,True
"chalfie, m",Chemistry,18,5,36,False
"chalfie, m",Chemistry,19,3,39,False
"chalfie, m",Chemistry,20,2,41,False
"chalfie, m",Chemistry,21,3,44,False
"chalfie, m",Chemistry,22,1,45,False
"chalfie, m",Chemistry,24,1,46,False
"chalfie, m",Chemistry,25,6,52,False
"chalfie, m",Chemistry,26,3,55,False
"chalfie, m",Chemistry,27,3,58,False
"chalfie, m",Chemistry,28,1,59,False
"chalfie, m",Chemistry,29,1,60,False
"chalfie, m",Chemistry,30,2,62,False
"chalfie, m",Chemistry,32,8,70,False
"chalfie, m",Chemistry,33,3,73,False
"chalfie, m",Chemistry,34,4,77,False
"chalfie, m",Chemistry,35,1,78,False
"chalfie, m",Chemistry,36,2,80,False
"chalfie, m",Chemistry,37,2,82,False
"chalfie, m",Chemistry,38,8,90,False
"chalfie, m",Chemistry,39,4,94,False
"chalfie, m",Chemistry,40,3,97,False
"chamberlain, o",Physics,0,1,1,False
"chamberlain, o",Physics,4,3,4,False
"chamberlain, o",Physics,5,2,6,False
"chamberlain, o",Physics,6,1,7,False
"chamberlain, o",Physics,8,11,18,False
"chamberlain, o",Physics,9,3,21,True
"chamberlain, o",Physics,10,5,26,False
"chamberlain, o",Physics,11,1,27,False
"chamberlain, o",Physics,14,2,29,False
"chamberlain, o",Physics,15,4,33,False
"chamberlain, o",Physics,16,2,35,False
"chamberlain, o",Physics,17,3,38,False
"chamberlain, o",Physics,18,1,39,False
"chamberlain, o",Physics,20,4,43,False
"chamberlain, o",Physics,21,1,44,False
"chamberlain, o",Physics,22,3,47,False
"chamberlain, o",Physics,24,5,52,False
"chamberlain, o",Physics,29,2,54,False
"chamberlain, o",Physics,31,2,56,False
"chamberlain, o",Physics,33,2,58,False
"chamberlain, o",Physics,34,1,59,False
"chamberlain, o",Physics,37,1,60,False
"chamberlain, o",Physics,38,2,62,False
"chamberlain, o",Physics,39,5,67,False
"chamberlain, o",Physics,51,1,68,False
"chandrasekhar, s",Physics,0,5,5,True
"chandrasekhar, s",Physics,1,3,8,False
"chandrasekhar, s",Physics,2,4,12,False
"chandrasekhar, s",Physics,3,2,14,False
"chandrasekhar, s",Physics,4,5,19,False
"chandrasekhar, s",Physics,5,6,25,False
"chandrasekhar, s",Physics,6,5,30,False
"chandrasekhar, s",Physics,7,3,33,False
"chandrasekhar, s",Physics,8,2,35,False
"chandrasekhar, s",Physics,9,1,36,False
"chandrasekhar, s",Physics,10,3,39,False
"chandrasekhar, s",Physics,11,4,43,False
"chandrasekhar, s",Physics,12,7,50,False
"chandrasekhar, s",Physics,13,10,60,False
"chandrasekhar, s",Physics,14,8,68,False
"chandrasekhar, s",Physics,15,8,76,False
"chandrasekhar, s",Physics,16,12,88,False
"chandrasekhar, s",Physics,17,4,92,False
"chandrasekhar, s",Physics,18,8,100,False
"chandrasekhar, s",Physics,19,4,104,False
"chandrasekhar, s",Physics,20,5,109,False
"chandrasekhar, s",Physics,21,4,113,False
"chandrasekhar, s",Physics,22,5,118,False
"chandrasekhar, s",Physics,23,7,125,False
"chandrasekhar, s",Physics,24,7,132,False
"chandrasekhar, s",Physics,25,8,140,False
"chandrasekhar, s",Physics,26,9,149,False
"chandrasekhar, s",Physics,27,7,156,False
"chandrasekhar, s",Physics,28,1,157,False
"chandrasekhar, s",Physics,29,4,161,False
"chandrasekhar, s",Physics,30,6,167,False
"chandrasekhar, s",Physics,31,11,178,False
"chandrasekhar, s",Physics,32,9,187,False
"chandrasekhar, s",Physics,33,7,194,False
"chandrasekhar, s",Physics,34,6,200,False
"chandrasekhar, s",Physics,35,3,203,False
"chandrasekhar, s",Physics,36,4,207,False
"chandrasekhar, s",Physics,37,4,211,False
"chandrasekhar, s",Physics,38,5,216,False
"chandrasekhar, s",Physics,39,7,223,False
"chandrasekhar, s",Physics,40,6,229,False
"chandrasekhar, s",Physics,41,9,238,False
"chandrasekhar, s",Physics,42,9,247,False
"chandrasekhar, s",Physics,43,6,253,False
"chandrasekhar, s",Physics,44,7,260,False
"chandrasekhar, s",Physics,45,6,266,False
"chandrasekhar, s",Physics,46,4,270,False
"chandrasekhar, s",Physics,47,3,273,False
"chandrasekhar, s",Physics,48,6,279,False
"chandrasekhar, s",Physics,49,7,286,False
"chandrasekhar, s",Physics,50,1,287,False
"chandrasekhar, s",Physics,51,3,290,False
"chandrasekhar, s",Physics,52,5,295,False
"chandrasekhar, s",Physics,53,12,307,False
"chandrasekhar, s",Physics,54,3,310,False
"chandrasekhar, s",Physics,55,4,314,False
"chandrasekhar, s",Physics,56,3,317,False
"chandrasekhar, s",Physics,57,7,324,False
"chandrasekhar, s",Physics,58,5,329,False
"chandrasekhar, s",Physics,59,5,334,False
"chandrasekhar, s",Physics,60,6,340,False
charles edouard guillaume,Physics,0,1,1,True
charles edouard guillaume,Physics,38,5,6,False
charles edouard guillaume,Physics,39,7,13,False
charles edouard guillaume,Physics,41,1,14,False
charles edouard guillaume,Physics,42,3,17,False
charles edouard guillaume,Physics,43,1,18,False
charles robert richet,Medicine,0,3,3,True
"charpak, g",Physics,0,1,1,False
"charpak, g",Physics,2,1,2,False
"charpak, g",Physics,4,3,5,False
"charpak, g",Physics,5,2,7,False
"charpak, g",Physics,6,1,8,False
"charpak, g",Physics,7,1,9,False
"charpak, g",Physics,10,1,10,False
"charpak, g",Physics,11,2,12,False
"charpak, g",Physics,12,3,15,False
"charpak, g",Physics,13,3,18,False
"charpak, g",Physics,15,2,20,False
"charpak, g",Physics,17,2,22,False
"charpak, g",Physics,18,2,24,True
"charpak, g",Physics,19,2,26,False
"charpak, g",Physics,20,2,28,False
"charpak, g",Physics,21,4,32,False
"charpak, g",Physics,22,3,35,False
"charpak, g",Physics,23,5,40,False
"charpak, g",Physics,24,6,46,False
"charpak, g",Physics,25,9,55,False
"charpak, g",Physics,26,6,61,False
"charpak, g",Physics,27,6,67,False
"charpak, g",Physics,28,10,77,False
"charpak, g",Physics,29,6,83,False
"charpak, g",Physics,30,10,93,False
"charpak, g",Physics,31,5,98,False
"charpak, g",Physics,32,11,109,False
"charpak, g",Physics,33,12,121,False
"charpak, g",Physics,34,7,128,False
"charpak, g",Physics,35,4,132,False
"charpak, g",Physics,36,5,137,False
"charpak, g",Physics,37,5,142,False
"charpak, g",Physics,38,12,154,False
"charpak, g",Physics,39,14,168,False
"charpak, g",Physics,40,4,172,False
"charpak, g",Physics,41,10,182,False
"charpak, g",Physics,42,4,186,False
"charpak, g",Physics,43,7,193,False
"charpak, g",Physics,44,3,196,False
"charpak, g",Physics,46,2,198,False
"charpak, g",Physics,48,1,199,False
"charpak, g",Physics,49,1,200,False
"charpak, g",Physics,50,1,201,False
"charpak, g",Physics,52,1,202,False
"charpak, g",Physics,53,1,203,False
"charpak, g",Physics,54,3,206,False
"charpak, g",Physics,56,1,207,False
"charpak, g",Physics,58,2,209,False
"charpak, g",Physics,59,1,210,False
"chauvin, y",Chemistry,0,2,2,False
"chauvin, y",Chemistry,2,1,3,False
"chauvin, y",Chemistry,3,1,4,False
"chauvin, y",Chemistry,4,2,6,True
"chauvin, y",Chemistry,5,3,9,False
"chauvin, y",Chemistry,7,1,10,False
"chauvin, y",Chemistry,8,1,11,False
"chauvin, y",Chemistry,9,2,13,False
"chauvin, y",Chemistry,11,3,16,False
"chauvin, y",Chemistry,12,2,18,False
"chauvin, y",Chemistry,13,1,19,False
"chauvin, y",Chemistry,14,1,20,False
"chauvin, y",Chemistry,15,4,24,False
"chauvin, y",Chemistry,16,2,26,False
"chauvin, y",Chemistry,17,1,27,False
"chauvin, y",Chemistry,18,2,29,False
"chauvin, y",Chemistry,19,2,31,False
"chauvin, y",Chemistry,22,4,35,False
"chauvin, y",Chemistry,23,2,37,False
"chauvin, y",Chemistry,24,1,38,False
"chauvin, y",Chemistry,25,1,39,False
"chauvin, y",Chemistry,26,3,42,False
"chauvin, y",Chemistry,27,2,44,False
"chauvin, y",Chemistry,28,5,49,False
"chauvin, y",Chemistry,29,4,53,False
"chauvin, y",Chemistry,30,1,54,False
"chauvin, y",Chemistry,31,1,55,False
"chauvin, y",Chemistry,32,1,56,False
"chauvin, y",Chemistry,33,1,57,False
"chauvin, y",Chemistry,36,1,58,False
"chauvin, y",Chemistry,37,1,59,False
"chauvin, y",Chemistry,38,4,63,False
"chauvin, y",Chemistry,39,2,65,False
"chauvin, y",Chemistry,40,2,67,False
"chauvin, y",Chemistry,41,1,68,False
"chauvin, y",Chemistry,42,2,70,False
"chauvin, y",Chemistry,43,7,77,False
"chauvin, y",Chemistry,44,2,79,False
"chauvin, y",Chemistry,46,1,80,False
"cherenkov, pa",Physics,0,1,1,True
"cherenkov, pa",Physics,25,1,2,False
"cherenkov, pa",Physics,30,4,6,False
"cherenkov, pa",Physics,31,1,7,False
"cherenkov, pa",Physics,32,1,8,False
"cherenkov, pa",Physics,33,1,9,False
"cherenkov, pa",Physics,45,1,10,False
"cherenkov, pa",Physics,55,1,11,False
"chu, s",Physics,0,1,1,False
"chu, s",Physics,2,2,3,False
"chu, s",Physics,4,4,7,False
"chu, s",Physics,5,1,8,False
"chu, s",Physics,6,2,10,False
"chu, s",Physics,7,4,14,False
"chu, s",Physics,9,1,15,False
"chu, s",Physics,10,1,16,False
"chu, s",Physics,11,4,20,True
"chu, s",Physics,12,1,21,False
"chu, s",Physics,13,2,23,False
"chu, s",Physics,14,7,30,False
"chu, s",Physics,15,3,33,False
"chu, s",Physics,16,4,37,False
"chu, s",Physics,17,8,45,False
"chu, s",Physics,18,7,52,False
"chu, s",Physics,19,6,58,False
"chu, s",Physics,20,5,63,False
"chu, s",Physics,21,4,67,False
"chu, s",Physics,22,5,72,False
"chu, s",Physics,23,5,77,False
"chu, s",Physics,24,7,84,False
"chu, s",Physics,25,6,90,False
"chu, s",Physics,26,7,97,False
"chu, s",Physics,27,8,105,False
"chu, s",Physics,28,7,112,False
"chu, s",Physics,29,5,117,False
"chu, s",Physics,30,10,127,False
"chu, s",Physics,31,4,131,False
"chu, s",Physics,32,12,143,False
"chu, s",Physics,33,6,149,False
"chu, s",Physics,34,12,161,False
"chu, s",Physics,35,10,171,False
"chu, s",Physics,36,8,179,False
"chu, s",Physics,37,10,189,False
"chu, s",Physics,38,3,192,False
"chu, s",Physics,39,3,195,False
"chu, s",Physics,40,3,198,False
"chu, s",Physics,41,8,206,False
"chu, s",Physics,42,7,213,False
"ciechanover, a",Chemistry,0,1,1,False
"ciechanover, a",Chemistry,1,1,2,False
"ciechanover, a",Chemistry,2,2,4,True
"ciechanover, a",Chemistry,3,1,5,False
"ciechanover, a",Chemistry,4,1,6,False
"ciechanover, a",Chemistry,5,3,9,False
"ciechanover, a",Chemistry,6,3,12,False
"ciechanover, a",Chemistry,7,2,14,False
"ciechanover, a",Chemistry,8,1,15,False
"ciechanover, a",Chemistry,9,2,17,False
"ciechanover, a",Chemistry,11,3,20,False
"ciechanover, a",Chemistry,13,3,23,False
"ciechanover, a",Chemistry,14,5,28,False
"ciechanover, a",Chemistry,15,2,30,False
"ciechanover, a",Chemistry,16,4,34,False
"ciechanover, a",Chemistry,17,5,39,False
"ciechanover, a",Chemistry,18,4,43,False
"ciechanover, a",Chemistry,19,7,50,False
"ciechanover, a",Chemistry,20,7,57,False
"ciechanover, a",Chemistry,21,5,62,False
"ciechanover, a",Chemistry,22,8,70,False
"ciechanover, a",Chemistry,23,7,77,False
"ciechanover, a",Chemistry,24,5,82,False
"ciechanover, a",Chemistry,25,7,89,False
"ciechanover, a",Chemistry,26,13,102,False
"ciechanover, a",Chemistry,27,10,112,False
"ciechanover, a",Chemistry,28,9,121,False
"ciechanover, a",Chemistry,29,6,127,False
"ciechanover, a",Chemistry,30,5,132,False
"ciechanover, a",Chemistry,31,10,142,False
"ciechanover, a",Chemistry,32,6,148,False
"ciechanover, a",Chemistry,33,11,159,False
"ciechanover, a",Chemistry,34,13,172,False
"ciechanover, a",Chemistry,35,7,179,False
"ciechanover, a",Chemistry,36,6,185,False
"ciechanover, a",Chemistry,37,5,190,False
"ciechanover, a",Chemistry,38,8,198,False
"ciechanover, a",Chemistry,39,10,208,False
"claude, a",Medicine,0,1,1,False
"claude, a",Medicine,1,2,3,False
"claude, a",Medicine,2,2,5,False
"claude, a",Medicine,3,2,7,False
"claude, a",Medicine,4,3,10,False
"claude, a",Medicine,5,1,11,False
"claude, a",Medicine,6,4,15,False
"claude, a",Medicine,7,2,17,False
"claude, a",Medicine,8,2,19,False
"claude, a",Medicine,9,3,22,False
"claude, a",Medicine,10,1,23,False
"claude, a",Medicine,12,2,25,False
"claude, a",Medicine,13,1,26,False
"claude, a",Medicine,14,2,28,True
"claude, a",Medicine,15,4,32,False
"claude, a",Medicine,18,4,36,False
"claude, a",Medicine,19,1,37,False
"claude, a",Medicine,23,1,38,False
"claude, a",Medicine,31,1,39,False
"claude, a",Medicine,36,1,40,False
"claude, a",Medicine,38,1,41,False
"claude, a",Medicine,39,2,43,False
"claude, a",Medicine,42,1,44,False
"cockcroft, jd",Physics,0,1,1,True
"cohen, s",Medicine,0,1,1,True
"cohen, s",Medicine,2,2,3,False
"cohen, s",Medicine,6,1,4,False
"cohen, s",Medicine,9,2,6,False
"cohen, s",Medicine,10,1,7,False
"cohen, s",Medicine,11,1,8,False
"cohen, s",Medicine,13,1,9,False
"cohen, s",Medicine,14,1,10,False
"cohen, s",Medicine,16,3,13,False
"cohen, s",Medicine,17,2,15,False
"cohen, s",Medicine,18,6,21,False
"cohen, s",Medicine,19,5,26,False
"cohen, s",Medicine,20,5,31,False
"cohen, s",Medicine,21,3,34,False
"cohen, s",Medicine,22,5,39,False
"cohen, s",Medicine,23,1,40,False
"cohen, s",Medicine,24,6,46,False
"cohen, s",Medicine,25,9,55,False
"cohen, s",Medicine,26,4,59,False
"cohen, s",Medicine,27,3,62,False
"cohen, s",Medicine,28,6,68,False
"cohen, s",Medicine,29,3,71,False
"cohen, s",Medicine,30,4,75,False
"cohen, s",Medicine,31,8,83,False
"cohen, s",Medicine,32,2,85,False
"cohen, s",Medicine,33,8,93,False
"cohen, s",Medicine,34,4,97,False
"cohen, s",Medicine,35,8,105,False
"cohen, s",Medicine,36,6,111,False
"cohen, s",Medicine,37,10,121,False
"cohen, s",Medicine,38,4,125,False
"cohen, s",Medicine,39,5,130,False
"cohen, s",Medicine,41,5,135,False
"cohen, s",Medicine,42,2,137,False
"cohen, s",Medicine,43,1,138,False
"cohen, s",Medicine,44,1,139,False
"cohen, s",Medicine,45,1,140,False
"cohen, s",Medicine,47,1,141,False
"cohen, s",Medicine,48,1,142,False
"cohen, s",Medicine,51,1,143,False
"cohen, s",Medicine,52,1,144,False
"cohen, s",Medicine,54,1,145,False
"cohen, s",Medicine,58,1,146,False
"cohentannoudji, c",Physics,0,2,2,False
"cohentannoudji, c",Physics,1,1,3,False
"cohentannoudji, c",Physics,2,1,4,False
"cohentannoudji, c",Physics,4,1,5,False
"cohentannoudji, c",Physics,6,2,7,False
"cohentannoudji, c",Physics,8,2,9,False
"cohentannoudji, c",Physics,9,2,11,False
"cohentannoudji, c",Physics,11,1,12,False
"cohentannoudji, c",Physics,12,1,13,False
"cohentannoudji, c",Physics,14,1,14,False
"cohentannoudji, c",Physics,15,1,15,False
"cohentannoudji, c",Physics,16,6,21,False
"cohentannoudji, c",Physics,17,2,23,False
"cohentannoudji, c",Physics,18,1,24,False
"cohentannoudji, c",Physics,19,1,25,False
"cohentannoudji, c",Physics,21,3,28,False
"cohentannoudji, c",Physics,22,2,30,False
"cohentannoudji, c",Physics,23,3,33,False
"cohentannoudji, c",Physics,24,2,35,False
"cohentannoudji, c",Physics,25,2,37,False
"cohentannoudji, c",Physics,26,1,38,False
"cohentannoudji, c",Physics,27,2,40,True
"cohentannoudji, c",Physics,28,2,42,False
"cohentannoudji, c",Physics,30,1,43,False
"cohentannoudji, c",Physics,31,4,47,False
"cohentannoudji, c",Physics,32,3,50,False
"cohentannoudji, c",Physics,33,1,51,False
"cohentannoudji, c",Physics,34,2,53,False
"cohentannoudji, c",Physics,36,3,56,False
"compton, ah",Physics,0,1,1,False
"compton, ah",Physics,2,5,6,False
"compton, ah",Physics,3,3,9,False
"compton, ah",Physics,4,1,10,False
"compton, ah",Physics,5,2,12,False
"compton, ah",Physics,6,3,15,False
"compton, ah",Physics,7,2,17,False
"compton, ah",Physics,8,3,20,False
"compton, ah",Physics,10,5,25,True
"compton, ah",Physics,11,7,32,False
"compton, ah",Physics,12,8,40,False
"compton, ah",Physics,14,2,42,False
"compton, ah",Physics,15,4,46,False
"compton, ah",Physics,16,5,51,False
"compton, ah",Physics,17,4,55,False
"compton, ah",Physics,18,7,62,False
"compton, ah",Physics,19,6,68,False
"compton, ah",Physics,20,7,75,False
"compton, ah",Physics,21,6,81,False
"compton, ah",Physics,22,3,84,False
"compton, ah",Physics,23,3,87,False
"compton, ah",Physics,24,2,89,False
"compton, ah",Physics,25,2,91,False
"compton, ah",Physics,26,3,94,False
"compton, ah",Physics,27,2,96,False
"compton, ah",Physics,29,1,97,False
"compton, ah",Physics,31,2,99,False
"compton, ah",Physics,32,2,101,False
"compton, ah",Physics,33,3,104,False
"compton, ah",Physics,34,2,106,False
"compton, ah",Physics,35,2,108,False
"compton, ah",Physics,36,1,109,False
"compton, ah",Physics,37,1,110,False
"compton, ah",Physics,39,1,111,False
"compton, ah",Physics,40,1,112,False
"compton, ah",Physics,44,2,114,False
"compton, ah",Physics,48,3,117,False
"compton, ah",Physics,49,1,118,False
"cooper, ln",Physics,0,1,1,False
"cooper, ln",Physics,3,1,2,False
"cooper, ln",Physics,4,2,4,True
"cooper, ln",Physics,6,2,6,False
"cooper, ln",Physics,7,1,7,False
"cooper, ln",Physics,8,2,9,False
"cooper, ln",Physics,9,2,11,False
"cooper, ln",Physics,11,1,12,False
"cooper, ln",Physics,12,2,14,False
"cooper, ln",Physics,13,3,17,False
"cooper, ln",Physics,16,2,19,False
"cooper, ln",Physics,17,1,20,False
"cooper, ln",Physics,18,3,23,False
"cooper, ln",Physics,19,1,24,False
"cooper, ln",Physics,20,1,25,False
"cooper, ln",Physics,22,1,26,False
"cooper, ln",Physics,25,2,28,False
"cooper, ln",Physics,26,1,29,False
"cooper, ln",Physics,28,2,31,False
"cooper, ln",Physics,29,1,32,False
"cooper, ln",Physics,30,1,33,False
"cooper, ln",Physics,31,1,34,False
"cooper, ln",Physics,32,2,36,False
"cooper, ln",Physics,33,2,38,False
"cooper, ln",Physics,34,3,41,False
"cooper, ln",Physics,35,1,42,False
"cooper, ln",Physics,38,1,43,False
"cooper, ln",Physics,39,1,44,False
"cooper, ln",Physics,41,3,47,False
"cooper, ln",Physics,43,3,50,False
"cooper, ln",Physics,44,1,51,False
"cooper, ln",Physics,45,3,54,False
"cooper, ln",Physics,46,3,57,False
"cooper, ln",Physics,47,3,60,False
"cooper, ln",Physics,48,1,61,False
"cooper, ln",Physics,49,3,64,False
"cooper, ln",Physics,50,2,66,False
"cooper, ln",Physics,51,2,68,False
"cooper, ln",Physics,52,3,71,False
"cooper, ln",Physics,53,2,73,False
"cooper, ln",Physics,54,5,78,False
"cooper, ln",Physics,55,4,82,False
"cooper, ln",Physics,56,4,86,False
"cooper, ln",Physics,57,2,88,False
"cooper, ln",Physics,58,2,90,False
"cooper, ln",Physics,59,3,93,False
"cooper, ln",Physics,60,1,94,False
"corey, e",Chemistry,0,1,1,False
"corey, e",Chemistry,1,1,2,False
"corey, e",Chemistry,2,3,5,False
"corey, e",Chemistry,3,9,14,False
"corey, e",Chemistry,4,3,17,False
"corey, e",Chemistry,5,8,25,False
"corey, e",Chemistry,6,6,31,False
"corey, e",Chemistry,7,5,36,False
"corey, e",Chemistry,8,6,42,False
"corey, e",Chemistry,9,9,51,True
"corey, e",Chemistry,10,4,55,False
"corey, e",Chemistry,11,5,60,False
"corey, e",Chemistry,12,9,69,False
"corey, e",Chemistry,13,11,80,False
"corey, e",Chemistry,14,10,90,False
"corey, e",Chemistry,15,16,106,False
"corey, e",Chemistry,16,8,114,False
"corey, e",Chemistry,17,16,130,False
"corey, e",Chemistry,18,18,148,False
"corey, e",Chemistry,19,21,169,False
"corey, e",Chemistry,20,33,202,False
"corey, e",Chemistry,21,31,233,False
"corey, e",Chemistry,22,36,269,False
"corey, e",Chemistry,23,38,307,False
"corey, e",Chemistry,24,21,328,False
"corey, e",Chemistry,25,57,385,False
"corey, e",Chemistry,26,38,423,False
"corey, e",Chemistry,27,23,446,False
"corey, e",Chemistry,28,35,481,False
"corey, e",Chemistry,29,22,503,False
"corey, e",Chemistry,30,51,554,False
"corey, e",Chemistry,31,29,583,False
"corey, e",Chemistry,32,34,617,False
"corey, e",Chemistry,33,43,660,False
"corey, e",Chemistry,34,49,709,False
"corey, e",Chemistry,35,41,750,False
"corey, e",Chemistry,36,13,763,False
"corey, e",Chemistry,37,39,802,False
"corey, e",Chemistry,38,20,822,False
"corey, e",Chemistry,39,24,846,False
"corey, e",Chemistry,40,32,878,False
"corey, e",Chemistry,41,21,899,False
"corey, e",Chemistry,42,21,920,False
"corey, e",Chemistry,43,20,940,False
"corey, e",Chemistry,44,17,957,False
"corey, e",Chemistry,45,17,974,False
"corey, e",Chemistry,46,18,992,False
"corey, e",Chemistry,47,24,1016,False
"corey, e",Chemistry,48,18,1034,False
"corey, e",Chemistry,49,25,1059,False
"corey, e",Chemistry,50,20,1079,False
"corey, e",Chemistry,51,14,1093,False
"corey, e",Chemistry,52,12,1105,False
"corey, e",Chemistry,53,14,1119,False
"corey, e",Chemistry,54,15,1134,False
"corey, e",Chemistry,55,17,1151,False
"corey, e",Chemistry,56,26,1177,False
"corey, e",Chemistry,57,13,1190,False
"corey, e",Chemistry,58,21,1211,False
"corey, e",Chemistry,59,11,1222,False
"corey, e",Chemistry,60,159,1381,False
"cori, cf",Medicine,0,2,2,False
"cori, cf",Medicine,1,3,5,False
"cori, cf",Medicine,2,8,13,False
"cori, cf",Medicine,3,7,20,False
"cori, cf",Medicine,4,4,24,False
"cori, cf",Medicine,6,5,29,True
"cori, cf",Medicine,7,6,35,False
"cori, cf",Medicine,8,1,36,False
"cori, cf",Medicine,10,2,38,False
"cori, cf",Medicine,12,3,41,False
"cori, cf",Medicine,13,2,43,False
"cori, cf",Medicine,14,3,46,False
"cori, cf",Medicine,15,3,49,False
"cori, cf",Medicine,16,3,52,False
"cori, cf",Medicine,17,1,53,False
"cori, cf",Medicine,23,2,55,False
"cori, cf",Medicine,27,1,56,False
"cori, cf",Medicine,28,2,58,False
"cori, cf",Medicine,29,1,59,False
"cori, cf",Medicine,31,3,62,False
"cori, cf",Medicine,32,1,63,False
"cori, cf",Medicine,34,2,65,False
"cori, cf",Medicine,35,1,66,False
"cori, cf",Medicine,36,1,67,False
"cori, cf",Medicine,38,2,69,False
"cori, cf",Medicine,39,1,70,False
"cori, cf",Medicine,40,1,71,False
"cori, cf",Medicine,41,2,73,False
"cori, cf",Medicine,42,2,75,False
"cori, cf",Medicine,43,1,76,False
"cori, cf",Medicine,44,1,77,False
"cori, cf",Medicine,45,1,78,False
"cori, cf",Medicine,46,1,79,False
"cori, cf",Medicine,47,1,80,False
"cori, cf",Medicine,49,1,81,False
"cori, cf",Medicine,50,2,83,False
"cori, cf",Medicine,51,3,86,False
"cori, cf",Medicine,53,4,90,False
"cori, cf",Medicine,56,1,91,False
"cori, cf",Medicine,58,3,94,False
"cori, cf",Medicine,60,2,96,False
"cori, gt",Medicine,0,1,1,False
"cori, gt",Medicine,1,3,4,False
"cori, gt",Medicine,2,6,10,False
"cori, gt",Medicine,3,3,13,False
"cori, gt",Medicine,4,3,16,False
"cori, gt",Medicine,5,2,18,False
"cori, gt",Medicine,8,4,22,True
"cori, gt",Medicine,9,6,28,False
"cori, gt",Medicine,12,1,29,False
"cori, gt",Medicine,13,1,30,False
"cori, gt",Medicine,14,3,33,False
"cori, gt",Medicine,15,1,34,False
"cori, gt",Medicine,16,3,37,False
"cori, gt",Medicine,17,3,40,False
"cori, gt",Medicine,18,1,41,False
"cori, gt",Medicine,29,1,42,False
"cori, gt",Medicine,30,1,43,False
"cori, gt",Medicine,32,1,44,False
"cori, gt",Medicine,33,1,45,False
"cori, gt",Medicine,35,1,46,False
"cormack, am",Medicine,0,1,1,True
"cormack, am",Medicine,10,1,2,False
"cormack, am",Medicine,13,1,3,False
"cormack, am",Medicine,14,1,4,False
"cormack, am",Medicine,15,1,5,False
"cormack, am",Medicine,17,4,9,False
"cormack, am",Medicine,18,1,10,False
"cormack, am",Medicine,24,4,14,False
"cormack, am",Medicine,26,1,15,False
"cormack, am",Medicine,29,1,16,False
"cormack, am",Medicine,31,1,17,False
"cormack, am",Medicine,32,1,18,False
"cornell, ea",Physics,0,1,1,False
"cornell, ea",Physics,2,2,3,False
"cornell, ea",Physics,3,2,5,False
"cornell, ea",Physics,4,4,9,True
"cornell, ea",Physics,5,3,12,False
"cornell, ea",Physics,6,5,17,False
"cornell, ea",Physics,7,9,26,False
"cornell, ea",Physics,8,4,30,False
"cornell, ea",Physics,9,5,35,False
"cornell, ea",Physics,10,6,41,False
"cornell, ea",Physics,11,7,48,False
"cornell, ea",Physics,12,5,53,False
"cornell, ea",Physics,13,6,59,False
"cornell, ea",Physics,14,5,64,False
"cornell, ea",Physics,15,2,66,False
"cornell, ea",Physics,16,2,68,False
"cornell, ea",Physics,19,1,69,False
"cornell, ea",Physics,21,1,70,False
"cornell, ea",Physics,23,1,71,False
cornfort.jw,Chemistry,0,3,3,False
cornfort.jw,Chemistry,7,2,5,False
cornfort.jw,Chemistry,11,3,8,False
cornfort.jw,Chemistry,12,1,9,False
cornfort.jw,Chemistry,13,1,10,False
cornfort.jw,Chemistry,16,2,12,False
cornfort.jw,Chemistry,17,3,15,False
cornfort.jw,Chemistry,18,1,16,False
cornfort.jw,Chemistry,19,1,17,False
cornfort.jw,Chemistry,20,3,20,True
cornfort.jw,Chemistry,23,2,22,False
cornfort.jw,Chemistry,24,5,27,False
cornfort.jw,Chemistry,25,3,30,False
cornfort.jw,Chemistry,26,4,34,False
cornfort.jw,Chemistry,27,2,36,False
cornfort.jw,Chemistry,28,6,42,False
cornfort.jw,Chemistry,29,3,45,False
cornfort.jw,Chemistry,30,2,47,False
cornfort.jw,Chemistry,31,2,49,False
cornfort.jw,Chemistry,32,3,52,False
cornfort.jw,Chemistry,33,4,56,False
cornfort.jw,Chemistry,34,1,57,False
cornfort.jw,Chemistry,35,3,60,False
cornfort.jw,Chemistry,40,3,63,False
cornfort.jw,Chemistry,41,4,67,False
cornfort.jw,Chemistry,42,1,68,False
cornfort.jw,Chemistry,45,1,69,False
cornfort.jw,Chemistry,48,3,72,False
cornfort.jw,Chemistry,49,1,73,False
cornfort.jw,Chemistry,50,1,74,False
cornfort.jw,Chemistry,51,1,75,False
cornfort.jw,Chemistry,54,1,76,False
cornfort.jw,Chemistry,60,1,77,False
"cournand, a",Medicine,0,3,3,False
"cournand, a",Medicine,1,1,4,False
"cournand, a",Medicine,2,2,6,False
"cournand, a",Medicine,5,3,9,False
"cournand, a",Medicine,6,2,11,False
"cournand, a",Medicine,7,2,13,False
"cournand, a",Medicine,9,3,16,False
"cournand, a",Medicine,10,2,18,False
"cournand, a",Medicine,11,3,21,False
"cournand, a",Medicine,12,4,25,True
"cournand, a",Medicine,13,5,30,False
"cournand, a",Medicine,14,6,36,False
"cournand, a",Medicine,15,5,41,False
"cournand, a",Medicine,16,6,47,False
"cournand, a",Medicine,17,3,50,False
"cournand, a",Medicine,18,3,53,False
"cournand, a",Medicine,20,5,58,False
"cournand, a",Medicine,21,3,61,False
"cournand, a",Medicine,22,5,66,False
"cournand, a",Medicine,23,2,68,False
"cournand, a",Medicine,24,3,71,False
"cournand, a",Medicine,25,5,76,False
"cournand, a",Medicine,26,3,79,False
"cournand, a",Medicine,27,3,82,False
"cournand, a",Medicine,29,1,83,False
"cournand, a",Medicine,30,3,86,False
"cournand, a",Medicine,39,1,87,False
"cram, d",Chemistry,0,1,1,False
"cram, d",Chemistry,4,2,3,False
"cram, d",Chemistry,5,7,10,False
"cram, d",Chemistry,6,3,13,False
"cram, d",Chemistry,7,2,15,False
"cram, d",Chemistry,8,12,27,True
"cram, d",Chemistry,9,7,34,False
"cram, d",Chemistry,10,12,46,False
"cram, d",Chemistry,11,6,52,False
"cram, d",Chemistry,12,3,55,False
"cram, d",Chemistry,13,3,58,False
"cram, d",Chemistry,14,5,63,False
"cram, d",Chemistry,15,16,79,False
"cram, d",Chemistry,16,5,84,False
"cram, d",Chemistry,17,9,93,False
"cram, d",Chemistry,18,6,99,False
"cram, d",Chemistry,19,16,115,False
"cram, d",Chemistry,20,10,125,False
"cram, d",Chemistry,21,4,129,False
"cram, d",Chemistry,22,12,141,False
"cram, d",Chemistry,23,11,152,False
"cram, d",Chemistry,24,12,164,False
"cram, d",Chemistry,25,12,176,False
"cram, d",Chemistry,26,16,192,False
"cram, d",Chemistry,27,27,219,False
"cram, d",Chemistry,28,16,235,False
"cram, d",Chemistry,29,26,261,False
"cram, d",Chemistry,30,19,280,False
"cram, d",Chemistry,31,21,301,False
"cram, d",Chemistry,32,8,309,False
"cram, d",Chemistry,33,15,324,False
"cram, d",Chemistry,34,12,336,False
"cram, d",Chemistry,35,20,356,False
"cram, d",Chemistry,36,4,360,False
"cram, d",Chemistry,37,10,370,False
"cram, d",Chemistry,38,12,382,False
"cram, d",Chemistry,39,10,392,False
"cram, d",Chemistry,40,15,407,False
"cram, d",Chemistry,41,14,421,False
"cram, d",Chemistry,42,16,437,False
"cram, d",Chemistry,43,7,444,False
"cram, d",Chemistry,44,11,455,False
"cram, d",Chemistry,45,8,463,False
"cram, d",Chemistry,46,10,473,False
"cram, d",Chemistry,47,9,482,False
"cram, d",Chemistry,48,6,488,False
"cram, d",Chemistry,49,6,494,False
"cram, d",Chemistry,50,2,496,False
"cram, d",Chemistry,51,7,503,False
"cram, d",Chemistry,52,2,505,False
"cram, d",Chemistry,53,6,511,False
"cram, d",Chemistry,54,1,512,False
"cram, d",Chemistry,55,1,513,False
"cram, d",Chemistry,56,2,515,False
"cram, d",Chemistry,59,1,516,False
"crick, fhc",Medicine,0,2,2,False
"crick, fhc",Medicine,1,5,7,True
"crick, fhc",Medicine,2,3,10,False
"crick, fhc",Medicine,3,4,14,False
"crick, fhc",Medicine,4,4,18,False
"crick, fhc",Medicine,6,1,19,False
"crick, fhc",Medicine,7,1,20,False
"crick, fhc",Medicine,9,1,21,False
"crick, fhc",Medicine,22,1,22,False
"crick, fhc",Medicine,41,1,23,False
"cronin, jw",Physics,0,1,1,False
"cronin, jw",Physics,1,1,2,False
"cronin, jw",Physics,3,1,3,False
"cronin, jw",Physics,4,2,5,False
"cronin, jw",Physics,6,2,7,False
"cronin, jw",Physics,7,1,8,False
"cronin, jw",Physics,8,3,11,True
"cronin, jw",Physics,9,2,13,False
"cronin, jw",Physics,11,1,14,False
"cronin, jw",Physics,12,1,15,False
"cronin, jw",Physics,13,1,16,False
"cronin, jw",Physics,15,1,17,False
"cronin, jw",Physics,16,2,19,False
"cronin, jw",Physics,17,1,20,False
"cronin, jw",Physics,18,2,22,False
"cronin, jw",Physics,19,1,23,False
"cronin, jw",Physics,20,1,24,False
"cronin, jw",Physics,21,7,31,False
"cronin, jw",Physics,23,1,32,False
"cronin, jw",Physics,25,1,33,False
"cronin, jw",Physics,26,1,34,False
"cronin, jw",Physics,29,2,36,False
"cronin, jw",Physics,30,1,37,False
"cronin, jw",Physics,34,1,38,False
"cronin, jw",Physics,36,1,39,False
"cronin, jw",Physics,37,1,40,False
"cronin, jw",Physics,38,3,43,False
"cronin, jw",Physics,40,1,44,False
"cronin, jw",Physics,41,3,47,False
"cronin, jw",Physics,42,2,49,False
"cronin, jw",Physics,43,5,54,False
"cronin, jw",Physics,44,2,56,False
"cronin, jw",Physics,45,1,57,False
"cronin, jw",Physics,46,1,58,False
"cronin, jw",Physics,48,1,59,False
"cronin, jw",Physics,49,1,60,False
"cronin, jw",Physics,51,2,62,False
"cronin, jw",Physics,52,4,66,False
"cronin, jw",Physics,53,1,67,False
"cronin, jw",Physics,54,3,70,False
"cronin, jw",Physics,55,4,74,False
"cronin, jw",Physics,56,12,86,False
"cronin, jw",Physics,57,2,88,False
"cronin, jw",Physics,58,7,95,False
"cronin, jw",Physics,59,6,101,False
"cronin, jw",Physics,60,5,106,False
"crutzen, p",Chemistry,0,1,1,False
"crutzen, p",Chemistry,1,1,2,True
"crutzen, p",Chemistry,2,1,3,False
"crutzen, p",Chemistry,4,1,4,False
"crutzen, p",Chemistry,5,2,6,False
"crutzen, p",Chemistry,6,4,10,False
"crutzen, p",Chemistry,7,4,14,False
"crutzen, p",Chemistry,8,5,19,False
"crutzen, p",Chemistry,9,7,26,False
"crutzen, p",Chemistry,10,6,32,False
"crutzen, p",Chemistry,11,6,38,False
"crutzen, p",Chemistry,12,3,41,False
"crutzen, p",Chemistry,13,6,47,False
"crutzen, p",Chemistry,14,5,52,False
"crutzen, p",Chemistry,15,2,54,False
"crutzen, p",Chemistry,16,5,59,False
"crutzen, p",Chemistry,17,2,61,False
"crutzen, p",Chemistry,18,2,63,False
"crutzen, p",Chemistry,19,6,69,False
"crutzen, p",Chemistry,20,5,74,False
"crutzen, p",Chemistry,21,7,81,False
"crutzen, p",Chemistry,22,7,88,False
"crutzen, p",Chemistry,23,8,96,False
"crutzen, p",Chemistry,24,11,107,False
"crutzen, p",Chemistry,25,17,124,False
"crutzen, p",Chemistry,26,15,139,False
"crutzen, p",Chemistry,27,17,156,False
"crutzen, p",Chemistry,28,13,169,False
"crutzen, p",Chemistry,29,16,185,False
"crutzen, p",Chemistry,30,22,207,False
"crutzen, p",Chemistry,31,14,221,False
"crutzen, p",Chemistry,32,13,234,False
"crutzen, p",Chemistry,33,21,255,False
"crutzen, p",Chemistry,34,18,273,False
"crutzen, p",Chemistry,35,12,285,False
"crutzen, p",Chemistry,36,4,289,False
"crutzen, p",Chemistry,37,7,296,False
"crutzen, p",Chemistry,38,6,302,False
"crutzen, p",Chemistry,39,3,305,False
"crutzen, p",Chemistry,40,2,307,False
"crutzen, p",Chemistry,41,6,313,False
"crutzen, p",Chemistry,42,4,317,False
"crutzen, p",Chemistry,43,5,322,False
"crutzen, p",Chemistry,44,5,327,False
"crutzen, p",Chemistry,46,3,330,False
"crutzen, p",Chemistry,47,1,331,False
"crutzen, p",Chemistry,48,2,333,False
"curie, i",Chemistry,0,1,1,False
"curie, i",Chemistry,1,1,2,False
"curie, i",Chemistry,2,1,3,False
"curie, i",Chemistry,3,2,5,False
"curie, i",Chemistry,4,1,6,False
"curie, i",Chemistry,6,2,8,False
"curie, i",Chemistry,8,2,10,False
"curie, i",Chemistry,9,1,11,False
"curie, i",Chemistry,11,3,14,True
"curie, i",Chemistry,12,1,15,False
"curie, i",Chemistry,14,1,16,False
"curie, i",Chemistry,15,1,17,False
"curie, i",Chemistry,16,1,18,False
"curie, i",Chemistry,21,1,19,False
"curie, i",Chemistry,22,2,21,False
"curie, i",Chemistry,23,1,22,False
"curie, i",Chemistry,26,1,23,False
"curie, i",Chemistry,29,1,24,False
"curie, i",Chemistry,31,2,26,False
"curl, r",Chemistry,0,1,1,False
"curl, r",Chemistry,2,1,2,False
"curl, r",Chemistry,3,2,4,False
"curl, r",Chemistry,5,2,6,False
"curl, r",Chemistry,6,3,9,False
"curl, r",Chemistry,7,4,13,False
"curl, r",Chemistry,8,2,15,False
"curl, r",Chemistry,9,5,20,False
"curl, r",Chemistry,10,5,25,False
"curl, r",Chemistry,11,5,30,False
"curl, r",Chemistry,12,5,35,False
"curl, r",Chemistry,13,5,40,False
"curl, r",Chemistry,14,2,42,False
"curl, r",Chemistry,15,2,44,False
"curl, r",Chemistry,16,4,48,False
"curl, r",Chemistry,17,7,55,False
"curl, r",Chemistry,18,6,61,False
"curl, r",Chemistry,19,6,67,False
"curl, r",Chemistry,20,2,69,False
"curl, r",Chemistry,21,7,76,False
"curl, r",Chemistry,22,3,79,False
"curl, r",Chemistry,23,2,81,False
"curl, r",Chemistry,24,6,87,False
"curl, r",Chemistry,25,5,92,False
"curl, r",Chemistry,26,1,93,False
"curl, r",Chemistry,27,5,98,False
"curl, r",Chemistry,28,3,101,False
"curl, r",Chemistry,29,1,102,False
"curl, r",Chemistry,30,6,108,True
"curl, r",Chemistry,31,12,120,False
"curl, r",Chemistry,32,7,127,False
"curl, r",Chemistry,33,8,135,False
"curl, r",Chemistry,34,3,138,False
"curl, r",Chemistry,35,5,143,False
"curl, r",Chemistry,36,5,148,False
"curl, r",Chemistry,37,9,157,False
"curl, r",Chemistry,38,7,164,False
"curl, r",Chemistry,39,2,166,False
"curl, r",Chemistry,40,2,168,False
"curl, r",Chemistry,41,5,173,False
"curl, r",Chemistry,42,7,180,False
"curl, r",Chemistry,43,8,188,False
"curl, r",Chemistry,44,4,192,False
"curl, r",Chemistry,45,2,194,False
"curl, r",Chemistry,46,5,199,False
"curl, r",Chemistry,47,5,204,False
"curl, r",Chemistry,48,2,206,False
"curl, r",Chemistry,49,5,211,False
"curl, r",Chemistry,50,4,215,False
"curl, r",Chemistry,51,2,217,False
"curl, r",Chemistry,52,2,219,False
"curl, r",Chemistry,53,3,222,False
"curl, r",Chemistry,54,1,223,False
"curl, r",Chemistry,55,8,231,False
"curl, r",Chemistry,56,3,234,False
"curl, r",Chemistry,58,2,236,False
"dale, hh",Medicine,0,1,1,False
"dale, hh",Medicine,1,1,2,False
"dale, hh",Medicine,4,1,3,False
"dale, hh",Medicine,5,2,5,False
"dale, hh",Medicine,6,2,7,False
"dale, hh",Medicine,9,1,8,True
"dale, hh",Medicine,13,1,9,False
"dale, hh",Medicine,16,1,10,False
"dale, hh",Medicine,18,1,11,False
"dale, hh",Medicine,21,1,12,False
"dale, hh",Medicine,22,1,13,False
"dale, hh",Medicine,23,1,14,False
"dale, hh",Medicine,24,1,15,False
"dale, hh",Medicine,25,1,16,False
"dale, hh",Medicine,26,1,17,False
"dale, hh",Medicine,27,1,18,False
"dale, hh",Medicine,29,2,20,False
"dale, hh",Medicine,30,1,21,False
"dale, hh",Medicine,31,2,23,False
"dale, hh",Medicine,34,1,24,False
"dam, h",Medicine,0,1,1,False
"dam, h",Medicine,1,2,3,True
"dam, h",Medicine,4,4,7,False
"dam, h",Medicine,5,5,12,False
"dam, h",Medicine,6,1,13,False
"dam, h",Medicine,8,2,15,False
"dam, h",Medicine,9,2,17,False
"dam, h",Medicine,10,2,19,False
"dam, h",Medicine,11,8,27,False
"dam, h",Medicine,12,1,28,False
"dam, h",Medicine,13,1,29,False
"dam, h",Medicine,14,5,34,False
"dam, h",Medicine,15,7,41,False
"dam, h",Medicine,16,7,48,False
"dam, h",Medicine,17,5,53,False
"dam, h",Medicine,19,5,58,False
"dam, h",Medicine,20,3,61,False
"dam, h",Medicine,21,4,65,False
"dam, h",Medicine,22,7,72,False
"dam, h",Medicine,23,6,78,False
"dam, h",Medicine,24,5,83,False
"dam, h",Medicine,25,1,84,False
"dam, h",Medicine,26,6,90,False
"dam, h",Medicine,27,3,93,False
"dam, h",Medicine,28,6,99,False
"dam, h",Medicine,29,3,102,False
"dam, h",Medicine,30,3,105,False
"dam, h",Medicine,31,3,108,False
"dam, h",Medicine,32,4,112,False
"dam, h",Medicine,33,1,113,False
"dam, h",Medicine,34,1,114,False
"dam, h",Medicine,35,3,117,False
"dam, h",Medicine,36,2,119,False
"dam, h",Medicine,37,5,124,False
"dam, h",Medicine,38,2,126,False
"dam, h",Medicine,39,2,128,False
"dam, h",Medicine,40,2,130,False
"dam, h",Medicine,41,1,131,False
"dausset, j",Medicine,0,1,1,True
"dausset, j",Medicine,3,1,2,False
"dausset, j",Medicine,5,3,5,False
"dausset, j",Medicine,7,1,6,False
"dausset, j",Medicine,9,2,8,False
"dausset, j",Medicine,10,5,13,False
"dausset, j",Medicine,11,2,15,False
"dausset, j",Medicine,12,5,20,False
"dausset, j",Medicine,13,5,25,False
"dausset, j",Medicine,14,7,32,False
"dausset, j",Medicine,15,5,37,False
"dausset, j",Medicine,16,4,41,False
"dausset, j",Medicine,17,5,46,False
"dausset, j",Medicine,18,4,50,False
"dausset, j",Medicine,19,6,56,False
"dausset, j",Medicine,20,8,64,False
"dausset, j",Medicine,21,10,74,False
"dausset, j",Medicine,22,3,77,False
"dausset, j",Medicine,23,8,85,False
"dausset, j",Medicine,24,9,94,False
"dausset, j",Medicine,25,3,97,False
"dausset, j",Medicine,26,4,101,False
"dausset, j",Medicine,27,5,106,False
"dausset, j",Medicine,28,3,109,False
"dausset, j",Medicine,29,4,113,False
"dausset, j",Medicine,30,6,119,False
"dausset, j",Medicine,31,7,126,False
"dausset, j",Medicine,32,8,134,False
"dausset, j",Medicine,33,1,135,False
"dausset, j",Medicine,34,2,137,False
"dausset, j",Medicine,35,1,138,False
"dausset, j",Medicine,36,1,139,False
"dausset, j",Medicine,38,1,140,False
"dausset, j",Medicine,40,2,142,False
"dausset, j",Medicine,41,3,145,False
"dausset, j",Medicine,42,2,147,False
"dausset, j",Medicine,43,3,150,False
"dausset, j",Medicine,44,4,154,False
"dausset, j",Medicine,45,14,168,False
"dausset, j",Medicine,46,11,179,False
"dausset, j",Medicine,47,8,187,False
"dausset, j",Medicine,48,5,192,False
"dausset, j",Medicine,49,4,196,False
"dausset, j",Medicine,50,5,201,False
"dausset, j",Medicine,54,20,221,False
"davisson, cj",Physics,0,2,2,True
"davisson, cj",Physics,1,2,4,False
"davisson, cj",Physics,2,2,6,False
"davisson, cj",Physics,11,1,7,False
"debye, p",Chemistry,0,1,1,False
"debye, p",Chemistry,1,2,3,False
"debye, p",Chemistry,3,1,4,True
"debye, p",Chemistry,4,1,5,False
"debye, p",Chemistry,6,1,6,False
"debye, p",Chemistry,13,1,7,False
"debye, p",Chemistry,16,1,8,False
"debye, p",Chemistry,17,2,10,False
"debye, p",Chemistry,18,2,12,False
"debye, p",Chemistry,21,1,13,False
"debye, p",Chemistry,23,1,14,False
"debye, p",Chemistry,24,1,15,False
"debye, p",Chemistry,28,1,16,False
"debye, p",Chemistry,29,3,19,False
"debye, p",Chemistry,30,1,20,False
"debye, p",Chemistry,32,1,21,False
"debye, p",Chemistry,33,1,22,False
"debye, p",Chemistry,35,2,24,False
"debye, p",Chemistry,36,1,25,False
"debye, p",Chemistry,37,2,27,False
"debye, p",Chemistry,38,1,28,False
"debye, p",Chemistry,39,1,29,False
"debye, p",Chemistry,40,3,32,False
"debye, p",Chemistry,41,1,33,False
"debye, p",Chemistry,42,3,36,False
"debye, p",Chemistry,43,4,40,False
"debye, p",Chemistry,46,1,41,False
"debye, p",Chemistry,48,3,44,False
"debye, p",Chemistry,50,5,49,False
"debye, p",Chemistry,51,3,52,False
"debye, p",Chemistry,53,3,55,False
"debye, p",Chemistry,54,3,58,False
"debye, p",Chemistry,55,2,60,False
"debye, p",Chemistry,56,2,62,False
"debye, p",Chemistry,57,2,64,False
"debye, p",Chemistry,58,2,66,False
"debye, p",Chemistry,59,1,67,False
"degennes, pg",Physics,0,1,1,False
"degennes, pg",Physics,6,2,3,True
"degennes, pg",Physics,11,1,4,False
"dehmelt, hg",Physics,0,2,2,False
"dehmelt, hg",Physics,1,2,4,False
"dehmelt, hg",Physics,3,1,5,False
"dehmelt, hg",Physics,4,2,7,True
"dehmelt, hg",Physics,5,1,8,False
"dehmelt, hg",Physics,9,2,10,False
"dehmelt, hg",Physics,11,1,11,False
"dehmelt, hg",Physics,12,1,12,False
"dehmelt, hg",Physics,13,1,13,False
"dehmelt, hg",Physics,15,4,17,False
"dehmelt, hg",Physics,16,2,19,False
"dehmelt, hg",Physics,22,2,21,False
"dehmelt, hg",Physics,23,3,24,False
"dehmelt, hg",Physics,24,1,25,False
"dehmelt, hg",Physics,25,3,28,False
"dehmelt, hg",Physics,27,1,29,False
"dehmelt, hg",Physics,28,3,32,False
"dehmelt, hg",Physics,29,1,33,False
"dehmelt, hg",Physics,30,1,34,False
"dehmelt, hg",Physics,31,1,35,False
"dehmelt, hg",Physics,32,4,39,False
"dehmelt, hg",Physics,33,4,43,False
"dehmelt, hg",Physics,34,1,44,False
"dehmelt, hg",Physics,35,4,48,False
"dehmelt, hg",Physics,36,4,52,False
"dehmelt, hg",Physics,37,3,55,False
"dehmelt, hg",Physics,38,3,58,False
"dehmelt, hg",Physics,39,3,61,False
"dehmelt, hg",Physics,40,3,64,False
"dehmelt, hg",Physics,41,3,67,False
"dehmelt, hg",Physics,42,6,73,False
"dehmelt, hg",Physics,43,1,74,False
"dehmelt, hg",Physics,44,2,76,False
"dehmelt, hg",Physics,46,2,78,False
"deisenhofer, j",Chemistry,0,1,1,False
"deisenhofer, j",Chemistry,1,5,6,False
"deisenhofer, j",Chemistry,3,1,7,False
"deisenhofer, j",Chemistry,5,2,9,False
"deisenhofer, j",Chemistry,6,1,10,False
"deisenhofer, j",Chemistry,7,1,11,False
"deisenhofer, j",Chemistry,8,1,12,False
"deisenhofer, j",Chemistry,9,4,16,True
"deisenhofer, j",Chemistry,10,4,20,False
"deisenhofer, j",Chemistry,11,1,21,False
"deisenhofer, j",Chemistry,12,1,22,False
"deisenhofer, j",Chemistry,13,3,25,False
"deisenhofer, j",Chemistry,14,6,31,False
"deisenhofer, j",Chemistry,15,1,32,False
"deisenhofer, j",Chemistry,16,2,34,False
"deisenhofer, j",Chemistry,17,3,37,False
"deisenhofer, j",Chemistry,18,5,42,False
"deisenhofer, j",Chemistry,19,5,47,False
"deisenhofer, j",Chemistry,20,7,54,False
"deisenhofer, j",Chemistry,21,13,67,False
"deisenhofer, j",Chemistry,22,4,71,False
"deisenhofer, j",Chemistry,23,7,78,False
"deisenhofer, j",Chemistry,24,4,82,False
"deisenhofer, j",Chemistry,25,4,86,False
"deisenhofer, j",Chemistry,26,7,93,False
"deisenhofer, j",Chemistry,27,7,100,False
"deisenhofer, j",Chemistry,28,3,103,False
"deisenhofer, j",Chemistry,29,4,107,False
"deisenhofer, j",Chemistry,30,2,109,False
"deisenhofer, j",Chemistry,31,4,113,False
"deisenhofer, j",Chemistry,32,3,116,False
"deisenhofer, j",Chemistry,33,2,118,False
"deisenhofer, j",Chemistry,34,2,120,False
"deisenhofer, j",Chemistry,35,5,125,False
"deisenhofer, j",Chemistry,36,1,126,False
"delbruck, m",Medicine,0,1,1,False
"delbruck, m",Medicine,2,1,2,False
"delbruck, m",Medicine,9,1,3,False
"delbruck, m",Medicine,10,4,7,False
"delbruck, m",Medicine,11,1,8,False
"delbruck, m",Medicine,13,1,9,True
"delbruck, m",Medicine,15,2,11,False
"delbruck, m",Medicine,24,1,12,False
"delbruck, m",Medicine,28,1,13,False
"delbruck, m",Medicine,29,1,14,False
"delbruck, m",Medicine,30,1,15,False
"delbruck, m",Medicine,31,1,16,False
"delbruck, m",Medicine,32,2,18,False
"delbruck, m",Medicine,37,1,19,False
"delbruck, m",Medicine,38,1,20,False
"delbruck, m",Medicine,40,2,22,False
"delbruck, m",Medicine,42,2,24,False
"delbruck, m",Medicine,43,1,25,False
"delbruck, m",Medicine,44,1,26,False
"delbruck, m",Medicine,45,3,29,False
"delbruck, m",Medicine,46,2,31,False
"delbruck, m",Medicine,47,1,32,False
"delbruck, m",Medicine,49,2,34,False
"delbruck, m",Medicine,50,2,36,False
"delbruck, m",Medicine,51,1,37,False
"diels, o",Chemistry,0,2,2,False
"diels, o",Chemistry,2,1,3,False
"diels, o",Chemistry,3,5,8,False
"diels, o",Chemistry,4,6,14,False
"diels, o",Chemistry,5,2,16,False
"diels, o",Chemistry,6,5,21,False
"diels, o",Chemistry,7,5,26,False
"diels, o",Chemistry,8,7,33,False
"diels, o",Chemistry,9,4,37,False
"diels, o",Chemistry,10,6,43,False
"diels, o",Chemistry,11,2,45,False
"diels, o",Chemistry,12,7,52,False
"diels, o",Chemistry,13,4,56,False
"diels, o",Chemistry,14,4,60,False
"diels, o",Chemistry,15,5,65,False
"diels, o",Chemistry,16,2,67,False
"diels, o",Chemistry,17,4,71,False
"diels, o",Chemistry,18,1,72,False
"diels, o",Chemistry,19,2,74,False
"diels, o",Chemistry,20,1,75,False
"diels, o",Chemistry,21,3,78,False
"diels, o",Chemistry,22,3,81,False
"diels, o",Chemistry,23,4,85,False
"diels, o",Chemistry,24,3,88,False
"diels, o",Chemistry,25,1,89,False
"diels, o",Chemistry,26,1,90,False
"diels, o",Chemistry,28,4,94,False
"diels, o",Chemistry,29,1,95,True
"diels, o",Chemistry,30,4,99,False
"diels, o",Chemistry,31,2,101,False
"diels, o",Chemistry,32,8,109,False
"diels, o",Chemistry,33,2,111,False
"diels, o",Chemistry,34,3,114,False
"diels, o",Chemistry,35,5,119,False
"diels, o",Chemistry,36,6,125,False
"diels, o",Chemistry,37,3,128,False
"diels, o",Chemistry,38,4,132,False
"diels, o",Chemistry,39,7,139,False
"diels, o",Chemistry,41,4,143,False
"diels, o",Chemistry,43,1,144,False
"diels, o",Chemistry,45,1,145,False
"dirac, pam",Physics,0,3,3,False
"dirac, pam",Physics,1,3,6,False
"dirac, pam",Physics,2,6,12,False
"dirac, pam",Physics,3,5,17,False
"dirac, pam",Physics,4,2,19,True
"dirac, pam",Physics,5,2,21,False
"dirac, pam",Physics,6,3,24,False
"dirac, pam",Physics,7,2,26,False
"dirac, pam",Physics,8,2,28,False
"dirac, pam",Physics,9,3,31,False
"dirac, pam",Physics,10,1,32,False
"dirac, pam",Physics,11,1,33,False
"dirac, pam",Physics,12,3,36,False
"dirac, pam",Physics,13,2,38,False
"dirac, pam",Physics,14,2,40,False
"dirac, pam",Physics,15,1,41,False
"dirac, pam",Physics,16,1,42,False
"dirac, pam",Physics,18,1,43,False
"dirac, pam",Physics,21,2,45,False
"dirac, pam",Physics,24,2,47,False
"dirac, pam",Physics,25,1,48,False
"dirac, pam",Physics,26,2,50,False
"dirac, pam",Physics,27,3,53,False
"dirac, pam",Physics,28,1,54,False
"dirac, pam",Physics,29,1,55,False
"dirac, pam",Physics,31,3,58,False
"dirac, pam",Physics,33,1,59,False
"dirac, pam",Physics,34,3,62,False
"dirac, pam",Physics,35,2,64,False
"dirac, pam",Physics,36,1,65,False
"dirac, pam",Physics,37,1,66,False
"dirac, pam",Physics,38,2,68,False
"dirac, pam",Physics,39,2,70,False
"dirac, pam",Physics,40,1,71,False
"dirac, pam",Physics,41,1,72,False
"dirac, pam",Physics,45,1,73,False
"dirac, pam",Physics,46,1,74,False
"dirac, pam",Physics,47,1,75,False
"dirac, pam",Physics,49,2,77,False
"dirac, pam",Physics,50,1,78,False
"dirac, pam",Physics,51,1,79,False
"dirac, pam",Physics,53,1,80,False
"dirac, pam",Physics,54,1,81,False
"dirac, pam",Physics,55,2,83,False
"dirac, pam",Physics,60,2,85,False
"doherty, pc",Medicine,0,1,1,False
"doherty, pc",Medicine,5,4,5,False
"doherty, pc",Medicine,7,2,7,False
"doherty, pc",Medicine,9,3,10,False
"doherty, pc",Medicine,10,1,11,False
"doherty, pc",Medicine,11,1,12,False
"doherty, pc",Medicine,12,4,16,True
"doherty, pc",Medicine,13,7,23,False
"doherty, pc",Medicine,14,6,29,False
"doherty, pc",Medicine,15,8,37,False
"doherty, pc",Medicine,16,6,43,False
"doherty, pc",Medicine,17,3,46,False
"doherty, pc",Medicine,18,4,50,False
"doherty, pc",Medicine,19,10,60,False
"doherty, pc",Medicine,20,7,67,False
"doherty, pc",Medicine,21,4,71,False
"doherty, pc",Medicine,22,4,75,False
"doherty, pc",Medicine,23,11,86,False
"doherty, pc",Medicine,24,8,94,False
"doherty, pc",Medicine,25,6,100,False
"doherty, pc",Medicine,26,5,105,False
"doherty, pc",Medicine,27,5,110,False
"doherty, pc",Medicine,28,3,113,False
"doherty, pc",Medicine,29,4,117,False
"doherty, pc",Medicine,30,3,120,False
"doherty, pc",Medicine,31,7,127,False
"doherty, pc",Medicine,32,9,136,False
"doherty, pc",Medicine,33,8,144,False
"doherty, pc",Medicine,34,4,148,False
"doherty, pc",Medicine,35,10,158,False
"doherty, pc",Medicine,36,8,166,False
"doherty, pc",Medicine,37,7,173,False
"doherty, pc",Medicine,38,9,182,False
"doherty, pc",Medicine,39,8,190,False
"doherty, pc",Medicine,40,3,193,False
"doherty, pc",Medicine,41,10,203,False
"doherty, pc",Medicine,42,9,212,False
"doherty, pc",Medicine,43,11,223,False
"doherty, pc",Medicine,44,10,233,False
"doherty, pc",Medicine,45,8,241,False
"doherty, pc",Medicine,46,11,252,False
"doherty, pc",Medicine,47,17,269,False
"doherty, pc",Medicine,48,12,281,False
"doherty, pc",Medicine,49,7,288,False
"doherty, pc",Medicine,50,8,296,False
"doherty, pc",Medicine,51,10,306,False
"doherty, pc",Medicine,52,8,314,False
"doherty, pc",Medicine,53,4,318,False
"doherty, pc",Medicine,54,3,321,False
"doherty, pc",Medicine,55,2,323,False
"doisy, ea",Medicine,0,2,2,False
"doisy, ea",Medicine,1,2,4,False
"doisy, ea",Medicine,2,2,6,False
"doisy, ea",Medicine,3,3,9,False
"doisy, ea",Medicine,4,1,10,False
"doisy, ea",Medicine,5,3,13,False
"doisy, ea",Medicine,7,4,17,False
"doisy, ea",Medicine,8,4,21,False
"doisy, ea",Medicine,9,1,22,False
"doisy, ea",Medicine,10,4,26,False
"doisy, ea",Medicine,12,3,29,False
"doisy, ea",Medicine,14,2,31,False
"doisy, ea",Medicine,15,2,33,False
"doisy, ea",Medicine,16,11,44,True
"doisy, ea",Medicine,17,2,46,False
"doisy, ea",Medicine,18,1,47,False
"doisy, ea",Medicine,24,1,48,False
"doisy, ea",Medicine,26,2,50,False
"doisy, ea",Medicine,27,1,51,False
"doisy, ea",Medicine,28,2,53,False
"doisy, ea",Medicine,32,3,56,False
"doisy, ea",Medicine,36,1,57,False
"doisy, ea",Medicine,39,1,58,False
"doisy, ea",Medicine,46,1,59,False
"doisy, ea",Medicine,49,1,60,False
"doisy, ea",Medicine,52,1,61,False
"doisy, ea",Medicine,60,1,62,False
"domagk, g",Medicine,0,2,2,True
"dulbecco, r",Medicine,0,1,1,False
"dulbecco, r",Medicine,3,2,3,False
"dulbecco, r",Medicine,4,1,4,False
"dulbecco, r",Medicine,5,2,6,True
"dulbecco, r",Medicine,6,4,10,False
"dulbecco, r",Medicine,7,1,11,False
"dulbecco, r",Medicine,8,3,14,False
"dulbecco, r",Medicine,9,4,18,False
"dulbecco, r",Medicine,10,1,19,False
"dulbecco, r",Medicine,11,4,23,False
"dulbecco, r",Medicine,13,3,26,False
"dulbecco, r",Medicine,14,3,29,False
"dulbecco, r",Medicine,15,4,33,False
"dulbecco, r",Medicine,16,3,36,False
"dulbecco, r",Medicine,17,3,39,False
"dulbecco, r",Medicine,18,3,42,False
"dulbecco, r",Medicine,19,5,47,False
"dulbecco, r",Medicine,20,4,51,False
"dulbecco, r",Medicine,21,6,57,False
"dulbecco, r",Medicine,22,2,59,False
"dulbecco, r",Medicine,23,5,64,False
"dulbecco, r",Medicine,24,3,67,False
"dulbecco, r",Medicine,25,7,74,False
"dulbecco, r",Medicine,26,3,77,False
"dulbecco, r",Medicine,27,1,78,False
"dulbecco, r",Medicine,28,3,81,False
"dulbecco, r",Medicine,29,1,82,False
"dulbecco, r",Medicine,30,2,84,False
"dulbecco, r",Medicine,31,2,86,False
"dulbecco, r",Medicine,32,2,88,False
"dulbecco, r",Medicine,33,3,91,False
"dulbecco, r",Medicine,34,2,93,False
"dulbecco, r",Medicine,35,3,96,False
"dulbecco, r",Medicine,36,1,97,False
"dulbecco, r",Medicine,37,4,101,False
"dulbecco, r",Medicine,39,3,104,False
"dulbecco, r",Medicine,40,1,105,False
"dulbecco, r",Medicine,41,2,107,False
"dulbecco, r",Medicine,44,1,108,False
"dulbecco, r",Medicine,46,2,110,False
"dulbecco, r",Medicine,48,1,111,False
"dulbecco, r",Medicine,49,1,112,False
"dulbecco, r",Medicine,50,2,114,False
"dulbecco, r",Medicine,52,1,115,False
"dulbecco, r",Medicine,53,1,116,False
"dulbecco, r",Medicine,55,2,118,False
"dulbecco, r",Medicine,58,1,119,False
"dulbecco, r",Medicine,59,1,120,False
"duve, cd",Medicine,0,3,3,True
"duve, cd",Medicine,4,1,4,False
"duve, cd",Medicine,8,1,5,False
"duve, cd",Medicine,9,1,6,False
"duve, cd",Medicine,10,2,8,False
"duve, cd",Medicine,11,1,9,False
"duve, cd",Medicine,12,5,14,False
"duve, cd",Medicine,13,1,15,False
"duve, cd",Medicine,14,5,20,False
"duve, cd",Medicine,15,2,22,False
"duve, cd",Medicine,16,2,24,False
"duve, cd",Medicine,17,1,25,False
"duve, cd",Medicine,18,2,27,False
"duve, cd",Medicine,19,1,28,False
"duve, cd",Medicine,20,1,29,False
"duve, cd",Medicine,22,1,30,False
"duve, cd",Medicine,26,1,31,False
"duve, cd",Medicine,27,1,32,False
"duve, cd",Medicine,33,2,34,False
"duve, cd",Medicine,34,1,35,False
"duve, cd",Medicine,35,1,36,False
"duve, cd",Medicine,38,1,37,False
"duve, cd",Medicine,41,3,40,False
"duve, cd",Medicine,47,1,41,False
"duve, cd",Medicine,49,1,42,False
"duve, cd",Medicine,50,1,43,False
"duve, cd",Medicine,51,1,44,False
"duve, cd",Medicine,52,1,45,False
"duve, cd",Medicine,53,1,46,False
"duve, cd",Medicine,55,1,47,False
"duve, cd",Medicine,58,1,48,False
"duvigneaud, v",Chemistry,0,1,1,True
"duvigneaud, v",Chemistry,1,1,2,False
"duvigneaud, v",Chemistry,11,1,3,False
"eccles, jc",Medicine,0,1,1,False
"eccles, jc",Medicine,1,2,3,False
"eccles, jc",Medicine,2,3,6,False
"eccles, jc",Medicine,3,6,12,False
"eccles, jc",Medicine,4,1,13,False
"eccles, jc",Medicine,6,4,17,False
"eccles, jc",Medicine,7,3,20,False
"eccles, jc",Medicine,8,1,21,False
"eccles, jc",Medicine,9,3,24,False
"eccles, jc",Medicine,11,1,25,False
"eccles, jc",Medicine,13,4,29,False
"eccles, jc",Medicine,14,1,30,False
"eccles, jc",Medicine,15,1,31,False
"eccles, jc",Medicine,16,4,35,False
"eccles, jc",Medicine,17,1,36,False
"eccles, jc",Medicine,18,3,39,False
"eccles, jc",Medicine,19,3,42,False
"eccles, jc",Medicine,20,5,47,False
"eccles, jc",Medicine,21,2,49,False
"eccles, jc",Medicine,22,2,51,False
"eccles, jc",Medicine,23,6,57,False
"eccles, jc",Medicine,24,2,59,True
"eccles, jc",Medicine,25,6,65,False
"eccles, jc",Medicine,26,2,67,False
"eccles, jc",Medicine,27,5,72,False
"eccles, jc",Medicine,28,3,75,False
"eccles, jc",Medicine,29,8,83,False
"eccles, jc",Medicine,30,4,87,False
"eccles, jc",Medicine,31,6,93,False
"eccles, jc",Medicine,32,7,100,False
"eccles, jc",Medicine,33,9,109,False
"eccles, jc",Medicine,34,11,120,False
"eccles, jc",Medicine,35,10,130,False
"eccles, jc",Medicine,36,15,145,False
"eccles, jc",Medicine,37,1,146,False
"eccles, jc",Medicine,38,9,155,False
"eccles, jc",Medicine,39,4,159,False
"eccles, jc",Medicine,40,3,162,False
"eccles, jc",Medicine,41,4,166,False
"eccles, jc",Medicine,42,4,170,False
"eccles, jc",Medicine,43,7,177,False
"eccles, jc",Medicine,44,7,184,False
"eccles, jc",Medicine,45,3,187,False
"eccles, jc",Medicine,46,8,195,False
"eccles, jc",Medicine,47,7,202,False
"eccles, jc",Medicine,48,3,205,False
"eccles, jc",Medicine,49,6,211,False
"eccles, jc",Medicine,51,3,214,False
"eccles, jc",Medicine,52,2,216,False
"eccles, jc",Medicine,53,2,218,False
"eccles, jc",Medicine,54,7,225,False
"eccles, jc",Medicine,55,1,226,False
"eccles, jc",Medicine,57,2,228,False
"eccles, jc",Medicine,58,2,230,False
"edelman, gm",Medicine,0,1,1,False
"edelman, gm",Medicine,1,1,2,True
"edelman, gm",Medicine,2,1,3,False
"edelman, gm",Medicine,3,3,6,False
"edelman, gm",Medicine,4,4,10,False
"edelman, gm",Medicine,5,4,14,False
"edelman, gm",Medicine,6,6,20,False
"edelman, gm",Medicine,7,5,25,False
"edelman, gm",Medicine,8,3,28,False
"edelman, gm",Medicine,9,6,34,False
"edelman, gm",Medicine,10,12,46,False
"edelman, gm",Medicine,11,5,51,False
"edelman, gm",Medicine,12,9,60,False
"edelman, gm",Medicine,13,7,67,False
"edelman, gm",Medicine,14,8,75,False
"edelman, gm",Medicine,15,9,84,False
"edelman, gm",Medicine,16,5,89,False
"edelman, gm",Medicine,17,10,99,False
"edelman, gm",Medicine,18,17,116,False
"edelman, gm",Medicine,19,10,126,False
"edelman, gm",Medicine,20,5,131,False
"edelman, gm",Medicine,21,4,135,False
"edelman, gm",Medicine,22,8,143,False
"edelman, gm",Medicine,23,3,146,False
"edelman, gm",Medicine,24,8,154,False
"edelman, gm",Medicine,25,10,164,False
"edelman, gm",Medicine,26,19,183,False
"edelman, gm",Medicine,27,15,198,False
"edelman, gm",Medicine,28,12,210,False
"edelman, gm",Medicine,29,13,223,False
"edelman, gm",Medicine,30,10,233,False
"edelman, gm",Medicine,31,7,240,False
"edelman, gm",Medicine,32,12,252,False
"edelman, gm",Medicine,33,12,264,False
"edelman, gm",Medicine,34,13,277,False
"edelman, gm",Medicine,35,9,286,False
"edelman, gm",Medicine,36,8,294,False
"edelman, gm",Medicine,37,9,303,False
"edelman, gm",Medicine,38,7,310,False
"edelman, gm",Medicine,39,12,322,False
"edelman, gm",Medicine,40,12,334,False
"edelman, gm",Medicine,41,7,341,False
"edelman, gm",Medicine,42,9,350,False
"edelman, gm",Medicine,43,7,357,False
"edelman, gm",Medicine,44,7,364,False
"edelman, gm",Medicine,45,4,368,False
"edelman, gm",Medicine,46,12,380,False
"edelman, gm",Medicine,47,7,387,False
"edelman, gm",Medicine,48,8,395,False
"edelman, gm",Medicine,49,5,400,False
"edelman, gm",Medicine,50,5,405,False
"edelman, gm",Medicine,51,2,407,False
"edelman, gm",Medicine,53,1,408,False
"edelman, gm",Medicine,55,4,412,False
"edelman, gm",Medicine,58,2,414,False
"edwards, rg",Medicine,0,2,2,False
"edwards, rg",Medicine,1,2,4,False
"edwards, rg",Medicine,2,1,5,False
"edwards, rg",Medicine,3,3,8,False
"edwards, rg",Medicine,4,7,15,False
"edwards, rg",Medicine,5,6,21,False
"edwards, rg",Medicine,6,5,26,False
"edwards, rg",Medicine,7,3,29,False
"edwards, rg",Medicine,8,3,32,False
"edwards, rg",Medicine,9,3,35,False
"edwards, rg",Medicine,10,2,37,False
"edwards, rg",Medicine,11,3,40,False
"edwards, rg",Medicine,12,3,43,False
"edwards, rg",Medicine,13,1,44,False
"edwards, rg",Medicine,14,3,47,False
"edwards, rg",Medicine,15,3,50,False
"edwards, rg",Medicine,16,6,56,False
"edwards, rg",Medicine,17,3,59,False
"edwards, rg",Medicine,18,4,63,False
"edwards, rg",Medicine,19,2,65,False
"edwards, rg",Medicine,20,1,66,False
"edwards, rg",Medicine,21,1,67,False
"edwards, rg",Medicine,22,4,71,False
"edwards, rg",Medicine,23,2,73,False
"edwards, rg",Medicine,24,4,77,True
"edwards, rg",Medicine,25,1,78,False
"edwards, rg",Medicine,26,3,81,False
"edwards, rg",Medicine,27,2,83,False
"edwards, rg",Medicine,29,4,87,False
"edwards, rg",Medicine,30,7,94,False
"edwards, rg",Medicine,31,13,107,False
"edwards, rg",Medicine,32,6,113,False
"edwards, rg",Medicine,33,6,119,False
"edwards, rg",Medicine,34,5,124,False
"edwards, rg",Medicine,35,3,127,False
"edwards, rg",Medicine,36,6,133,False
"edwards, rg",Medicine,37,7,140,False
"edwards, rg",Medicine,38,6,146,False
"edwards, rg",Medicine,39,6,152,False
"edwards, rg",Medicine,40,5,157,False
"edwards, rg",Medicine,41,7,164,False
"edwards, rg",Medicine,42,5,169,False
"edwards, rg",Medicine,43,6,175,False
"edwards, rg",Medicine,44,4,179,False
"edwards, rg",Medicine,45,4,183,False
"edwards, rg",Medicine,46,2,185,False
"edwards, rg",Medicine,47,2,187,False
"edwards, rg",Medicine,48,2,189,False
"edwards, rg",Medicine,49,6,195,False
"edwards, rg",Medicine,50,5,200,False
"edwards, rg",Medicine,51,9,209,False
"edwards, rg",Medicine,52,6,215,False
"edwards, rg",Medicine,53,12,227,False
"edwards, rg",Medicine,54,4,231,False
"edwards, rg",Medicine,55,4,235,False
"edwards, rg",Medicine,59,1,236,False
"edwards, rg",Medicine,60,2,238,False
"eigen, m",Chemistry,0,1,1,False
"eigen, m",Chemistry,3,4,5,True
"eigen, m",Chemistry,4,1,6,False
"eigen, m",Chemistry,6,2,8,False
"eigen, m",Chemistry,7,2,10,False
"eigen, m",Chemistry,8,2,12,False
"eigen, m",Chemistry,9,4,16,False
"eigen, m",Chemistry,10,4,20,False
"eigen, m",Chemistry,11,4,24,False
"eigen, m",Chemistry,12,8,32,False
"eigen, m",Chemistry,13,2,34,False
"eigen, m",Chemistry,14,2,36,False
"eigen, m",Chemistry,15,4,40,False
"eigen, m",Chemistry,16,1,41,False
"eigen, m",Chemistry,17,4,45,False
"eigen, m",Chemistry,18,1,46,False
"eigen, m",Chemistry,19,1,47,False
"eigen, m",Chemistry,20,3,50,False
"eigen, m",Chemistry,23,1,51,False
"eigen, m",Chemistry,25,2,53,False
"eigen, m",Chemistry,26,2,55,False
"eigen, m",Chemistry,27,1,56,False
"eigen, m",Chemistry,28,3,59,False
"eigen, m",Chemistry,29,3,62,False
"eigen, m",Chemistry,30,8,70,False
"eigen, m",Chemistry,31,1,71,False
"eigen, m",Chemistry,32,1,72,False
"eigen, m",Chemistry,33,2,74,False
"eigen, m",Chemistry,34,4,78,False
"eigen, m",Chemistry,35,1,79,False
"eigen, m",Chemistry,36,1,80,False
"eigen, m",Chemistry,37,2,82,False
"eigen, m",Chemistry,38,2,84,False
"eigen, m",Chemistry,39,2,86,False
"eigen, m",Chemistry,40,1,87,False
"eigen, m",Chemistry,41,1,88,False
"eigen, m",Chemistry,42,4,92,False
"eigen, m",Chemistry,43,4,96,False
"eigen, m",Chemistry,45,6,102,False
"eigen, m",Chemistry,46,3,105,False
"eigen, m",Chemistry,47,2,107,False
"eigen, m",Chemistry,48,2,109,False
"eigen, m",Chemistry,49,2,111,False
"eigen, m",Chemistry,50,4,115,False
"eigen, m",Chemistry,51,2,117,False
"eigen, m",Chemistry,54,1,118,False
"eigen, m",Chemistry,57,1,119,False
"eigen, m",Chemistry,58,1,120,False
"eigen, m",Chemistry,59,1,121,False
"einstein, a",Physics,0,1,1,False
"einstein, a",Physics,1,1,2,False
"einstein, a",Physics,2,1,3,False
"einstein, a",Physics,3,1,4,False
"einstein, a",Physics,4,5,9,True
"einstein, a",Physics,5,5,14,False
"einstein, a",Physics,6,7,21,False
"einstein, a",Physics,7,4,25,False
"einstein, a",Physics,8,2,27,False
"einstein, a",Physics,9,3,30,False
"einstein, a",Physics,10,7,37,False
"einstein, a",Physics,11,7,44,False
"einstein, a",Physics,12,2,46,False
"einstein, a",Physics,13,2,48,False
"einstein, a",Physics,14,2,50,False
"einstein, a",Physics,15,3,53,False
"einstein, a",Physics,16,1,54,False
"einstein, a",Physics,17,2,56,False
"einstein, a",Physics,18,1,57,False
"einstein, a",Physics,19,3,60,False
"einstein, a",Physics,20,2,62,False
"einstein, a",Physics,21,4,66,False
"einstein, a",Physics,22,4,70,False
"einstein, a",Physics,23,1,71,False
"einstein, a",Physics,24,1,72,False
"einstein, a",Physics,26,2,74,False
"einstein, a",Physics,30,2,76,False
"einstein, a",Physics,31,1,77,False
"einstein, a",Physics,32,1,78,False
"einstein, a",Physics,33,2,80,False
"einstein, a",Physics,34,3,83,False
"einstein, a",Physics,35,6,89,False
"einstein, a",Physics,36,1,90,False
"einstein, a",Physics,37,2,92,False
"einstein, a",Physics,38,1,93,False
"einstein, a",Physics,39,3,96,False
"einstein, a",Physics,42,1,97,False
"einstein, a",Physics,43,1,98,False
"einstein, a",Physics,44,2,100,False
"einstein, a",Physics,45,1,101,False
"einstein, a",Physics,47,7,108,False
"einstein, a",Physics,48,1,109,False
"einstein, a",Physics,49,7,116,False
"einstein, a",Physics,50,1,117,False
"einstein, a",Physics,51,2,119,False
"einstein, a",Physics,52,1,120,False
"einstein, a",Physics,53,2,122,False
"einstein, a",Physics,54,1,123,False
"einstein, a",Physics,55,1,124,False
"einstein, a",Physics,59,1,125,False
"einthoven, w",Medicine,0,1,1,True
"elion, gb",Medicine,0,1,1,False
"elion, gb",Medicine,4,1,2,False
"elion, gb",Medicine,8,2,4,False
"elion, gb",Medicine,10,6,10,False
"elion, gb",Medicine,11,2,12,False
"elion, gb",Medicine,12,2,14,False
"elion, gb",Medicine,13,4,18,True
"elion, gb",Medicine,15,5,23,False
"elion, gb",Medicine,16,1,24,False
"elion, gb",Medicine,17,3,27,False
"elion, gb",Medicine,18,1,28,False
"elion, gb",Medicine,20,2,30,False
"elion, gb",Medicine,22,1,31,False
"elion, gb",Medicine,23,2,33,False
"elion, gb",Medicine,24,1,34,False
"elion, gb",Medicine,25,2,36,False
"elion, gb",Medicine,26,1,37,False
"elion, gb",Medicine,27,3,40,False
"elion, gb",Medicine,28,1,41,False
"elion, gb",Medicine,29,3,44,False
"elion, gb",Medicine,30,2,46,False
"elion, gb",Medicine,33,3,49,False
"elion, gb",Medicine,34,2,51,False
"elion, gb",Medicine,35,2,53,False
"elion, gb",Medicine,36,3,56,False
"elion, gb",Medicine,38,1,57,False
"elion, gb",Medicine,39,1,58,False
"elion, gb",Medicine,40,2,60,False
"elion, gb",Medicine,41,6,66,False
"elion, gb",Medicine,42,4,70,False
"elion, gb",Medicine,43,13,83,False
"elion, gb",Medicine,44,8,91,False
"elion, gb",Medicine,45,2,93,False
"elion, gb",Medicine,46,1,94,False
"elion, gb",Medicine,49,1,95,False
"elion, gb",Medicine,50,6,101,False
"elion, gb",Medicine,52,3,104,False
"elion, gb",Medicine,53,1,105,False
"elion, gb",Medicine,54,3,108,False
"elion, gb",Medicine,55,1,109,False
"elion, gb",Medicine,56,2,111,False
"elion, gb",Medicine,57,3,114,False
"elion, gb",Medicine,58,1,115,False
"elion, gb",Medicine,59,2,117,False
"elion, gb",Medicine,60,1,118,False
"enders, jf",Medicine,0,1,1,False
"enders, jf",Medicine,1,1,2,False
"enders, jf",Medicine,3,1,3,False
"enders, jf",Medicine,4,1,4,False
"enders, jf",Medicine,5,1,5,False
"enders, jf",Medicine,6,1,6,False
"enders, jf",Medicine,7,4,10,False
"enders, jf",Medicine,8,1,11,False
"enders, jf",Medicine,9,1,12,False
"enders, jf",Medicine,10,3,15,False
"enders, jf",Medicine,11,3,18,False
"enders, jf",Medicine,12,5,23,False
"enders, jf",Medicine,13,3,26,False
"enders, jf",Medicine,15,1,27,False
"enders, jf",Medicine,16,5,32,False
"enders, jf",Medicine,17,5,37,False
"enders, jf",Medicine,18,1,38,False
"enders, jf",Medicine,19,3,41,False
"enders, jf",Medicine,20,3,44,True
"enders, jf",Medicine,21,3,47,False
"enders, jf",Medicine,22,1,48,False
"enders, jf",Medicine,23,2,50,False
"enders, jf",Medicine,24,2,52,False
"enders, jf",Medicine,25,3,55,False
"enders, jf",Medicine,27,3,58,False
"enders, jf",Medicine,28,4,62,False
"enders, jf",Medicine,29,2,64,False
"enders, jf",Medicine,30,5,69,False
"enders, jf",Medicine,31,4,73,False
"enders, jf",Medicine,32,5,78,False
"enders, jf",Medicine,33,11,89,False
"enders, jf",Medicine,34,3,92,False
"enders, jf",Medicine,35,3,95,False
"enders, jf",Medicine,36,5,100,False
"enders, jf",Medicine,37,2,102,False
"enders, jf",Medicine,38,1,103,False
"enders, jf",Medicine,39,2,105,False
"enders, jf",Medicine,40,4,109,False
"enders, jf",Medicine,42,1,110,False
"enders, jf",Medicine,43,2,112,False
"enders, jf",Medicine,51,1,113,False
"englert, f",Physics,0,1,1,True
"englert, f",Physics,2,2,3,False
"englert, f",Physics,4,3,6,False
"englert, f",Physics,5,1,7,False
"englert, f",Physics,9,1,8,False
"englert, f",Physics,10,3,11,False
"englert, f",Physics,11,3,14,False
"englert, f",Physics,12,2,16,False
"englert, f",Physics,14,2,18,False
"englert, f",Physics,15,3,21,False
"englert, f",Physics,16,1,22,False
"englert, f",Physics,17,3,25,False
"englert, f",Physics,18,1,26,False
"englert, f",Physics,19,3,29,False
"englert, f",Physics,20,2,31,False
"englert, f",Physics,21,2,33,False
"englert, f",Physics,22,1,34,False
"englert, f",Physics,23,3,37,False
"englert, f",Physics,24,1,38,False
"englert, f",Physics,25,1,39,False
"englert, f",Physics,26,2,41,False
"englert, f",Physics,28,1,42,False
"englert, f",Physics,29,1,43,False
"englert, f",Physics,30,2,45,False
"englert, f",Physics,32,1,46,False
"englert, f",Physics,33,3,49,False
"englert, f",Physics,37,1,50,False
"englert, f",Physics,39,3,53,False
"englert, f",Physics,40,3,56,False
"englert, f",Physics,43,2,58,False
"englert, f",Physics,46,1,59,False
"englert, f",Physics,50,2,61,False
"erlanger, j",Medicine,0,1,1,False
"erlanger, j",Medicine,3,1,2,False
"erlanger, j",Medicine,4,2,4,False
"erlanger, j",Medicine,5,3,7,False
"erlanger, j",Medicine,6,1,8,False
"erlanger, j",Medicine,7,1,9,False
"erlanger, j",Medicine,8,1,10,False
"erlanger, j",Medicine,9,3,13,False
"erlanger, j",Medicine,11,4,17,False
"erlanger, j",Medicine,12,2,19,False
"erlanger, j",Medicine,13,1,20,False
"erlanger, j",Medicine,14,1,21,False
"erlanger, j",Medicine,15,2,23,False
"erlanger, j",Medicine,16,4,27,False
"erlanger, j",Medicine,18,7,34,False
"erlanger, j",Medicine,20,2,36,False
"erlanger, j",Medicine,21,1,37,True
"erlanger, j",Medicine,23,1,38,False
"erlanger, j",Medicine,24,1,39,False
"erlanger, j",Medicine,25,5,44,False
"erlanger, j",Medicine,26,2,46,False
"erlanger, j",Medicine,27,2,48,False
"erlanger, j",Medicine,28,2,50,False
"erlanger, j",Medicine,29,2,52,False
"erlanger, j",Medicine,30,2,54,False
"erlanger, j",Medicine,31,2,56,False
"erlanger, j",Medicine,32,4,60,False
"erlanger, j",Medicine,33,1,61,False
"erlanger, j",Medicine,34,4,65,False
"erlanger, j",Medicine,35,1,66,False
"erlanger, j",Medicine,37,2,68,False
"erlanger, j",Medicine,38,3,71,False
"erlanger, j",Medicine,39,4,75,False
"erlanger, j",Medicine,40,2,77,False
"erlanger, j",Medicine,44,1,78,False
"erlanger, j",Medicine,45,1,79,False
"erlanger, j",Medicine,48,1,80,False
"erlanger, j",Medicine,50,1,81,False
"ernst, r",Chemistry,0,2,2,False
"ernst, r",Chemistry,1,2,4,True
"ernst, r",Chemistry,2,2,6,False
"ernst, r",Chemistry,3,1,7,False
"ernst, r",Chemistry,4,2,9,False
"ernst, r",Chemistry,5,4,13,False
"ernst, r",Chemistry,6,2,15,False
"ernst, r",Chemistry,8,3,18,False
"ernst, r",Chemistry,9,4,22,False
"ernst, r",Chemistry,10,2,24,False
"ernst, r",Chemistry,11,7,31,False
"ernst, r",Chemistry,12,10,41,False
"ernst, r",Chemistry,13,6,47,False
"ernst, r",Chemistry,14,11,58,False
"ernst, r",Chemistry,15,9,67,False
"ernst, r",Chemistry,16,16,83,False
"ernst, r",Chemistry,17,14,97,False
"ernst, r",Chemistry,18,21,118,False
"ernst, r",Chemistry,19,10,128,False
"ernst, r",Chemistry,20,19,147,False
"ernst, r",Chemistry,21,9,156,False
"ernst, r",Chemistry,22,15,171,False
"ernst, r",Chemistry,23,12,183,False
"ernst, r",Chemistry,24,9,192,False
"ernst, r",Chemistry,25,9,201,False
"ernst, r",Chemistry,26,8,209,False
"ernst, r",Chemistry,27,8,217,False
"ernst, r",Chemistry,28,9,226,False
"ernst, r",Chemistry,29,13,239,False
"ernst, r",Chemistry,30,9,248,False
"ernst, r",Chemistry,31,7,255,False
"ernst, r",Chemistry,32,10,265,False
"ernst, r",Chemistry,33,10,275,False
"ernst, r",Chemistry,34,4,279,False
"ernst, r",Chemistry,36,1,280,False
"ernst, r",Chemistry,37,1,281,False
"ernst, r",Chemistry,38,2,283,False
"ernst, r",Chemistry,40,1,284,False
"ernst, r",Chemistry,41,1,285,False
"ernst, r",Chemistry,44,2,287,False
"ernst, r",Chemistry,45,3,290,False
"ernst, r",Chemistry,46,1,291,False
"ernst, r",Chemistry,47,1,292,False
"ernst, r",Chemistry,48,2,294,False
"ernst, r",Chemistry,51,2,296,False
"ertl, g",Chemistry,0,1,1,False
"ertl, g",Chemistry,1,1,2,False
"ertl, g",Chemistry,2,2,4,False
"ertl, g",Chemistry,4,2,6,False
"ertl, g",Chemistry,5,2,8,False
"ertl, g",Chemistry,6,2,10,False
"ertl, g",Chemistry,7,4,14,False
"ertl, g",Chemistry,8,6,20,False
"ertl, g",Chemistry,9,11,31,True
"ertl, g",Chemistry,10,9,40,False
"ertl, g",Chemistry,11,13,53,False
"ertl, g",Chemistry,12,10,63,False
"ertl, g",Chemistry,13,12,75,False
"ertl, g",Chemistry,14,20,95,False
"ertl, g",Chemistry,15,16,111,False
"ertl, g",Chemistry,16,13,124,False
"ertl, g",Chemistry,17,18,142,False
"ertl, g",Chemistry,18,18,160,False
"ertl, g",Chemistry,19,11,171,False
"ertl, g",Chemistry,20,15,186,False
"ertl, g",Chemistry,21,15,201,False
"ertl, g",Chemistry,22,18,219,False
"ertl, g",Chemistry,23,16,235,False
"ertl, g",Chemistry,24,19,254,False
"ertl, g",Chemistry,25,23,277,False
"ertl, g",Chemistry,26,26,303,False
"ertl, g",Chemistry,27,30,333,False
"ertl, g",Chemistry,28,19,352,False
"ertl, g",Chemistry,29,28,380,False
"ertl, g",Chemistry,30,42,422,False
"ertl, g",Chemistry,31,27,449,False
"ertl, g",Chemistry,32,22,471,False
"ertl, g",Chemistry,33,20,491,False
"ertl, g",Chemistry,34,19,510,False
"ertl, g",Chemistry,35,14,524,False
"ertl, g",Chemistry,36,18,542,False
"ertl, g",Chemistry,37,16,558,False
"ertl, g",Chemistry,38,28,586,False
"ertl, g",Chemistry,39,8,594,False
"ertl, g",Chemistry,40,12,606,False
"ertl, g",Chemistry,41,6,612,False
"ertl, g",Chemistry,42,3,615,False
"ertl, g",Chemistry,43,3,618,False
"ertl, g",Chemistry,44,4,622,False
"ertl, g",Chemistry,45,12,634,False
"ertl, g",Chemistry,47,2,636,False
"ertl, g",Chemistry,48,3,639,False
"ertl, g",Chemistry,49,1,640,False
"ertl, g",Chemistry,50,4,644,False
"ertl, g",Chemistry,51,2,646,False
"ertl, g",Chemistry,52,2,648,False
"esaki, l",Physics,0,2,2,True
"esaki, l",Physics,2,1,3,False
"esaki, l",Physics,4,3,6,False
"esaki, l",Physics,5,2,8,False
"esaki, l",Physics,6,3,11,False
"esaki, l",Physics,7,3,14,False
"esaki, l",Physics,8,6,20,False
"esaki, l",Physics,9,5,25,False
"esaki, l",Physics,10,5,30,False
"esaki, l",Physics,11,1,31,False
"esaki, l",Physics,12,2,33,False
"esaki, l",Physics,13,2,35,False
"esaki, l",Physics,14,1,36,False
"esaki, l",Physics,15,5,41,False
"esaki, l",Physics,16,9,50,False
"esaki, l",Physics,17,4,54,False
"esaki, l",Physics,18,4,58,False
"esaki, l",Physics,19,6,64,False
"esaki, l",Physics,20,5,69,False
"esaki, l",Physics,21,5,74,False
"esaki, l",Physics,22,6,80,False
"esaki, l",Physics,23,10,90,False
"esaki, l",Physics,24,11,101,False
"esaki, l",Physics,25,8,109,False
"esaki, l",Physics,26,8,117,False
"esaki, l",Physics,27,10,127,False
"esaki, l",Physics,28,10,137,False
"esaki, l",Physics,29,11,148,False
"esaki, l",Physics,30,7,155,False
"esaki, l",Physics,31,3,158,False
"esaki, l",Physics,32,4,162,False
"esaki, l",Physics,33,3,165,False
"esaki, l",Physics,34,6,171,False
"esaki, l",Physics,41,1,172,False
"esaki, l",Physics,52,2,174,False
"esaki, l",Physics,57,1,175,False
"evans, mj",Medicine,0,1,1,False
"evans, mj",Medicine,1,4,5,False
"evans, mj",Medicine,3,1,6,False
"evans, mj",Medicine,7,4,10,True
"evans, mj",Medicine,9,1,11,False
"evans, mj",Medicine,10,1,12,False
"evans, mj",Medicine,12,1,13,False
"evans, mj",Medicine,13,1,14,False
"evans, mj",Medicine,14,1,15,False
"evans, mj",Medicine,16,1,16,False
"evans, mj",Medicine,18,2,18,False
"evans, mj",Medicine,19,4,22,False
"evans, mj",Medicine,20,4,26,False
"evans, mj",Medicine,21,8,34,False
"evans, mj",Medicine,22,1,35,False
"evans, mj",Medicine,23,12,47,False
"evans, mj",Medicine,24,11,58,False
"evans, mj",Medicine,25,4,62,False
"evans, mj",Medicine,26,5,67,False
"evans, mj",Medicine,27,7,74,False
"evans, mj",Medicine,28,3,77,False
"evans, mj",Medicine,29,7,84,False
"evans, mj",Medicine,30,2,86,False
"evans, mj",Medicine,31,1,87,False
"evans, mj",Medicine,32,3,90,False
"evans, mj",Medicine,33,3,93,False
"evans, mj",Medicine,34,4,97,False
"evans, mj",Medicine,35,2,99,False
"evans, mj",Medicine,36,1,100,False
"evans, mj",Medicine,37,1,101,False
"evans, mj",Medicine,42,1,102,False
"fenn, j",Chemistry,0,2,2,False
"fenn, j",Chemistry,1,1,3,False
"fenn, j",Chemistry,2,1,4,False
"fenn, j",Chemistry,3,1,5,False
"fenn, j",Chemistry,4,1,6,False
"fenn, j",Chemistry,8,2,8,False
"fenn, j",Chemistry,9,1,9,False
"fenn, j",Chemistry,10,3,12,False
"fenn, j",Chemistry,11,4,16,False
"fenn, j",Chemistry,12,1,17,False
"fenn, j",Chemistry,13,2,19,False
"fenn, j",Chemistry,14,2,21,False
"fenn, j",Chemistry,15,1,22,False
"fenn, j",Chemistry,16,2,24,False
"fenn, j",Chemistry,18,3,27,False
"fenn, j",Chemistry,19,5,32,False
"fenn, j",Chemistry,20,3,35,False
"fenn, j",Chemistry,21,3,38,False
"fenn, j",Chemistry,22,1,39,False
"fenn, j",Chemistry,23,1,40,False
"fenn, j",Chemistry,24,1,41,False
"fenn, j",Chemistry,25,2,43,False
"fenn, j",Chemistry,26,2,45,True
"fenn, j",Chemistry,27,2,47,False
"fenn, j",Chemistry,28,2,49,False
"fenn, j",Chemistry,29,1,50,False
"fenn, j",Chemistry,30,2,52,False
"fenn, j",Chemistry,31,1,53,False
"fenn, j",Chemistry,33,1,54,False
"fenn, j",Chemistry,34,2,56,False
"fenn, j",Chemistry,35,1,57,False
"fenn, j",Chemistry,36,1,58,False
"fenn, j",Chemistry,37,4,62,False
"fenn, j",Chemistry,39,1,63,False
"fenn, j",Chemistry,40,3,66,False
"fenn, j",Chemistry,41,1,67,False
"fenn, j",Chemistry,44,1,68,False
"fenn, j",Chemistry,46,1,69,False
"feringa, b",Chemistry,0,2,2,False
"feringa, b",Chemistry,1,2,4,False
"feringa, b",Chemistry,2,1,5,False
"feringa, b",Chemistry,3,1,6,False
"feringa, b",Chemistry,5,4,10,False
"feringa, b",Chemistry,6,2,12,False
"feringa, b",Chemistry,7,4,16,False
"feringa, b",Chemistry,8,1,17,False
"feringa, b",Chemistry,9,4,21,False
"feringa, b",Chemistry,10,4,25,False
"feringa, b",Chemistry,11,2,27,False
"feringa, b",Chemistry,12,11,38,False
"feringa, b",Chemistry,13,7,45,False
"feringa, b",Chemistry,14,8,53,False
"feringa, b",Chemistry,15,7,60,False
"feringa, b",Chemistry,16,9,69,False
"feringa, b",Chemistry,17,8,77,False
"feringa, b",Chemistry,18,15,92,False
"feringa, b",Chemistry,19,12,104,False
"feringa, b",Chemistry,20,12,116,False
"feringa, b",Chemistry,21,22,138,False
"feringa, b",Chemistry,22,14,152,False
"feringa, b",Chemistry,23,17,169,True
"feringa, b",Chemistry,24,17,186,False
"feringa, b",Chemistry,25,18,204,False
"feringa, b",Chemistry,26,19,223,False
"feringa, b",Chemistry,27,25,248,False
"feringa, b",Chemistry,28,22,270,False
"feringa, b",Chemistry,29,34,304,False
"feringa, b",Chemistry,30,15,319,False
"feringa, b",Chemistry,32,1,320,False
"feringa, b",Chemistry,36,1,321,False
"feringa, b",Chemistry,38,1,322,False
"fermi, e",Physics,0,2,2,False
"fermi, e",Physics,1,1,3,False
"fermi, e",Physics,2,6,9,False
"fermi, e",Physics,3,2,11,False
"fermi, e",Physics,4,1,12,False
"fermi, e",Physics,5,5,17,False
"fermi, e",Physics,9,3,20,False
"fermi, e",Physics,10,1,21,False
"fermi, e",Physics,11,2,23,False
"fermi, e",Physics,12,2,25,False
"fermi, e",Physics,13,8,33,True
"fermi, e",Physics,14,1,34,False
"fermi, e",Physics,15,1,35,False
"fermi, e",Physics,17,2,37,False
"fermi, e",Physics,18,5,42,False
"fermi, e",Physics,19,3,45,False
"fermi, e",Physics,20,1,46,False
"fermi, e",Physics,25,1,47,False
"fermi, e",Physics,26,9,56,False
"fermi, e",Physics,28,5,61,False
"fermi, e",Physics,29,1,62,False
"fermi, e",Physics,30,1,63,False
"fermi, e",Physics,31,7,70,False
"fermi, e",Physics,32,5,75,False
"fermi, e",Physics,33,3,78,False
"fermi, e",Physics,34,2,80,False
"fermi, e",Physics,42,1,81,False
"fert, a",Physics,0,1,1,False
"fert, a",Physics,1,1,2,False
"fert, a",Physics,2,1,3,False
"fert, a",Physics,3,2,5,False
"fert, a",Physics,4,2,7,False
"fert, a",Physics,5,2,9,False
"fert, a",Physics,6,2,11,False
"fert, a",Physics,7,2,13,False
"fert, a",Physics,9,3,16,False
"fert, a",Physics,10,8,24,False
"fert, a",Physics,11,3,27,False
"fert, a",Physics,12,6,33,False
"fert, a",Physics,13,4,37,False
"fert, a",Physics,14,5,42,False
"fert, a",Physics,15,8,50,False
"fert, a",Physics,16,5,55,False
"fert, a",Physics,17,7,62,False
"fert, a",Physics,18,9,71,False
"fert, a",Physics,19,6,77,False
"fert, a",Physics,20,5,82,False
"fert, a",Physics,21,15,97,True
"fert, a",Physics,22,9,106,False
"fert, a",Physics,23,8,114,False
"fert, a",Physics,24,9,123,False
"fert, a",Physics,25,9,132,False
"fert, a",Physics,26,9,141,False
"fert, a",Physics,27,9,150,False
"fert, a",Physics,28,13,163,False
"fert, a",Physics,29,9,172,False
"fert, a",Physics,30,22,194,False
"fert, a",Physics,31,11,205,False
"fert, a",Physics,32,13,218,False
"fert, a",Physics,33,5,223,False
"fert, a",Physics,34,11,234,False
"fert, a",Physics,35,11,245,False
"fert, a",Physics,36,12,257,False
"fert, a",Physics,37,8,265,False
"fert, a",Physics,38,7,272,False
"fert, a",Physics,39,14,286,False
"fert, a",Physics,40,8,294,False
"fert, a",Physics,41,10,304,False
"fert, a",Physics,42,10,314,False
"fert, a",Physics,43,9,323,False
"fert, a",Physics,44,10,333,False
"fert, a",Physics,45,13,346,False
"fert, a",Physics,46,8,354,False
"fert, a",Physics,47,6,360,False
"fert, a",Physics,48,8,368,False
"fert, a",Physics,49,6,374,False
"fert, a",Physics,50,4,378,False
"feynman, rp",Physics,0,1,1,False
"feynman, rp",Physics,6,1,2,False
"feynman, rp",Physics,9,3,5,True
"feynman, rp",Physics,10,4,9,False
"feynman, rp",Physics,11,1,10,False
"feynman, rp",Physics,12,1,11,False
"feynman, rp",Physics,13,1,12,False
"feynman, rp",Physics,14,4,16,False
"feynman, rp",Physics,15,2,18,False
"feynman, rp",Physics,16,2,20,False
"feynman, rp",Physics,17,4,24,False
"feynman, rp",Physics,18,3,27,False
"feynman, rp",Physics,19,3,30,False
"feynman, rp",Physics,23,1,31,False
"feynman, rp",Physics,24,1,32,False
"feynman, rp",Physics,25,3,35,False
"feynman, rp",Physics,26,1,36,False
"feynman, rp",Physics,27,5,41,False
"feynman, rp",Physics,29,1,42,False
"feynman, rp",Physics,30,2,44,False
"feynman, rp",Physics,31,2,46,False
"feynman, rp",Physics,32,1,47,False
"feynman, rp",Physics,34,1,48,False
"feynman, rp",Physics,35,2,50,False
"feynman, rp",Physics,37,2,52,False
"feynman, rp",Physics,38,2,54,False
"feynman, rp",Physics,39,2,56,False
"feynman, rp",Physics,42,1,57,False
"feynman, rp",Physics,46,2,59,False
"feynman, rp",Physics,47,4,63,False
"feynman, rp",Physics,48,1,64,False
"feynman, rp",Physics,49,1,65,False
"feynman, rp",Physics,50,2,67,False
"feynman, rp",Physics,52,1,68,False
"feynman, rp",Physics,53,1,69,False
"feynman, rp",Physics,54,1,70,False
"feynman, rp",Physics,60,1,71,False
"fire, a",Medicine,0,3,3,False
"fire, a",Medicine,2,3,6,False
"fire, a",Medicine,3,1,7,False
"fire, a",Medicine,4,2,9,False
"fire, a",Medicine,6,1,10,False
"fire, a",Medicine,7,1,11,False
"fire, a",Medicine,8,5,16,True
"fire, a",Medicine,9,4,20,False
"fire, a",Medicine,10,5,25,False
"fire, a",Medicine,11,4,29,False
"fire, a",Medicine,12,3,32,False
"fire, a",Medicine,13,1,33,False
"fire, a",Medicine,14,1,34,False
"fire, a",Medicine,15,2,36,False
"fire, a",Medicine,16,5,41,False
"fire, a",Medicine,17,5,46,False
"fire, a",Medicine,18,4,50,False
"fire, a",Medicine,19,5,55,False
"fire, a",Medicine,20,8,63,False
"fire, a",Medicine,21,10,73,False
"fire, a",Medicine,22,5,78,False
"fire, a",Medicine,23,7,85,False
"fire, a",Medicine,24,3,88,False
"fischer, e",Chemistry,0,4,4,True
"fischer, e",Chemistry,1,8,12,False
"fischer, e",Chemistry,2,5,17,False
"fischer, e",Chemistry,3,9,26,False
"fischer, e",Chemistry,4,5,31,False
"fischer, e",Chemistry,5,7,38,False
"fischer, e",Chemistry,6,11,49,False
"fischer, e",Chemistry,7,15,64,False
"fischer, e",Chemistry,8,15,79,False
"fischer, e",Chemistry,9,30,109,False
"fischer, e",Chemistry,10,20,129,False
"fischer, e",Chemistry,11,18,147,False
"fischer, e",Chemistry,12,9,156,False
"fischer, e",Chemistry,13,13,169,False
"fischer, e",Chemistry,14,9,178,False
"fischer, e",Chemistry,15,28,206,False
"fischer, e",Chemistry,16,26,232,False
"fischer, e",Chemistry,17,13,245,False
"fischer, e",Chemistry,18,33,278,False
"fischer, e",Chemistry,19,21,299,False
"fischer, e",Chemistry,20,35,334,False
"fischer, e",Chemistry,21,30,364,False
"fischer, e",Chemistry,22,35,399,False
"fischer, e",Chemistry,23,21,420,False
"fischer, e",Chemistry,24,44,464,False
"fischer, e",Chemistry,25,52,516,False
"fischer, e",Chemistry,26,17,533,False
"fischer, e",Chemistry,27,21,554,False
"fischer, e",Chemistry,28,14,568,False
"fischer, e",Chemistry,29,14,582,False
"fischer, e",Chemistry,30,26,608,False
"fischer, e",Chemistry,31,15,623,False
"fischer, e",Chemistry,32,7,630,False
"fischer, e",Chemistry,33,14,644,False
"fischer, e",Chemistry,35,1,645,False
"fischer, e",Chemistry,36,2,647,False
"fischer, e",Chemistry,37,3,650,False
"fischer, e",Chemistry,38,5,655,False
"fischer, e",Chemistry,40,1,656,False
"fischer, e",Chemistry,41,1,657,False
"fischer, e",Chemistry,43,1,658,False
"fischer, e",Chemistry,49,1,659,False
"fischer, e",Chemistry,50,1,660,False
"fischer, e",Chemistry,54,1,661,False
"fischer, e",Chemistry,58,2,663,False
"fischer, eh",Medicine,0,1,1,False
"fischer, eh",Medicine,1,3,4,False
"fischer, eh",Medicine,2,4,8,False
"fischer, eh",Medicine,3,1,9,False
"fischer, eh",Medicine,4,3,12,False
"fischer, eh",Medicine,5,8,20,False
"fischer, eh",Medicine,6,2,22,False
"fischer, eh",Medicine,7,3,25,False
"fischer, eh",Medicine,9,1,26,True
"fischer, eh",Medicine,10,2,28,False
"fischer, eh",Medicine,11,2,30,False
"fischer, eh",Medicine,12,1,31,False
"fischer, eh",Medicine,14,1,32,False
"fischer, eh",Medicine,16,1,33,False
"fischer, eh",Medicine,18,4,37,False
"fischer, eh",Medicine,19,1,38,False
"fischer, eh",Medicine,20,4,42,False
"fischer, eh",Medicine,21,3,45,False
"fischer, eh",Medicine,23,5,50,False
"fischer, eh",Medicine,24,5,55,False
"fischer, eh",Medicine,25,6,61,False
"fischer, eh",Medicine,27,2,63,False
"fischer, eh",Medicine,28,6,69,False
"fischer, eh",Medicine,29,6,75,False
"fischer, eh",Medicine,31,7,82,False
"fischer, eh",Medicine,32,2,84,False
"fischer, eh",Medicine,33,6,90,False
"fischer, eh",Medicine,34,3,93,False
"fischer, eh",Medicine,35,6,99,False
"fischer, eh",Medicine,36,9,108,False
"fischer, eh",Medicine,37,4,112,False
"fischer, eh",Medicine,38,1,113,False
"fischer, eh",Medicine,39,3,116,False
"fischer, eh",Medicine,40,2,118,False
"fischer, eh",Medicine,41,1,119,False
"fischer, eh",Medicine,42,4,123,False
"fischer, eh",Medicine,43,4,127,False
"fischer, eh",Medicine,44,3,130,False
"fischer, eh",Medicine,45,2,132,False
"fischer, eh",Medicine,46,2,134,False
"fischer, eh",Medicine,47,6,140,False
"fischer, eh",Medicine,48,2,142,False
"fischer, eh",Medicine,49,3,145,False
"fischer, eh",Medicine,50,4,149,False
"fischer, eh",Medicine,51,3,152,False
"fischer, eh",Medicine,52,1,153,False
"fischer, eh",Medicine,53,1,154,False
"fischer, eh",Medicine,54,1,155,False
"fischer, eh",Medicine,56,1,156,False
"fischer, eh",Medicine,60,1,157,False
"fischer, h",Chemistry,0,1,1,True
"fischer, h",Chemistry,15,1,2,False
"fischer, h",Chemistry,16,2,4,False
"fischer, h",Chemistry,17,3,7,False
"fischer, h",Chemistry,18,13,20,False
"fischer, h",Chemistry,19,10,30,False
"fischer, h",Chemistry,20,8,38,False
"fischer, h",Chemistry,21,5,43,False
"fischer, h",Chemistry,22,5,48,False
"fischer, h",Chemistry,24,1,49,False
"fischer, h",Chemistry,27,2,51,False
"fischer, h",Chemistry,28,4,55,False
"fischer, h",Chemistry,29,12,67,False
"fischer, h",Chemistry,30,14,81,False
"fischer, h",Chemistry,31,5,86,False
"fitch, v",Physics,0,1,1,False
"fitch, v",Physics,3,1,2,False
"fitch, v",Physics,9,1,3,False
"fitch, v",Physics,11,1,4,True
"fitch, v",Physics,12,3,7,False
"fitch, v",Physics,14,1,8,False
"fitch, v",Physics,15,1,9,False
"fitch, v",Physics,18,1,10,False
"fitch, v",Physics,19,1,11,False
"fitch, v",Physics,23,1,12,False
"fitch, v",Physics,25,4,16,False
"fitch, v",Physics,28,4,20,False
"fitch, v",Physics,33,1,21,False
"fitch, v",Physics,46,1,22,False
"fleming, a",Medicine,0,2,2,False
"fleming, a",Medicine,2,1,3,False
"fleming, a",Medicine,3,2,5,False
"fleming, a",Medicine,5,1,6,False
"fleming, a",Medicine,6,1,7,False
"fleming, a",Medicine,7,1,8,False
"fleming, a",Medicine,12,1,9,False
"fleming, a",Medicine,45,1,10,False
"fleming, a",Medicine,46,1,11,False
"fleming, a",Medicine,47,2,13,False
"fleming, a",Medicine,49,1,14,False
"fleming, a",Medicine,50,1,15,False
"fleming, a",Medicine,53,2,17,False
"fleming, a",Medicine,55,5,22,False
"fleming, a",Medicine,56,2,24,False
"fleming, a",Medicine,57,2,26,False
"florey, hw",Medicine,0,1,1,False
"florey, hw",Medicine,1,1,2,False
"florey, hw",Medicine,2,3,5,False
"florey, hw",Medicine,3,1,6,False
"florey, hw",Medicine,4,1,7,False
"florey, hw",Medicine,8,2,9,False
"florey, hw",Medicine,9,1,10,False
"florey, hw",Medicine,10,3,13,False
"florey, hw",Medicine,12,1,14,False
"florey, hw",Medicine,13,3,17,False
"florey, hw",Medicine,14,2,19,False
"florey, hw",Medicine,15,3,22,True
"florey, hw",Medicine,16,2,24,False
"florey, hw",Medicine,18,1,25,False
"florey, hw",Medicine,19,3,28,False
"florey, hw",Medicine,20,1,29,False
"florey, hw",Medicine,21,3,32,False
"florey, hw",Medicine,26,1,33,False
"florey, hw",Medicine,27,2,35,False
"florey, hw",Medicine,28,2,37,False
"florey, hw",Medicine,29,1,38,False
"florey, hw",Medicine,30,1,39,False
"florey, hw",Medicine,33,2,41,False
"florey, hw",Medicine,34,2,43,False
"florey, hw",Medicine,35,1,44,False
"florey, hw",Medicine,36,3,47,False
"florey, hw",Medicine,38,1,48,False
"florey, hw",Medicine,39,1,49,False
"flory, p",Chemistry,0,1,1,False
"flory, p",Chemistry,1,1,2,True
"flory, p",Chemistry,2,3,5,False
"flory, p",Chemistry,4,2,7,False
"flory, p",Chemistry,5,5,12,False
"flory, p",Chemistry,6,3,15,False
"flory, p",Chemistry,7,6,21,False
"flory, p",Chemistry,8,4,25,False
"flory, p",Chemistry,9,4,29,False
"flory, p",Chemistry,10,2,31,False
"flory, p",Chemistry,11,6,37,False
"flory, p",Chemistry,12,7,44,False
"flory, p",Chemistry,13,5,49,False
"flory, p",Chemistry,14,7,56,False
"flory, p",Chemistry,15,11,67,False
"flory, p",Chemistry,16,11,78,False
"flory, p",Chemistry,17,11,89,False
"flory, p",Chemistry,18,8,97,False
"flory, p",Chemistry,19,6,103,False
"flory, p",Chemistry,20,4,107,False
"flory, p",Chemistry,21,7,114,False
"flory, p",Chemistry,22,4,118,False
"flory, p",Chemistry,23,6,124,False
"flory, p",Chemistry,24,3,127,False
"flory, p",Chemistry,25,3,130,False
"flory, p",Chemistry,26,6,136,False
"flory, p",Chemistry,27,4,140,False
"flory, p",Chemistry,28,5,145,False
"flory, p",Chemistry,29,9,154,False
"flory, p",Chemistry,30,11,165,False
"flory, p",Chemistry,31,14,179,False
"flory, p",Chemistry,32,11,190,False
"flory, p",Chemistry,33,10,200,False
"flory, p",Chemistry,34,11,211,False
"flory, p",Chemistry,35,9,220,False
"flory, p",Chemistry,36,7,227,False
"flory, p",Chemistry,37,12,239,False
"flory, p",Chemistry,38,8,247,False
"flory, p",Chemistry,39,10,257,False
"flory, p",Chemistry,40,8,265,False
"flory, p",Chemistry,41,9,274,False
"flory, p",Chemistry,42,8,282,False
"flory, p",Chemistry,43,11,293,False
"flory, p",Chemistry,44,9,302,False
"flory, p",Chemistry,45,7,309,False
"flory, p",Chemistry,46,6,315,False
"flory, p",Chemistry,47,9,324,False
"flory, p",Chemistry,48,7,331,False
"flory, p",Chemistry,49,10,341,False
"flory, p",Chemistry,50,3,344,False
"flory, p",Chemistry,51,4,348,False
"flory, p",Chemistry,55,1,349,False
"fowler, wa",Physics,0,2,2,False
"fowler, wa",Physics,1,7,9,False
"fowler, wa",Physics,3,3,12,False
"fowler, wa",Physics,4,2,14,False
"fowler, wa",Physics,5,3,17,False
"fowler, wa",Physics,7,2,19,False
"fowler, wa",Physics,8,1,20,False
"fowler, wa",Physics,13,3,23,False
"fowler, wa",Physics,14,3,26,False
"fowler, wa",Physics,15,4,30,False
"fowler, wa",Physics,16,5,35,False
"fowler, wa",Physics,17,2,37,True
"fowler, wa",Physics,18,2,39,False
"fowler, wa",Physics,19,2,41,False
"fowler, wa",Physics,20,3,44,False
"fowler, wa",Physics,21,3,47,False
"fowler, wa",Physics,22,6,53,False
"fowler, wa",Physics,23,4,57,False
"fowler, wa",Physics,24,4,61,False
"fowler, wa",Physics,25,1,62,False
"fowler, wa",Physics,26,3,65,False
"fowler, wa",Physics,27,5,70,False
"fowler, wa",Physics,28,5,75,False
"fowler, wa",Physics,29,3,78,False
"fowler, wa",Physics,30,9,87,False
"fowler, wa",Physics,31,4,91,False
"fowler, wa",Physics,32,3,94,False
"fowler, wa",Physics,33,5,99,False
"fowler, wa",Physics,34,4,103,False
"fowler, wa",Physics,35,2,105,False
"fowler, wa",Physics,36,5,110,False
"fowler, wa",Physics,37,3,113,False
"fowler, wa",Physics,38,4,117,False
"fowler, wa",Physics,39,2,119,False
"fowler, wa",Physics,40,4,123,False
"fowler, wa",Physics,41,2,125,False
"fowler, wa",Physics,42,4,129,False
"fowler, wa",Physics,43,2,131,False
"fowler, wa",Physics,44,2,133,False
"fowler, wa",Physics,45,2,135,False
"fowler, wa",Physics,46,4,139,False
"fowler, wa",Physics,47,1,140,False
"fowler, wa",Physics,48,3,143,False
"fowler, wa",Physics,49,1,144,False
"fowler, wa",Physics,50,5,149,False
"fowler, wa",Physics,51,4,153,False
"fowler, wa",Physics,52,1,154,False
"fowler, wa",Physics,53,3,157,False
"fowler, wa",Physics,54,2,159,False
"fowler, wa",Physics,55,5,164,False
"fowler, wa",Physics,56,1,165,False
"fowler, wa",Physics,57,4,169,False
"fowler, wa",Physics,58,1,170,False
"fowler, wa",Physics,59,1,171,False
"franck, j",Physics,0,1,1,True
"franck, j",Physics,3,1,2,False
"franck, j",Physics,4,1,3,False
"franck, j",Physics,5,1,4,False
"frank, i",Physics,0,1,1,True
"friedman, ji",Physics,0,1,1,False
"friedman, ji",Physics,1,1,2,False
"friedman, ji",Physics,2,2,4,False
"friedman, ji",Physics,4,1,5,False
"friedman, ji",Physics,5,1,6,False
"friedman, ji",Physics,7,2,8,False
"friedman, ji",Physics,9,2,10,True
"friedman, ji",Physics,10,4,14,False
"friedman, ji",Physics,11,1,15,False
"friedman, ji",Physics,13,1,16,False
"friedman, ji",Physics,14,2,18,False
"friedman, ji",Physics,15,4,22,False
"friedman, ji",Physics,16,1,23,False
"friedman, ji",Physics,17,3,26,False
"friedman, ji",Physics,18,1,27,False
"friedman, ji",Physics,19,1,28,False
"friedman, ji",Physics,20,1,29,False
"friedman, ji",Physics,21,1,30,False
"friedman, ji",Physics,23,1,31,False
"friedman, ji",Physics,24,1,32,False
"friedman, ji",Physics,29,1,33,False
"friedman, ji",Physics,30,3,36,False
"friedman, ji",Physics,31,3,39,False
"friedman, ji",Physics,32,3,42,False
"friedman, ji",Physics,33,1,43,False
"friedman, ji",Physics,34,4,47,False
"friedman, ji",Physics,35,9,56,False
"friedman, ji",Physics,36,19,75,False
"friedman, ji",Physics,37,16,91,False
"friedman, ji",Physics,38,21,112,False
"friedman, ji",Physics,39,25,137,False
"friedman, ji",Physics,40,14,151,False
"friedman, ji",Physics,41,20,171,False
"friedman, ji",Physics,42,19,190,False
"friedman, ji",Physics,43,24,214,False
"friedman, ji",Physics,44,8,222,False
"friedman, ji",Physics,45,11,233,False
"friedman, ji",Physics,46,8,241,False
"friedman, ji",Physics,47,2,243,False
"friedman, ji",Physics,53,1,244,False
fritz pregl,Chemistry,0,1,1,False
fritz pregl,Chemistry,2,2,3,False
fritz pregl,Chemistry,6,1,4,True
fritz pregl,Chemistry,7,1,5,False
fritz pregl,Chemistry,26,1,6,False
"fukui, k",Chemistry,0,1,1,False
"fukui, k",Chemistry,4,1,2,False
"fukui, k",Chemistry,7,1,3,False
"fukui, k",Chemistry,27,3,6,False
"fukui, k",Chemistry,28,3,9,False
"fukui, k",Chemistry,29,1,10,True
"fukui, k",Chemistry,30,4,14,False
"fukui, k",Chemistry,31,3,17,False
"fukui, k",Chemistry,32,6,23,False
"fukui, k",Chemistry,33,2,25,False
"fukui, k",Chemistry,34,5,30,False
"fukui, k",Chemistry,35,1,31,False
"fukui, k",Chemistry,36,15,46,False
"fukui, k",Chemistry,37,16,62,False
"fukui, k",Chemistry,38,19,81,False
"fukui, k",Chemistry,39,9,90,False
"fukui, k",Chemistry,40,20,110,False
"fukui, k",Chemistry,41,13,123,False
"fukui, k",Chemistry,42,23,146,False
"fukui, k",Chemistry,43,24,170,False
"fukui, k",Chemistry,44,15,185,False
"fukui, k",Chemistry,45,14,199,False
"fukui, k",Chemistry,46,23,222,False
"fukui, k",Chemistry,47,6,228,False
"fukui, k",Chemistry,48,9,237,False
"fukui, k",Chemistry,49,15,252,False
"fukui, k",Chemistry,50,12,264,False
"fukui, k",Chemistry,51,16,280,False
"fukui, k",Chemistry,52,22,302,False
"fukui, k",Chemistry,53,15,317,False
"fukui, k",Chemistry,54,11,328,False
"fukui, k",Chemistry,55,16,344,False
"fukui, k",Chemistry,56,16,360,False
"fukui, k",Chemistry,57,12,372,False
"fukui, k",Chemistry,58,7,379,False
"fukui, k",Chemistry,59,17,396,False
"fukui, k",Chemistry,60,1,397,False
"furchgott, rf",Medicine,0,1,1,False
"furchgott, rf",Medicine,2,1,2,False
"furchgott, rf",Medicine,6,1,3,False
"furchgott, rf",Medicine,7,1,4,False
"furchgott, rf",Medicine,9,1,5,False
"furchgott, rf",Medicine,11,1,6,False
"furchgott, rf",Medicine,12,2,8,False
"furchgott, rf",Medicine,13,1,9,False
"furchgott, rf",Medicine,20,1,10,False
"furchgott, rf",Medicine,22,2,12,False
"furchgott, rf",Medicine,25,1,13,False
"furchgott, rf",Medicine,28,2,15,False
"furchgott, rf",Medicine,29,1,16,False
"furchgott, rf",Medicine,34,1,17,False
"furchgott, rf",Medicine,41,1,18,True
"furchgott, rf",Medicine,42,1,19,False
"furchgott, rf",Medicine,43,1,20,False
"furchgott, rf",Medicine,44,1,21,False
"furchgott, rf",Medicine,45,2,23,False
"furchgott, rf",Medicine,46,1,24,False
"furchgott, rf",Medicine,47,2,26,False
"furchgott, rf",Medicine,48,1,27,False
"furchgott, rf",Medicine,51,1,28,False
"furchgott, rf",Medicine,52,1,29,False
"furchgott, rf",Medicine,53,1,30,False
"furchgott, rf",Medicine,54,1,31,False
"furchgott, rf",Medicine,56,1,32,False
"furchgott, rf",Medicine,57,2,34,False
"furchgott, rf",Medicine,60,2,36,False
"gabor, d",Physics,0,1,1,False
"gabor, d",Physics,1,1,2,False
"gabor, d",Physics,3,3,5,False
"gabor, d",Physics,4,2,7,True
"gabor, d",Physics,5,1,8,False
"gabor, d",Physics,6,1,9,False
"gabor, d",Physics,7,2,11,False
"gabor, d",Physics,8,1,12,False
"gabor, d",Physics,9,3,15,False
"gabor, d",Physics,10,1,16,False
"gabor, d",Physics,11,3,19,False
"gabor, d",Physics,12,2,21,False
"gabor, d",Physics,14,1,22,False
"gabor, d",Physics,15,2,24,False
"gabor, d",Physics,17,3,27,False
"gabor, d",Physics,19,1,28,False
"gabor, d",Physics,21,3,31,False
"gabor, d",Physics,22,3,34,False
"gabor, d",Physics,24,4,38,False
"gabor, d",Physics,25,3,41,False
"gabor, d",Physics,26,2,43,False
"gabor, d",Physics,27,1,44,False
"gabor, d",Physics,28,4,48,False
"gabor, d",Physics,29,2,50,False
"gabor, d",Physics,30,1,51,False
"gabor, d",Physics,31,3,54,False
"gajdusek, dc",Medicine,0,1,1,False
"gajdusek, dc",Medicine,2,1,2,False
"gajdusek, dc",Medicine,6,1,3,False
"gajdusek, dc",Medicine,7,2,5,False
"gajdusek, dc",Medicine,8,2,7,False
"gajdusek, dc",Medicine,9,1,8,False
"gajdusek, dc",Medicine,11,4,12,False
"gajdusek, dc",Medicine,12,4,16,False
"gajdusek, dc",Medicine,13,5,21,False
"gajdusek, dc",Medicine,14,3,24,False
"gajdusek, dc",Medicine,15,9,33,False
"gajdusek, dc",Medicine,16,4,37,True
"gajdusek, dc",Medicine,17,5,42,False
"gajdusek, dc",Medicine,18,3,45,False
"gajdusek, dc",Medicine,19,6,51,False
"gajdusek, dc",Medicine,20,3,54,False
"gajdusek, dc",Medicine,21,7,61,False
"gajdusek, dc",Medicine,22,7,68,False
"gajdusek, dc",Medicine,23,7,75,False
"gajdusek, dc",Medicine,24,6,81,False
"gajdusek, dc",Medicine,25,7,88,False
"gajdusek, dc",Medicine,26,6,94,False
"gajdusek, dc",Medicine,27,6,100,False
"gajdusek, dc",Medicine,28,10,110,False
"gajdusek, dc",Medicine,29,6,116,False
"gajdusek, dc",Medicine,30,15,131,False
"gajdusek, dc",Medicine,31,20,151,False
"gajdusek, dc",Medicine,32,21,172,False
"gajdusek, dc",Medicine,33,13,185,False
"gajdusek, dc",Medicine,34,14,199,False
"gajdusek, dc",Medicine,35,25,224,False
"gajdusek, dc",Medicine,36,16,240,False
"gajdusek, dc",Medicine,37,13,253,False
"gajdusek, dc",Medicine,38,24,277,False
"gajdusek, dc",Medicine,39,15,292,False
"gajdusek, dc",Medicine,40,21,313,False
"gajdusek, dc",Medicine,41,28,341,False
"gajdusek, dc",Medicine,42,15,356,False
"gajdusek, dc",Medicine,43,16,372,False
"gajdusek, dc",Medicine,44,18,390,False
"gajdusek, dc",Medicine,45,10,400,False
"gajdusek, dc",Medicine,46,7,407,False
"gajdusek, dc",Medicine,47,6,413,False
"gajdusek, dc",Medicine,48,7,420,False
"gajdusek, dc",Medicine,49,4,424,False
"gajdusek, dc",Medicine,50,1,425,False
"gajdusek, dc",Medicine,51,1,426,False
"gajdusek, dc",Medicine,53,2,428,False
"gajdusek, dc",Medicine,54,3,431,False
"gajdusek, dc",Medicine,55,2,433,False
"gajdusek, dc",Medicine,57,2,435,False
"gajdusek, dc",Medicine,60,1,436,False
"gasser, hs",Medicine,0,1,1,False
"gasser, hs",Medicine,3,2,3,False
"gasser, hs",Medicine,4,1,4,False
"gasser, hs",Medicine,5,5,9,False
"gasser, hs",Medicine,7,1,10,False
"gasser, hs",Medicine,8,1,11,True
"gasser, hs",Medicine,10,2,13,False
"gasser, hs",Medicine,11,1,14,False
"gasser, hs",Medicine,12,4,18,False
"gasser, hs",Medicine,13,1,19,False
"gasser, hs",Medicine,14,2,21,False
"gasser, hs",Medicine,15,2,23,False
"gasser, hs",Medicine,16,4,27,False
"gasser, hs",Medicine,17,1,28,False
"gasser, hs",Medicine,18,1,29,False
"gasser, hs",Medicine,19,2,31,False
"gasser, hs",Medicine,20,3,34,False
"gasser, hs",Medicine,21,2,36,False
"gasser, hs",Medicine,22,2,38,False
"gasser, hs",Medicine,23,1,39,False
"gasser, hs",Medicine,24,2,41,False
"gasser, hs",Medicine,25,2,43,False
"gasser, hs",Medicine,26,1,44,False
"gasser, hs",Medicine,36,1,45,False
"gasser, hs",Medicine,41,1,46,False
"gasser, hs",Medicine,42,1,47,False
"gasser, hs",Medicine,44,1,48,False
"gasser, hs",Medicine,46,1,49,False
"geim, andre k.",Physics,0,1,1,False
"geim, andre k.",Physics,1,10,11,False
"geim, andre k.",Physics,2,7,18,False
"geim, andre k.",Physics,3,18,36,False
"geim, andre k.",Physics,4,3,39,False
"geim, andre k.",Physics,5,12,51,False
"geim, andre k.",Physics,6,9,60,False
"geim, andre k.",Physics,7,8,68,False
"geim, andre k.",Physics,8,3,71,False
"geim, andre k.",Physics,9,6,77,False
"geim, andre k.",Physics,10,4,81,False
"geim, andre k.",Physics,11,4,85,False
"geim, andre k.",Physics,12,4,89,False
"geim, andre k.",Physics,13,5,94,True
"geim, andre k.",Physics,14,7,101,False
"geim, andre k.",Physics,15,7,108,False
"geim, andre k.",Physics,16,13,121,False
"geim, andre k.",Physics,17,19,140,False
"geim, andre k.",Physics,18,16,156,False
"geim, andre k.",Physics,19,22,178,False
"geim, andre k.",Physics,20,17,195,False
"geim, andre k.",Physics,21,15,210,False
"geim, andre k.",Physics,22,17,227,False
"geim, andre k.",Physics,23,12,239,False
"geim, andre k.",Physics,24,15,254,False
"geim, andre k.",Physics,25,19,273,False
"geim, andre k.",Physics,26,17,290,False
"geim, andre k.",Physics,27,1,291,False
"gellmann, m",Physics,0,2,2,False
"gellmann, m",Physics,1,1,3,False
"gellmann, m",Physics,2,1,4,False
"gellmann, m",Physics,4,2,6,False
"gellmann, m",Physics,5,1,7,True
"gellmann, m",Physics,7,2,9,False
"gellmann, m",Physics,8,3,12,False
"gellmann, m",Physics,9,6,18,False
"gellmann, m",Physics,10,1,19,False
"gellmann, m",Physics,11,8,27,False
"gellmann, m",Physics,12,4,31,False
"gellmann, m",Physics,13,1,32,False
"gellmann, m",Physics,20,1,33,False
"gellmann, m",Physics,22,1,34,False
"gellmann, m",Physics,25,1,35,False
"gellmann, m",Physics,31,2,37,False
"gellmann, m",Physics,32,1,38,False
"giacconi, r",Physics,0,1,1,False
"giacconi, r",Physics,2,1,2,True
"giacconi, r",Physics,4,1,3,False
"giacconi, r",Physics,5,6,9,False
"giacconi, r",Physics,6,4,13,False
"giacconi, r",Physics,7,5,18,False
"giacconi, r",Physics,8,3,21,False
"giacconi, r",Physics,9,1,22,False
"giacconi, r",Physics,10,1,23,False
"giacconi, r",Physics,11,10,33,False
"giacconi, r",Physics,12,8,41,False
"giacconi, r",Physics,13,10,51,False
"giacconi, r",Physics,14,4,55,False
"giacconi, r",Physics,15,1,56,False
"giacconi, r",Physics,16,1,57,False
"giacconi, r",Physics,18,6,63,False
"giacconi, r",Physics,19,5,68,False
"giacconi, r",Physics,20,2,70,False
"giacconi, r",Physics,21,8,78,False
"giacconi, r",Physics,22,1,79,False
"giacconi, r",Physics,23,2,81,False
"giacconi, r",Physics,27,1,82,False
"giacconi, r",Physics,31,1,83,False
"giacconi, r",Physics,32,1,84,False
"giacconi, r",Physics,34,1,85,False
"giacconi, r",Physics,35,1,86,False
"giacconi, r",Physics,36,1,87,False
"giacconi, r",Physics,38,3,90,False
"giacconi, r",Physics,40,2,92,False
"giacconi, r",Physics,41,4,96,False
"giacconi, r",Physics,42,3,99,False
"giacconi, r",Physics,43,5,104,False
"giacconi, r",Physics,44,4,108,False
"giacconi, r",Physics,45,4,112,False
"giacconi, r",Physics,46,1,113,False
"giacconi, r",Physics,47,1,114,False
"giacconi, r",Physics,49,2,116,False
"giacconi, r",Physics,50,1,117,False
"giaever, i",Physics,0,2,2,True
"giaever, i",Physics,1,2,4,False
"giaever, i",Physics,2,1,5,False
"giaever, i",Physics,4,1,6,False
"giaever, i",Physics,5,2,8,False
"giaever, i",Physics,6,2,10,False
"giaever, i",Physics,8,3,13,False
"giaever, i",Physics,9,2,15,False
"giaever, i",Physics,10,1,16,False
"giaever, i",Physics,11,2,18,False
"giaever, i",Physics,12,2,20,False
"giaever, i",Physics,14,1,21,False
"giaever, i",Physics,18,1,22,False
"giaever, i",Physics,20,2,24,False
"giaever, i",Physics,21,1,25,False
"giaever, i",Physics,27,1,26,False
"giaever, i",Physics,44,1,27,False
"giauque, w",Chemistry,0,1,1,False
"giauque, w",Chemistry,4,2,3,False
"giauque, w",Chemistry,5,2,5,False
"giauque, w",Chemistry,6,5,10,False
"giauque, w",Chemistry,7,2,12,False
"giauque, w",Chemistry,8,2,14,False
"giauque, w",Chemistry,9,2,16,False
"giauque, w",Chemistry,10,2,18,True
"giauque, w",Chemistry,12,3,21,False
"giauque, w",Chemistry,13,4,25,False
"giauque, w",Chemistry,14,5,30,False
"giauque, w",Chemistry,15,7,37,False
"giauque, w",Chemistry,16,2,39,False
"giauque, w",Chemistry,18,3,42,False
"giauque, w",Chemistry,19,2,44,False
"giauque, w",Chemistry,24,2,46,False
"giauque, w",Chemistry,25,1,47,False
"giauque, w",Chemistry,26,4,51,False
"giauque, w",Chemistry,27,1,52,False
"giauque, w",Chemistry,28,1,53,False
"giauque, w",Chemistry,29,12,65,False
"giauque, w",Chemistry,30,5,70,False
"giauque, w",Chemistry,31,1,71,False
"giauque, w",Chemistry,32,5,76,False
"giauque, w",Chemistry,33,3,79,False
"giauque, w",Chemistry,35,2,81,False
"giauque, w",Chemistry,36,2,83,False
"giauque, w",Chemistry,37,5,88,False
"giauque, w",Chemistry,38,1,89,False
"giauque, w",Chemistry,39,6,95,False
"giauque, w",Chemistry,41,4,99,False
"giauque, w",Chemistry,42,8,107,False
"giauque, w",Chemistry,43,4,111,False
"giauque, w",Chemistry,44,5,116,False
"giauque, w",Chemistry,45,5,121,False
"giauque, w",Chemistry,46,6,127,False
"giauque, w",Chemistry,47,4,131,False
"giauque, w",Chemistry,48,3,134,False
"giauque, w",Chemistry,49,2,136,False
"giauque, w",Chemistry,50,4,140,False
"giauque, w",Chemistry,51,2,142,False
"giauque, w",Chemistry,52,1,143,False
"giauque, w",Chemistry,53,2,145,False
"giauque, w",Chemistry,54,1,146,False
"giauque, w",Chemistry,55,1,147,False
"gilbert, w",Chemistry,0,1,1,False
"gilbert, w",Chemistry,2,1,2,False
"gilbert, w",Chemistry,3,2,4,False
"gilbert, w",Chemistry,4,2,6,False
"gilbert, w",Chemistry,5,1,7,False
"gilbert, w",Chemistry,6,3,10,False
"gilbert, w",Chemistry,7,2,12,False
"gilbert, w",Chemistry,9,1,13,False
"gilbert, w",Chemistry,10,1,14,False
"gilbert, w",Chemistry,11,2,16,False
"gilbert, w",Chemistry,15,1,17,False
"gilbert, w",Chemistry,16,1,18,False
"gilbert, w",Chemistry,17,1,19,False
"gilbert, w",Chemistry,19,3,22,False
"gilbert, w",Chemistry,20,5,27,True
"gilbert, w",Chemistry,21,6,33,False
"gilbert, w",Chemistry,22,4,37,False
"gilbert, w",Chemistry,23,9,46,False
"gilbert, w",Chemistry,24,6,52,False
"gilbert, w",Chemistry,25,3,55,False
"gilbert, w",Chemistry,26,4,59,False
"gilbert, w",Chemistry,27,1,60,False
"gilbert, w",Chemistry,28,9,69,False
"gilbert, w",Chemistry,29,7,76,False
"gilbert, w",Chemistry,30,2,78,False
"gilbert, w",Chemistry,31,1,79,False
"gilbert, w",Chemistry,32,3,82,False
"gilbert, w",Chemistry,33,7,89,False
"gilbert, w",Chemistry,34,9,98,False
"gilbert, w",Chemistry,35,2,100,False
"gilbert, w",Chemistry,36,5,105,False
"gilbert, w",Chemistry,37,4,109,False
"gilbert, w",Chemistry,38,7,116,False
"gilbert, w",Chemistry,39,6,122,False
"gilbert, w",Chemistry,40,8,130,False
"gilbert, w",Chemistry,41,2,132,False
"gilbert, w",Chemistry,42,1,133,False
"gilbert, w",Chemistry,43,2,135,False
"gilbert, w",Chemistry,44,2,137,False
"gilbert, w",Chemistry,45,5,142,False
"gilbert, w",Chemistry,46,4,146,False
"gilbert, w",Chemistry,48,4,150,False
"gilbert, w",Chemistry,49,1,151,False
"gilbert, w",Chemistry,51,1,152,False
"gilbert, w",Chemistry,57,1,153,False
"gilbert, w",Chemistry,60,1,154,False
"gilman, ag",Medicine,0,2,2,False
"gilman, ag",Medicine,1,4,6,False
"gilman, ag",Medicine,2,2,8,False
"gilman, ag",Medicine,3,1,9,False
"gilman, ag",Medicine,4,1,10,False
"gilman, ag",Medicine,5,1,11,False
"gilman, ag",Medicine,7,2,13,False
"gilman, ag",Medicine,10,2,15,True
"gilman, ag",Medicine,12,1,16,False
"gilman, ag",Medicine,14,4,20,False
"gilman, ag",Medicine,15,2,22,False
"gilman, ag",Medicine,16,3,25,False
"gilman, ag",Medicine,17,4,29,False
"gilman, ag",Medicine,18,1,30,False
"gilman, ag",Medicine,19,4,34,False
"gilman, ag",Medicine,20,2,36,False
"gilman, ag",Medicine,21,3,39,False
"gilman, ag",Medicine,22,3,42,False
"gilman, ag",Medicine,23,4,46,False
"gilman, ag",Medicine,24,6,52,False
"gilman, ag",Medicine,25,9,61,False
"gilman, ag",Medicine,26,13,74,False
"gilman, ag",Medicine,27,12,86,False
"gilman, ag",Medicine,28,11,97,False
"gilman, ag",Medicine,29,6,103,False
"gilman, ag",Medicine,30,2,105,False
"gilman, ag",Medicine,32,2,107,False
"gilman, ag",Medicine,33,3,110,False
"gilman, ag",Medicine,35,1,111,False
"gilman, ag",Medicine,36,2,113,False
"gilman, ag",Medicine,42,1,114,False
"ginzburg, vl",Physics,0,1,1,True
"ginzburg, vl",Physics,5,1,2,False
"ginzburg, vl",Physics,8,4,6,False
"ginzburg, vl",Physics,11,1,7,False
"ginzburg, vl",Physics,12,4,11,False
"ginzburg, vl",Physics,14,1,12,False
"ginzburg, vl",Physics,15,4,16,False
"ginzburg, vl",Physics,16,2,18,False
"ginzburg, vl",Physics,18,5,23,False
"ginzburg, vl",Physics,19,4,27,False
"ginzburg, vl",Physics,20,2,29,False
"ginzburg, vl",Physics,21,3,32,False
"ginzburg, vl",Physics,22,4,36,False
"ginzburg, vl",Physics,23,1,37,False
"ginzburg, vl",Physics,24,2,39,False
"ginzburg, vl",Physics,25,4,43,False
"ginzburg, vl",Physics,26,7,50,False
"ginzburg, vl",Physics,27,2,52,False
"ginzburg, vl",Physics,28,4,56,False
"ginzburg, vl",Physics,29,3,59,False
"ginzburg, vl",Physics,30,3,62,False
"ginzburg, vl",Physics,31,5,67,False
"ginzburg, vl",Physics,32,3,70,False
"ginzburg, vl",Physics,33,1,71,False
"ginzburg, vl",Physics,34,4,75,False
"ginzburg, vl",Physics,35,1,76,False
"ginzburg, vl",Physics,36,2,78,False
"ginzburg, vl",Physics,37,6,84,False
"ginzburg, vl",Physics,38,1,85,False
"ginzburg, vl",Physics,39,6,91,False
"ginzburg, vl",Physics,40,3,94,False
"ginzburg, vl",Physics,41,4,98,False
"ginzburg, vl",Physics,42,1,99,False
"ginzburg, vl",Physics,43,4,103,False
"ginzburg, vl",Physics,44,3,106,False
"ginzburg, vl",Physics,45,1,107,False
"ginzburg, vl",Physics,46,2,109,False
"ginzburg, vl",Physics,47,3,112,False
"ginzburg, vl",Physics,48,1,113,False
"ginzburg, vl",Physics,49,1,114,False
"ginzburg, vl",Physics,50,1,115,False
"ginzburg, vl",Physics,51,1,116,False
"ginzburg, vl",Physics,52,3,119,False
"ginzburg, vl",Physics,54,3,122,False
"ginzburg, vl",Physics,55,2,124,False
"ginzburg, vl",Physics,57,1,125,False
"ginzburg, vl",Physics,58,1,126,False
"glaser, da",Physics,0,1,1,True
"glaser, da",Physics,1,1,2,False
"glaser, da",Physics,2,1,3,False
"glaser, da",Physics,3,2,5,False
"glaser, da",Physics,4,2,7,False
"glaser, da",Physics,5,3,10,False
"glaser, da",Physics,6,1,11,False
"glaser, da",Physics,7,2,13,False
"glaser, da",Physics,9,3,16,False
"glaser, da",Physics,14,1,17,False
"glaser, da",Physics,16,2,19,False
"glaser, da",Physics,22,2,21,False
"glaser, da",Physics,25,1,22,False
"glaser, da",Physics,28,1,23,False
"glaser, da",Physics,29,1,24,False
"glaser, da",Physics,32,1,25,False
"glaser, da",Physics,33,1,26,False
"glaser, da",Physics,34,1,27,False
"glaser, da",Physics,37,1,28,False
"glaser, da",Physics,39,2,30,False
"glaser, da",Physics,40,2,32,False
"glaser, da",Physics,41,4,36,False
"glaser, da",Physics,42,3,39,False
"glaser, da",Physics,43,1,40,False
"glaser, da",Physics,47,1,41,False
"glaser, da",Physics,50,6,47,False
"glaser, da",Physics,54,2,49,False
"glaser, da",Physics,57,1,50,False
"glaser, da",Physics,58,5,55,False
"glashow, sl",Physics,0,1,1,False
"glashow, sl",Physics,1,1,2,False
"glashow, sl",Physics,2,5,7,True
"glashow, sl",Physics,3,5,12,False
"glashow, sl",Physics,4,2,14,False
"glashow, sl",Physics,5,4,18,False
"glashow, sl",Physics,6,3,21,False
"glashow, sl",Physics,8,2,23,False
"glashow, sl",Physics,9,2,25,False
"glashow, sl",Physics,10,1,26,False
"glashow, sl",Physics,11,1,27,False
"glashow, sl",Physics,12,2,29,False
"glashow, sl",Physics,13,3,32,False
"glashow, sl",Physics,14,5,37,False
"glashow, sl",Physics,15,4,41,False
"glashow, sl",Physics,16,7,48,False
"glashow, sl",Physics,17,3,51,False
"glashow, sl",Physics,18,5,56,False
"glashow, sl",Physics,19,4,60,False
"glashow, sl",Physics,20,4,64,False
"glashow, sl",Physics,21,9,73,False
"glashow, sl",Physics,22,6,79,False
"glashow, sl",Physics,23,3,82,False
"glashow, sl",Physics,24,5,87,False
"glashow, sl",Physics,25,6,93,False
"glashow, sl",Physics,26,1,94,False
"glashow, sl",Physics,27,3,97,False
"glashow, sl",Physics,28,6,103,False
"glashow, sl",Physics,29,5,108,False
"glashow, sl",Physics,31,4,112,False
"glashow, sl",Physics,32,1,113,False
"glashow, sl",Physics,36,2,115,False
"glashow, sl",Physics,37,1,116,False
"glashow, sl",Physics,38,4,120,False
"glashow, sl",Physics,39,2,122,False
"glashow, sl",Physics,40,7,129,False
"glashow, sl",Physics,41,1,130,False
"glashow, sl",Physics,42,2,132,False
"glashow, sl",Physics,43,4,136,False
"glashow, sl",Physics,45,1,137,False
"glashow, sl",Physics,47,1,138,False
"glashow, sl",Physics,48,2,140,False
"glashow, sl",Physics,49,2,142,False
"glashow, sl",Physics,50,2,144,False
"glashow, sl",Physics,52,2,146,False
"glashow, sl",Physics,56,1,147,False
"glashow, sl",Physics,57,1,148,False
"glauber, rj",Physics,0,1,1,False
"glauber, rj",Physics,2,1,2,False
"glauber, rj",Physics,4,2,4,False
"glauber, rj",Physics,5,1,5,False
"glauber, rj",Physics,7,1,6,False
"glauber, rj",Physics,9,1,7,False
"glauber, rj",Physics,12,3,10,True
"glauber, rj",Physics,14,1,11,False
"glauber, rj",Physics,15,2,13,False
"glauber, rj",Physics,16,2,15,False
"glauber, rj",Physics,18,3,18,False
"glauber, rj",Physics,19,1,19,False
"glauber, rj",Physics,20,2,21,False
"glauber, rj",Physics,21,2,23,False
"glauber, rj",Physics,25,2,25,False
"glauber, rj",Physics,27,1,26,False
"glauber, rj",Physics,28,4,30,False
"glauber, rj",Physics,29,1,31,False
"glauber, rj",Physics,30,4,35,False
"glauber, rj",Physics,33,1,36,False
"glauber, rj",Physics,34,2,38,False
"glauber, rj",Physics,35,2,40,False
"glauber, rj",Physics,36,1,41,False
"glauber, rj",Physics,39,1,42,False
"glauber, rj",Physics,40,1,43,False
"glauber, rj",Physics,44,2,45,False
"glauber, rj",Physics,45,1,46,False
"glauber, rj",Physics,46,1,47,False
"glauber, rj",Physics,48,2,49,False
"glauber, rj",Physics,49,2,51,False
"glauber, rj",Physics,54,1,52,False
"glauber, rj",Physics,55,3,55,False
"glauber, rj",Physics,56,2,57,False
"glauber, rj",Physics,57,1,58,False
"glauber, rj",Physics,59,2,60,False
"glauber, rj",Physics,60,1,61,False
"goldstein, jl",Medicine,0,1,1,False
"goldstein, jl",Medicine,1,3,4,False
"goldstein, jl",Medicine,2,4,8,False
"goldstein, jl",Medicine,3,6,14,True
"goldstein, jl",Medicine,4,10,24,False
"goldstein, jl",Medicine,5,12,36,False
"goldstein, jl",Medicine,6,10,46,False
"goldstein, jl",Medicine,7,8,54,False
"goldstein, jl",Medicine,8,13,67,False
"goldstein, jl",Medicine,9,6,73,False
"goldstein, jl",Medicine,10,13,86,False
"goldstein, jl",Medicine,11,12,98,False
"goldstein, jl",Medicine,12,11,109,False
"goldstein, jl",Medicine,13,11,120,False
"goldstein, jl",Medicine,14,12,132,False
"goldstein, jl",Medicine,15,11,143,False
"goldstein, jl",Medicine,16,10,153,False
"goldstein, jl",Medicine,17,5,158,False
"goldstein, jl",Medicine,18,2,160,False
"goldstein, jl",Medicine,19,10,170,False
"goldstein, jl",Medicine,20,5,175,False
"goldstein, jl",Medicine,21,8,183,False
"goldstein, jl",Medicine,22,9,192,False
"goldstein, jl",Medicine,23,8,200,False
"goldstein, jl",Medicine,24,9,209,False
"goldstein, jl",Medicine,25,9,218,False
"goldstein, jl",Medicine,26,11,229,False
"goldstein, jl",Medicine,27,10,239,False
"goldstein, jl",Medicine,28,14,253,False
"goldstein, jl",Medicine,29,9,262,False
"goldstein, jl",Medicine,30,9,271,False
"goldstein, jl",Medicine,31,12,283,False
"goldstein, jl",Medicine,32,10,293,False
"goldstein, jl",Medicine,33,10,303,False
"goldstein, jl",Medicine,34,10,313,False
"goldstein, jl",Medicine,35,6,319,False
"goldstein, jl",Medicine,36,3,322,False
"goldstein, jl",Medicine,37,10,332,False
"goldstein, jl",Medicine,38,10,342,False
"goldstein, jl",Medicine,39,8,350,False
"goldstein, jl",Medicine,40,5,355,False
"goldstein, jl",Medicine,41,8,363,False
"goldstein, jl",Medicine,42,3,366,False
"goldstein, jl",Medicine,43,3,369,False
"goldstein, jl",Medicine,44,4,373,False
"goldstein, jl",Medicine,45,3,376,False
"goldstein, jl",Medicine,46,4,380,False
"goldstein, jl",Medicine,47,1,381,False
"granit, r",Medicine,0,1,1,False
"granit, r",Medicine,1,2,3,False
"granit, r",Medicine,2,3,6,False
"granit, r",Medicine,4,2,8,True
"granit, r",Medicine,5,1,9,False
"granit, r",Medicine,6,2,11,False
"granit, r",Medicine,8,3,14,False
"granit, r",Medicine,9,1,15,False
"granit, r",Medicine,10,2,17,False
"granit, r",Medicine,13,1,18,False
"granit, r",Medicine,14,1,19,False
"granit, r",Medicine,15,2,21,False
"granit, r",Medicine,16,4,25,False
"granit, r",Medicine,17,2,27,False
"granit, r",Medicine,18,1,28,False
"granit, r",Medicine,19,4,32,False
"granit, r",Medicine,20,4,36,False
"granit, r",Medicine,21,2,38,False
"granit, r",Medicine,22,1,39,False
"granit, r",Medicine,23,1,40,False
"granit, r",Medicine,24,2,42,False
"granit, r",Medicine,26,2,44,False
"granit, r",Medicine,27,4,48,False
"granit, r",Medicine,28,3,51,False
"granit, r",Medicine,29,2,53,False
"granit, r",Medicine,30,6,59,False
"granit, r",Medicine,31,3,62,False
"granit, r",Medicine,32,2,64,False
"granit, r",Medicine,33,1,65,False
"granit, r",Medicine,34,3,68,False
"granit, r",Medicine,35,2,70,False
"granit, r",Medicine,37,3,73,False
"granit, r",Medicine,39,1,74,False
"granit, r",Medicine,43,1,75,False
"granit, r",Medicine,46,1,76,False
"granit, r",Medicine,49,1,77,False
greengar.p,Medicine,0,1,1,False
greengar.p,Medicine,4,1,2,False
greengar.p,Medicine,5,1,3,False
greengar.p,Medicine,7,2,5,False
greengar.p,Medicine,8,1,6,False
greengar.p,Medicine,9,2,8,False
greengar.p,Medicine,10,1,9,False
greengar.p,Medicine,12,3,12,False
greengar.p,Medicine,13,1,13,False
greengar.p,Medicine,14,1,14,False
greengar.p,Medicine,15,4,18,True
greengar.p,Medicine,16,4,22,False
greengar.p,Medicine,17,8,30,False
greengar.p,Medicine,18,4,34,False
greengar.p,Medicine,19,4,38,False
greengar.p,Medicine,20,8,46,False
greengar.p,Medicine,21,7,53,False
greengar.p,Medicine,22,5,58,False
greengar.p,Medicine,23,6,64,False
greengar.p,Medicine,24,11,75,False
greengar.p,Medicine,25,10,85,False
greengar.p,Medicine,26,10,95,False
greengar.p,Medicine,27,10,105,False
greengar.p,Medicine,28,8,113,False
greengar.p,Medicine,29,11,124,False
greengar.p,Medicine,30,11,135,False
greengar.p,Medicine,31,8,143,False
greengar.p,Medicine,32,10,153,False
greengar.p,Medicine,33,16,169,False
greengar.p,Medicine,34,22,191,False
greengar.p,Medicine,35,28,219,False
greengar.p,Medicine,36,26,245,False
greengar.p,Medicine,37,16,261,False
greengar.p,Medicine,38,21,282,False
greengar.p,Medicine,39,19,301,False
greengar.p,Medicine,40,12,313,False
greengar.p,Medicine,41,18,331,False
greengar.p,Medicine,42,18,349,False
greengar.p,Medicine,43,18,367,False
greengar.p,Medicine,44,9,376,False
greengar.p,Medicine,45,28,404,False
greengar.p,Medicine,46,19,423,False
greengar.p,Medicine,47,20,443,False
greengar.p,Medicine,48,32,475,False
greengar.p,Medicine,49,22,497,False
greengar.p,Medicine,50,31,528,False
greengar.p,Medicine,51,18,546,False
greengar.p,Medicine,52,20,566,False
greengar.p,Medicine,53,17,583,False
greengar.p,Medicine,54,23,606,False
greengar.p,Medicine,55,14,620,False
greengar.p,Medicine,56,25,645,False
greengar.p,Medicine,57,8,653,False
greengar.p,Medicine,58,11,664,False
greengar.p,Medicine,59,10,674,False
greengar.p,Medicine,60,11,685,False
"greider, cw",Medicine,0,1,1,True
"greider, cw",Medicine,2,1,2,False
"greider, cw",Medicine,4,2,4,False
"greider, cw",Medicine,5,2,6,False
"greider, cw",Medicine,6,3,9,False
"greider, cw",Medicine,7,5,14,False
"greider, cw",Medicine,8,3,17,False
"greider, cw",Medicine,9,3,20,False
"greider, cw",Medicine,10,5,25,False
"greider, cw",Medicine,11,5,30,False
"greider, cw",Medicine,12,1,31,False
"greider, cw",Medicine,13,5,36,False
"greider, cw",Medicine,14,6,42,False
"greider, cw",Medicine,15,5,47,False
"greider, cw",Medicine,16,5,52,False
"greider, cw",Medicine,17,3,55,False
"greider, cw",Medicine,18,6,61,False
"greider, cw",Medicine,19,4,65,False
"greider, cw",Medicine,20,4,69,False
"greider, cw",Medicine,21,4,73,False
"greider, cw",Medicine,22,2,75,False
"greider, cw",Medicine,24,3,78,False
"greider, cw",Medicine,25,4,82,False
"greider, cw",Medicine,26,1,83,False
"greider, cw",Medicine,27,2,85,False
"greider, cw",Medicine,30,3,88,False
"greider, cw",Medicine,31,2,90,False
"greider, cw",Medicine,32,2,92,False
"gross, dj",Physics,0,1,1,False
"gross, dj",Physics,1,1,2,False
"gross, dj",Physics,2,2,4,False
"gross, dj",Physics,3,5,9,False
"gross, dj",Physics,4,7,16,False
"gross, dj",Physics,5,7,23,False
"gross, dj",Physics,6,3,26,False
"gross, dj",Physics,7,2,28,False
"gross, dj",Physics,8,5,33,True
"gross, dj",Physics,9,3,36,False
"gross, dj",Physics,10,2,38,False
"gross, dj",Physics,11,2,40,False
"gross, dj",Physics,12,4,44,False
"gross, dj",Physics,13,6,50,False
"gross, dj",Physics,14,4,54,False
"gross, dj",Physics,15,3,57,False
"gross, dj",Physics,16,3,60,False
"gross, dj",Physics,17,2,62,False
"gross, dj",Physics,18,1,63,False
"gross, dj",Physics,19,2,65,False
"gross, dj",Physics,20,1,66,False
"gross, dj",Physics,21,2,68,False
"gross, dj",Physics,22,6,74,False
"gross, dj",Physics,23,5,79,False
"gross, dj",Physics,24,1,80,False
"gross, dj",Physics,25,6,86,False
"gross, dj",Physics,26,6,92,False
"gross, dj",Physics,27,2,94,False
"gross, dj",Physics,28,1,95,False
"gross, dj",Physics,29,1,96,False
"gross, dj",Physics,30,2,98,False
"gross, dj",Physics,31,2,100,False
"gross, dj",Physics,32,1,101,False
"gross, dj",Physics,33,2,103,False
"gross, dj",Physics,34,2,105,False
"gross, dj",Physics,35,5,110,False
"gross, dj",Physics,36,5,115,False
"gross, dj",Physics,37,1,116,False
"gross, dj",Physics,38,1,117,False
"gross, dj",Physics,39,2,119,False
"gross, dj",Physics,40,5,124,False
"gross, dj",Physics,42,1,125,False
"gross, dj",Physics,43,1,126,False
"gross, dj",Physics,45,2,128,False
"gross, dj",Physics,46,1,129,False
"gross, dj",Physics,49,1,130,False
"gross, dj",Physics,51,1,131,False
"gross, dj",Physics,52,4,135,False
"grubbs, r",Chemistry,0,2,2,False
"grubbs, r",Chemistry,3,3,5,False
"grubbs, r",Chemistry,4,3,8,False
"grubbs, r",Chemistry,5,2,10,False
"grubbs, r",Chemistry,6,10,20,False
"grubbs, r",Chemistry,7,2,22,False
"grubbs, r",Chemistry,8,5,27,False
"grubbs, r",Chemistry,9,6,33,False
"grubbs, r",Chemistry,10,14,47,False
"grubbs, r",Chemistry,11,11,58,False
"grubbs, r",Chemistry,12,8,66,False
"grubbs, r",Chemistry,13,4,70,False
"grubbs, r",Chemistry,14,8,78,False
"grubbs, r",Chemistry,15,9,87,False
"grubbs, r",Chemistry,16,7,94,False
"grubbs, r",Chemistry,17,13,107,False
"grubbs, r",Chemistry,18,16,123,False
"grubbs, r",Chemistry,19,10,133,False
"grubbs, r",Chemistry,20,11,144,False
"grubbs, r",Chemistry,21,18,162,False
"grubbs, r",Chemistry,22,22,184,False
"grubbs, r",Chemistry,23,8,192,False
"grubbs, r",Chemistry,24,8,200,False
"grubbs, r",Chemistry,25,11,211,True
"grubbs, r",Chemistry,26,13,224,False
"grubbs, r",Chemistry,27,12,236,False
"grubbs, r",Chemistry,28,20,256,False
"grubbs, r",Chemistry,29,20,276,False
"grubbs, r",Chemistry,30,21,297,False
"grubbs, r",Chemistry,31,20,317,False
"grubbs, r",Chemistry,32,15,332,False
"grubbs, r",Chemistry,33,21,353,False
"grubbs, r",Chemistry,34,27,380,False
"grubbs, r",Chemistry,35,23,403,False
"grubbs, r",Chemistry,36,17,420,False
"grubbs, r",Chemistry,37,11,431,False
"grubbs, r",Chemistry,38,12,443,False
"grubbs, r",Chemistry,39,23,466,False
"grubbs, r",Chemistry,40,26,492,False
"grubbs, r",Chemistry,41,23,515,False
"grubbs, r",Chemistry,42,20,535,False
"grubbs, r",Chemistry,43,55,590,False
"grubbs, r",Chemistry,44,19,609,False
"grubbs, r",Chemistry,45,17,626,False
"grubbs, r",Chemistry,46,27,653,False
"grubbs, r",Chemistry,47,25,678,False
"grubbs, r",Chemistry,48,30,708,False
"grubbs, r",Chemistry,49,25,733,False
"grubbs, r",Chemistry,50,22,755,False
"grubbs, r",Chemistry,51,2,757,False
"grunberg, p",Physics,0,1,1,False
"grunberg, p",Physics,1,1,2,False
"grunberg, p",Physics,2,2,4,False
"grunberg, p",Physics,3,2,6,False
"grunberg, p",Physics,4,1,7,False
"grunberg, p",Physics,5,3,10,False
"grunberg, p",Physics,6,2,12,False
"grunberg, p",Physics,7,1,13,False
"grunberg, p",Physics,8,4,17,False
"grunberg, p",Physics,9,1,18,True
"grunberg, p",Physics,10,2,20,False
"grunberg, p",Physics,11,1,21,False
"grunberg, p",Physics,12,4,25,False
"grunberg, p",Physics,13,2,27,False
"grunberg, p",Physics,14,8,35,False
"grunberg, p",Physics,15,3,38,False
"grunberg, p",Physics,16,7,45,False
"grunberg, p",Physics,17,6,51,False
"grunberg, p",Physics,18,7,58,False
"grunberg, p",Physics,19,8,66,False
"grunberg, p",Physics,20,7,73,False
"grunberg, p",Physics,21,3,76,False
"grunberg, p",Physics,22,4,80,False
"grunberg, p",Physics,23,7,87,False
"grunberg, p",Physics,24,5,92,False
"grunberg, p",Physics,25,7,99,False
"grunberg, p",Physics,26,8,107,False
"grunberg, p",Physics,27,3,110,False
"grunberg, p",Physics,28,7,117,False
"grunberg, p",Physics,29,3,120,False
"grunberg, p",Physics,30,2,122,False
"grunberg, p",Physics,31,3,125,False
"grunberg, p",Physics,39,3,128,False
guillemi.r,Medicine,0,1,1,False
guillemi.r,Medicine,2,3,4,False
guillemi.r,Medicine,4,3,7,False
guillemi.r,Medicine,5,1,8,False
guillemi.r,Medicine,6,7,15,False
guillemi.r,Medicine,7,4,19,False
guillemi.r,Medicine,8,5,24,False
guillemi.r,Medicine,9,6,30,False
guillemi.r,Medicine,10,7,37,False
guillemi.r,Medicine,11,2,39,False
guillemi.r,Medicine,12,5,44,False
guillemi.r,Medicine,13,3,47,False
guillemi.r,Medicine,14,7,54,False
guillemi.r,Medicine,15,1,55,False
guillemi.r,Medicine,16,3,58,False
guillemi.r,Medicine,17,5,63,True
guillemi.r,Medicine,18,4,67,False
guillemi.r,Medicine,19,12,79,False
guillemi.r,Medicine,20,13,92,False
guillemi.r,Medicine,21,12,104,False
guillemi.r,Medicine,22,4,108,False
guillemi.r,Medicine,23,6,114,False
guillemi.r,Medicine,24,15,129,False
guillemi.r,Medicine,25,11,140,False
guillemi.r,Medicine,26,11,151,False
guillemi.r,Medicine,27,12,163,False
guillemi.r,Medicine,28,10,173,False
guillemi.r,Medicine,29,12,185,False
guillemi.r,Medicine,30,11,196,False
guillemi.r,Medicine,31,10,206,False
guillemi.r,Medicine,32,10,216,False
guillemi.r,Medicine,33,8,224,False
guillemi.r,Medicine,34,6,230,False
guillemi.r,Medicine,35,4,234,False
guillemi.r,Medicine,39,1,235,False
guillemi.r,Medicine,40,1,236,False
guillemi.r,Medicine,51,1,237,False
guillemi.r,Medicine,52,1,238,False
guillemi.r,Medicine,53,1,239,False
guillemi.r,Medicine,58,1,240,False
"gurdon, jb",Medicine,0,2,2,False
"gurdon, jb",Medicine,3,1,3,False
"gurdon, jb",Medicine,4,4,7,True
"gurdon, jb",Medicine,6,1,8,False
"gurdon, jb",Medicine,7,1,9,False
"gurdon, jb",Medicine,8,4,13,False
"gurdon, jb",Medicine,9,2,15,False
"gurdon, jb",Medicine,10,2,17,False
"gurdon, jb",Medicine,11,4,21,False
"gurdon, jb",Medicine,12,3,24,False
"gurdon, jb",Medicine,13,3,27,False
"gurdon, jb",Medicine,14,2,29,False
"gurdon, jb",Medicine,15,4,33,False
"gurdon, jb",Medicine,16,3,36,False
"gurdon, jb",Medicine,18,1,37,False
"gurdon, jb",Medicine,19,8,45,False
"gurdon, jb",Medicine,20,10,55,False
"gurdon, jb",Medicine,21,2,57,False
"gurdon, jb",Medicine,22,1,58,False
"gurdon, jb",Medicine,23,2,60,False
"gurdon, jb",Medicine,24,3,63,False
"gurdon, jb",Medicine,25,2,65,False
"gurdon, jb",Medicine,26,3,68,False
"gurdon, jb",Medicine,27,2,70,False
"gurdon, jb",Medicine,28,1,71,False
"gurdon, jb",Medicine,29,2,73,False
"gurdon, jb",Medicine,30,2,75,False
"gurdon, jb",Medicine,31,6,81,False
"gurdon, jb",Medicine,32,1,82,False
"gurdon, jb",Medicine,33,1,83,False
"gurdon, jb",Medicine,34,1,84,False
"gurdon, jb",Medicine,35,5,89,False
"gurdon, jb",Medicine,36,5,94,False
"gurdon, jb",Medicine,37,4,98,False
"gurdon, jb",Medicine,38,3,101,False
"gurdon, jb",Medicine,39,3,104,False
"gurdon, jb",Medicine,40,6,110,False
"gurdon, jb",Medicine,41,7,117,False
"gurdon, jb",Medicine,42,1,118,False
"gurdon, jb",Medicine,43,3,121,False
"gurdon, jb",Medicine,44,5,126,False
"gurdon, jb",Medicine,45,3,129,False
"gurdon, jb",Medicine,46,3,132,False
"gurdon, jb",Medicine,47,8,140,False
"gurdon, jb",Medicine,48,2,142,False
"gurdon, jb",Medicine,49,2,144,False
"gurdon, jb",Medicine,50,5,149,False
"gurdon, jb",Medicine,51,2,151,False
"gurdon, jb",Medicine,52,5,156,False
"gurdon, jb",Medicine,53,10,166,False
"gurdon, jb",Medicine,54,6,172,False
"gurdon, jb",Medicine,55,7,179,False
"gurdon, jb",Medicine,56,5,184,False
"gurdon, jb",Medicine,57,4,188,False
"gurdon, jb",Medicine,58,2,190,False
"gurdon, jb",Medicine,59,4,194,False
gustav hertz,Physics,0,1,1,True
gustav hertz,Physics,3,1,2,False
gustav hertz,Physics,7,1,3,False
gustav hertz,Physics,8,1,4,False
gustav hertz,Physics,9,3,7,False
"gyorgyi, as",Medicine,0,1,1,True
"haber, f",Chemistry,0,1,1,False
"haber, f",Chemistry,5,1,2,True
"hahn, o",Chemistry,0,2,2,False
"hahn, o",Chemistry,1,1,3,False
"hahn, o",Chemistry,2,5,8,False
"hahn, o",Chemistry,3,2,10,False
"hahn, o",Chemistry,4,1,11,False
"hahn, o",Chemistry,5,2,13,False
"hahn, o",Chemistry,6,2,15,False
"hahn, o",Chemistry,7,4,19,False
"hahn, o",Chemistry,9,3,22,False
"hahn, o",Chemistry,10,2,24,False
"hahn, o",Chemistry,11,1,25,False
"hahn, o",Chemistry,12,2,27,False
"hahn, o",Chemistry,13,3,30,False
"hahn, o",Chemistry,14,1,31,False
"hahn, o",Chemistry,15,5,36,False
"hahn, o",Chemistry,16,7,43,False
"hahn, o",Chemistry,17,5,48,False
"hahn, o",Chemistry,18,5,53,False
"hahn, o",Chemistry,19,2,55,False
"hahn, o",Chemistry,20,6,61,True
"hahn, o",Chemistry,21,6,67,False
"hahn, o",Chemistry,22,4,71,False
"hahn, o",Chemistry,23,5,76,False
"hahn, o",Chemistry,24,5,81,False
"hahn, o",Chemistry,28,1,82,False
"hahn, o",Chemistry,29,2,84,False
"hahn, o",Chemistry,39,1,85,False
"hahn, o",Chemistry,40,1,86,False
"hahn, o",Chemistry,44,1,87,False
"haldane, fdm",Physics,0,2,2,False
"haldane, fdm",Physics,1,2,4,False
"haldane, fdm",Physics,2,1,5,False
"haldane, fdm",Physics,3,2,7,False
"haldane, fdm",Physics,4,2,9,False
"haldane, fdm",Physics,5,2,11,False
"haldane, fdm",Physics,6,5,16,True
"haldane, fdm",Physics,8,6,22,False
"haldane, fdm",Physics,9,2,24,False
"haldane, fdm",Physics,10,1,25,False
"haldane, fdm",Physics,11,7,32,False
"haldane, fdm",Physics,13,1,33,False
"haldane, fdm",Physics,14,2,35,False
"haldane, fdm",Physics,15,2,37,False
"haldane, fdm",Physics,16,3,40,False
"haldane, fdm",Physics,17,3,43,False
"haldane, fdm",Physics,18,4,47,False
"haldane, fdm",Physics,19,2,49,False
"haldane, fdm",Physics,20,2,51,False
"haldane, fdm",Physics,22,1,52,False
"haldane, fdm",Physics,23,2,54,False
"haldane, fdm",Physics,24,1,55,False
"haldane, fdm",Physics,26,2,57,False
"haldane, fdm",Physics,27,1,58,False
"haldane, fdm",Physics,28,3,61,False
"haldane, fdm",Physics,29,1,62,False
"haldane, fdm",Physics,30,1,63,False
"haldane, fdm",Physics,31,6,69,False
"haldane, fdm",Physics,32,5,74,False
"haldane, fdm",Physics,34,3,77,False
"haldane, fdm",Physics,35,4,81,False
"haldane, fdm",Physics,36,1,82,False
"haldane, fdm",Physics,37,4,86,False
"haldane, fdm",Physics,38,2,88,False
"hall, jl",Physics,0,1,1,False
"hall, jl",Physics,12,1,2,False
"hall, jl",Physics,13,1,3,False
"hall, jl",Physics,16,1,4,False
"hall, jl",Physics,17,2,6,False
"hall, jl",Physics,18,4,10,False
"hall, jl",Physics,19,2,12,False
"hall, jl",Physics,20,1,13,False
"hall, jl",Physics,21,1,14,False
"hall, jl",Physics,22,6,20,False
"hall, jl",Physics,23,4,24,False
"hall, jl",Physics,24,2,26,False
"hall, jl",Physics,26,5,31,False
"hall, jl",Physics,27,2,33,False
"hall, jl",Physics,28,3,36,False
"hall, jl",Physics,29,3,39,False
"hall, jl",Physics,30,1,40,False
"hall, jl",Physics,31,4,44,False
"hall, jl",Physics,32,2,46,False
"hall, jl",Physics,33,3,49,False
"hall, jl",Physics,34,5,54,False
"hall, jl",Physics,35,3,57,False
"hall, jl",Physics,36,3,60,False
"hall, jl",Physics,37,4,64,False
"hall, jl",Physics,38,5,69,False
"hall, jl",Physics,39,5,74,False
"hall, jl",Physics,40,3,77,False
"hall, jl",Physics,41,2,79,False
"hall, jl",Physics,42,1,80,False
"hall, jl",Physics,43,3,83,False
"hall, jl",Physics,44,2,85,False
"hall, jl",Physics,45,2,87,False
"hall, jl",Physics,46,4,91,False
"hall, jl",Physics,47,4,95,False
"hall, jl",Physics,48,3,98,False
"hall, jl",Physics,49,8,106,False
"hall, jl",Physics,50,13,119,True
"hall, jl",Physics,51,8,127,False
"hall, jl",Physics,52,7,134,False
"hall, jl",Physics,53,5,139,False
"hall, jl",Physics,55,1,140,False
"hall, jl",Physics,56,4,144,False
"hall, jl",Physics,57,1,145,False
"hall, jl",Physics,58,1,146,False
"hall, jl",Physics,59,1,147,False
"hansch, tw",Physics,0,2,2,False
"hansch, tw",Physics,2,4,6,False
"hansch, tw",Physics,3,2,8,False
"hansch, tw",Physics,4,2,10,False
"hansch, tw",Physics,5,7,17,False
"hansch, tw",Physics,6,5,22,False
"hansch, tw",Physics,7,2,24,False
"hansch, tw",Physics,8,4,28,False
"hansch, tw",Physics,9,4,32,False
"hansch, tw",Physics,10,4,36,False
"hansch, tw",Physics,11,3,39,False
"hansch, tw",Physics,12,3,42,False
"hansch, tw",Physics,13,3,45,False
"hansch, tw",Physics,14,5,50,False
"hansch, tw",Physics,15,4,54,False
"hansch, tw",Physics,16,6,60,False
"hansch, tw",Physics,17,4,64,False
"hansch, tw",Physics,18,2,66,False
"hansch, tw",Physics,19,4,70,False
"hansch, tw",Physics,20,4,74,False
"hansch, tw",Physics,21,3,77,False
"hansch, tw",Physics,22,4,81,False
"hansch, tw",Physics,23,5,86,False
"hansch, tw",Physics,24,7,93,False
"hansch, tw",Physics,25,5,98,False
"hansch, tw",Physics,26,10,108,False
"hansch, tw",Physics,27,18,126,False
"hansch, tw",Physics,28,10,136,False
"hansch, tw",Physics,29,15,151,False
"hansch, tw",Physics,30,10,161,False
"hansch, tw",Physics,31,19,180,False
"hansch, tw",Physics,32,16,196,False
"hansch, tw",Physics,33,14,210,False
"hansch, tw",Physics,34,18,228,True
"hansch, tw",Physics,35,23,251,False
"hansch, tw",Physics,36,10,261,False
"hansch, tw",Physics,37,13,274,False
"hansch, tw",Physics,38,20,294,False
"hansch, tw",Physics,39,15,309,False
"hansch, tw",Physics,40,19,328,False
"hansch, tw",Physics,41,13,341,False
"hansch, tw",Physics,42,10,351,False
"hansch, tw",Physics,43,20,371,False
"hansch, tw",Physics,44,20,391,False
"hansch, tw",Physics,45,17,408,False
"hansch, tw",Physics,46,12,420,False
"hansch, tw",Physics,47,17,437,False
"hansch, tw",Physics,48,7,444,False
"hansch, tw",Physics,49,11,455,False
"hansch, tw",Physics,50,10,465,False
"hansch, tw",Physics,51,9,474,False
"hansch, tw",Physics,52,1,475,False
"harden, a",Chemistry,0,1,1,False
"harden, a",Chemistry,1,1,2,False
"harden, a",Chemistry,4,3,5,True
"harden, a",Chemistry,6,1,6,False
"harden, a",Chemistry,8,2,8,False
"harden, a",Chemistry,10,2,10,False
"harden, a",Chemistry,17,2,12,False
"harden, a",Chemistry,26,1,13,False
"harden, a",Chemistry,34,1,14,False
"haroche, serge",Physics,0,4,4,False
"haroche, serge",Physics,1,4,8,False
"haroche, serge",Physics,2,1,9,False
"haroche, serge",Physics,3,1,10,False
"haroche, serge",Physics,4,3,13,False
"haroche, serge",Physics,5,1,14,False
"haroche, serge",Physics,6,2,16,False
"haroche, serge",Physics,7,1,17,False
"haroche, serge",Physics,8,1,18,False
"haroche, serge",Physics,9,5,23,False
"haroche, serge",Physics,10,1,24,False
"haroche, serge",Physics,11,4,28,False
"haroche, serge",Physics,12,2,30,False
"haroche, serge",Physics,13,8,38,False
"haroche, serge",Physics,14,5,43,False
"haroche, serge",Physics,15,2,45,False
"haroche, serge",Physics,16,1,46,False
"haroche, serge",Physics,17,3,49,False
"haroche, serge",Physics,18,4,53,False
"haroche, serge",Physics,19,2,55,False
"haroche, serge",Physics,20,1,56,False
"haroche, serge",Physics,21,1,57,False
"haroche, serge",Physics,22,2,59,False
"haroche, serge",Physics,23,5,64,False
"haroche, serge",Physics,24,7,71,False
"haroche, serge",Physics,25,3,74,False
"haroche, serge",Physics,26,5,79,False
"haroche, serge",Physics,27,9,88,True
"haroche, serge",Physics,28,6,94,False
"haroche, serge",Physics,29,7,101,False
"haroche, serge",Physics,30,3,104,False
"haroche, serge",Physics,31,4,108,False
"haroche, serge",Physics,32,5,113,False
"haroche, serge",Physics,33,4,117,False
"haroche, serge",Physics,34,4,121,False
"haroche, serge",Physics,35,1,122,False
"haroche, serge",Physics,36,6,128,False
"haroche, serge",Physics,37,1,129,False
"haroche, serge",Physics,38,3,132,False
"haroche, serge",Physics,39,6,138,False
"haroche, serge",Physics,40,5,143,False
"haroche, serge",Physics,41,2,145,False
"haroche, serge",Physics,42,1,146,False
"haroche, serge",Physics,43,4,150,False
"haroche, serge",Physics,44,6,156,False
"haroche, serge",Physics,45,5,161,False
"haroche, serge",Physics,46,2,163,False
"haroche, serge",Physics,47,2,165,False
"haroche, serge",Physics,48,1,166,False
"hartline, hk",Medicine,0,1,1,False
"hartline, hk",Medicine,3,1,2,False
"hartline, hk",Medicine,5,1,3,False
"hartline, hk",Medicine,7,2,5,False
"hartline, hk",Medicine,9,2,7,False
"hartline, hk",Medicine,10,1,8,False
"hartline, hk",Medicine,13,2,10,False
"hartline, hk",Medicine,15,3,13,False
"hartline, hk",Medicine,22,1,14,False
"hartline, hk",Medicine,27,1,15,True
"hartline, hk",Medicine,31,1,16,False
"hartline, hk",Medicine,32,1,17,False
"hartline, hk",Medicine,33,3,20,False
"hartline, hk",Medicine,34,3,23,False
"hartline, hk",Medicine,38,1,24,False
"hartline, hk",Medicine,42,1,25,False
"hartline, hk",Medicine,43,1,26,False
"hartline, hk",Medicine,44,1,27,False
"hartline, hk",Medicine,48,1,28,False
"hartline, hk",Medicine,49,2,30,False
"hartwell, lh",Medicine,0,1,1,False
"hartwell, lh",Medicine,2,1,2,False
"hartwell, lh",Medicine,3,1,3,False
"hartwell, lh",Medicine,4,2,5,False
"hartwell, lh",Medicine,7,1,6,False
"hartwell, lh",Medicine,8,1,7,False
"hartwell, lh",Medicine,9,4,11,False
"hartwell, lh",Medicine,10,4,15,True
"hartwell, lh",Medicine,12,4,19,False
"hartwell, lh",Medicine,13,2,21,False
"hartwell, lh",Medicine,15,2,23,False
"hartwell, lh",Medicine,16,2,25,False
"hartwell, lh",Medicine,17,1,26,False
"hartwell, lh",Medicine,19,1,27,False
"hartwell, lh",Medicine,21,1,28,False
"hartwell, lh",Medicine,22,3,31,False
"hartwell, lh",Medicine,24,3,34,False
"hartwell, lh",Medicine,25,3,37,False
"hartwell, lh",Medicine,26,3,40,False
"hartwell, lh",Medicine,27,3,43,False
"hartwell, lh",Medicine,28,3,46,False
"hartwell, lh",Medicine,29,3,49,False
"hartwell, lh",Medicine,30,3,52,False
"hartwell, lh",Medicine,31,3,55,False
"hartwell, lh",Medicine,32,1,56,False
"hartwell, lh",Medicine,33,3,59,False
"hartwell, lh",Medicine,34,3,62,False
"hartwell, lh",Medicine,35,1,63,False
"hartwell, lh",Medicine,36,5,68,False
"hartwell, lh",Medicine,37,3,71,False
"hartwell, lh",Medicine,38,1,72,False
"hartwell, lh",Medicine,40,1,73,False
"hartwell, lh",Medicine,41,1,74,False
"hartwell, lh",Medicine,42,1,75,False
"hartwell, lh",Medicine,43,1,76,False
"hartwell, lh",Medicine,56,1,77,False
"hassel, o",Chemistry,0,2,2,False
"hassel, o",Chemistry,2,1,3,False
"hassel, o",Chemistry,3,2,5,False
"hassel, o",Chemistry,4,1,6,False
"hassel, o",Chemistry,5,1,7,False
"hassel, o",Chemistry,7,3,10,False
"hassel, o",Chemistry,8,4,14,False
"hassel, o",Chemistry,17,1,15,False
"hassel, o",Chemistry,18,5,20,True
"hassel, o",Chemistry,19,1,21,False
"hassel, o",Chemistry,20,11,32,False
"hassel, o",Chemistry,21,19,51,False
"hassel, o",Chemistry,22,3,54,False
"hassel, o",Chemistry,23,4,58,False
"hassel, o",Chemistry,24,4,62,False
"hassel, o",Chemistry,25,5,67,False
"hassel, o",Chemistry,26,3,70,False
"hassel, o",Chemistry,27,4,74,False
"hassel, o",Chemistry,29,3,77,False
"hassel, o",Chemistry,30,2,79,False
"hassel, o",Chemistry,31,2,81,False
"hassel, o",Chemistry,32,4,85,False
"hassel, o",Chemistry,33,4,89,False
"hassel, o",Chemistry,34,1,90,False
"hassel, o",Chemistry,35,7,97,False
"hassel, o",Chemistry,36,5,102,False
"hassel, o",Chemistry,37,1,103,False
"hassel, o",Chemistry,38,2,105,False
"hassel, o",Chemistry,39,1,106,False
"hassel, o",Chemistry,41,2,108,False
"hauptman, h",Chemistry,0,4,4,False
"hauptman, h",Chemistry,1,2,6,False
"hauptman, h",Chemistry,2,1,7,False
"hauptman, h",Chemistry,3,2,9,False
"hauptman, h",Chemistry,6,2,11,True
"hauptman, h",Chemistry,7,2,13,False
"hauptman, h",Chemistry,8,2,15,False
"hauptman, h",Chemistry,9,3,18,False
"hauptman, h",Chemistry,10,2,20,False
"hauptman, h",Chemistry,11,1,21,False
"hauptman, h",Chemistry,12,1,22,False
"hauptman, h",Chemistry,13,1,23,False
"hauptman, h",Chemistry,14,2,25,False
"hauptman, h",Chemistry,16,2,27,False
"hauptman, h",Chemistry,19,2,29,False
"hauptman, h",Chemistry,20,2,31,False
"hauptman, h",Chemistry,21,3,34,False
"hauptman, h",Chemistry,22,10,44,False
"hauptman, h",Chemistry,25,3,47,False
"hauptman, h",Chemistry,26,4,51,False
"hauptman, h",Chemistry,27,3,54,False
"hauptman, h",Chemistry,28,3,57,False
"hauptman, h",Chemistry,29,3,60,False
"hauptman, h",Chemistry,30,3,63,False
"hauptman, h",Chemistry,31,1,64,False
"hauptman, h",Chemistry,32,3,67,False
"hauptman, h",Chemistry,34,2,69,False
"hauptman, h",Chemistry,35,2,71,False
"hauptman, h",Chemistry,36,2,73,False
"hauptman, h",Chemistry,38,1,74,False
"hauptman, h",Chemistry,39,4,78,False
"hauptman, h",Chemistry,40,1,79,False
"hauptman, h",Chemistry,41,4,83,False
"hauptman, h",Chemistry,43,4,87,False
"hauptman, h",Chemistry,44,3,90,False
"hauptman, h",Chemistry,45,4,94,False
"hauptman, h",Chemistry,46,3,97,False
"hauptman, h",Chemistry,47,4,101,False
"hauptman, h",Chemistry,48,2,103,False
"hauptman, h",Chemistry,49,1,104,False
"hauptman, h",Chemistry,50,5,109,False
"hauptman, h",Chemistry,52,4,113,False
"hauptman, h",Chemistry,53,2,115,False
"hauptman, h",Chemistry,54,1,116,False
"hauptman, h",Chemistry,55,3,119,False
"hauptman, h",Chemistry,56,1,120,False
"hausen, hz",Medicine,0,1,1,False
"hausen, hz",Medicine,2,2,3,False
"hausen, hz",Medicine,6,3,6,False
"hausen, hz",Medicine,8,2,8,False
"hausen, hz",Medicine,9,1,9,False
"hausen, hz",Medicine,10,4,13,False
"hausen, hz",Medicine,11,5,18,False
"hausen, hz",Medicine,12,1,19,False
"hausen, hz",Medicine,13,6,25,False
"hausen, hz",Medicine,14,9,34,False
"hausen, hz",Medicine,15,8,42,False
"hausen, hz",Medicine,16,11,53,False
"hausen, hz",Medicine,17,6,59,False
"hausen, hz",Medicine,18,6,65,False
"hausen, hz",Medicine,19,8,73,False
"hausen, hz",Medicine,20,6,79,True
"hausen, hz",Medicine,21,8,87,False
"hausen, hz",Medicine,22,10,97,False
"hausen, hz",Medicine,23,3,100,False
"hausen, hz",Medicine,24,6,106,False
"hausen, hz",Medicine,25,4,110,False
"hausen, hz",Medicine,26,5,115,False
"hausen, hz",Medicine,27,5,120,False
"hausen, hz",Medicine,28,5,125,False
"hausen, hz",Medicine,29,5,130,False
"hausen, hz",Medicine,30,5,135,False
"hausen, hz",Medicine,31,2,137,False
"hausen, hz",Medicine,32,4,141,False
"hausen, hz",Medicine,33,2,143,False
"hausen, hz",Medicine,34,2,145,False
"hausen, hz",Medicine,35,3,148,False
"hausen, hz",Medicine,36,3,151,False
"hausen, hz",Medicine,37,6,157,False
"hausen, hz",Medicine,38,4,161,False
"hausen, hz",Medicine,39,2,163,False
"hausen, hz",Medicine,40,5,168,False
"hausen, hz",Medicine,41,2,170,False
"hausen, hz",Medicine,42,4,174,False
"hausen, hz",Medicine,43,1,175,False
"hausen, hz",Medicine,44,3,178,False
"hausen, hz",Medicine,45,7,185,False
"hausen, hz",Medicine,46,2,187,False
"hausen, hz",Medicine,47,2,189,False
"hausen, hz",Medicine,48,3,192,False
"hausen, hz",Medicine,49,2,194,False
"hausen, hz",Medicine,50,6,200,False
"hausen, hz",Medicine,51,2,202,False
"hausen, hz",Medicine,52,1,203,False
"hausen, hz",Medicine,53,2,205,False
"haworth, w",Chemistry,0,2,2,False
"haworth, w",Chemistry,1,2,4,False
"haworth, w",Chemistry,2,1,5,False
"haworth, w",Chemistry,3,2,7,False
"haworth, w",Chemistry,4,1,8,False
"haworth, w",Chemistry,5,4,12,False
"haworth, w",Chemistry,6,2,14,False
"haworth, w",Chemistry,7,1,15,False
"haworth, w",Chemistry,8,1,16,False
"haworth, w",Chemistry,10,1,17,False
"haworth, w",Chemistry,11,1,18,False
"haworth, w",Chemistry,12,1,19,False
"haworth, w",Chemistry,13,1,20,False
"haworth, w",Chemistry,14,1,21,False
"haworth, w",Chemistry,15,4,25,False
"haworth, w",Chemistry,16,3,28,False
"haworth, w",Chemistry,17,1,29,False
"haworth, w",Chemistry,18,6,35,False
"haworth, w",Chemistry,19,14,49,False
"haworth, w",Chemistry,20,6,55,True
"haworth, w",Chemistry,21,4,59,False
"haworth, w",Chemistry,22,1,60,False
"haworth, w",Chemistry,23,11,71,False
"haworth, w",Chemistry,24,2,73,False
"haworth, w",Chemistry,25,2,75,False
"haworth, w",Chemistry,26,7,82,False
"haworth, w",Chemistry,27,3,85,False
"haworth, w",Chemistry,29,4,89,False
"haworth, w",Chemistry,30,2,91,False
"haworth, w",Chemistry,31,3,94,False
"haworth, w",Chemistry,35,1,95,False
"heck, r",Chemistry,0,3,3,False
"heck, r",Chemistry,1,1,4,False
"heck, r",Chemistry,2,2,6,False
"heck, r",Chemistry,3,1,7,False
"heck, r",Chemistry,4,8,15,False
"heck, r",Chemistry,5,5,20,False
"heck, r",Chemistry,6,1,21,False
"heck, r",Chemistry,7,1,22,False
"heck, r",Chemistry,9,9,31,True
"heck, r",Chemistry,10,2,33,False
"heck, r",Chemistry,12,1,34,False
"heck, r",Chemistry,13,5,39,False
"heck, r",Chemistry,15,4,43,False
"heck, r",Chemistry,16,6,49,False
"heck, r",Chemistry,17,5,54,False
"heck, r",Chemistry,18,4,58,False
"heck, r",Chemistry,19,13,71,False
"heck, r",Chemistry,20,8,79,False
"heck, r",Chemistry,21,4,83,False
"heck, r",Chemistry,22,5,88,False
"heck, r",Chemistry,23,6,94,False
"heck, r",Chemistry,24,3,97,False
"heck, r",Chemistry,25,2,99,False
"heck, r",Chemistry,26,1,100,False
"heck, r",Chemistry,27,1,101,False
"heck, r",Chemistry,28,5,106,False
"heck, r",Chemistry,29,2,108,False
"heck, r",Chemistry,30,1,109,False
"heck, r",Chemistry,31,3,112,False
"heck, r",Chemistry,32,1,113,False
"heck, r",Chemistry,51,2,115,False
"heeger, a",Chemistry,0,2,2,False
"heeger, a",Chemistry,1,2,4,False
"heeger, a",Chemistry,3,2,6,False
"heeger, a",Chemistry,4,3,9,False
"heeger, a",Chemistry,5,2,11,False
"heeger, a",Chemistry,6,1,12,False
"heeger, a",Chemistry,7,2,14,False
"heeger, a",Chemistry,8,1,15,False
"heeger, a",Chemistry,9,6,21,False
"heeger, a",Chemistry,10,7,28,False
"heeger, a",Chemistry,11,11,39,False
"heeger, a",Chemistry,12,14,53,False
"heeger, a",Chemistry,13,17,70,False
"heeger, a",Chemistry,14,23,93,True
"heeger, a",Chemistry,15,26,119,False
"heeger, a",Chemistry,16,24,143,False
"heeger, a",Chemistry,17,20,163,False
"heeger, a",Chemistry,18,18,181,False
"heeger, a",Chemistry,19,19,200,False
"heeger, a",Chemistry,20,19,219,False
"heeger, a",Chemistry,21,15,234,False
"heeger, a",Chemistry,22,19,253,False
"heeger, a",Chemistry,23,15,268,False
"heeger, a",Chemistry,24,34,302,False
"heeger, a",Chemistry,25,18,320,False
"heeger, a",Chemistry,26,36,356,False
"heeger, a",Chemistry,27,13,369,False
"heeger, a",Chemistry,28,21,390,False
"heeger, a",Chemistry,29,27,417,False
"heeger, a",Chemistry,30,47,464,False
"heeger, a",Chemistry,31,38,502,False
"heeger, a",Chemistry,32,39,541,False
"heeger, a",Chemistry,33,23,564,False
"heeger, a",Chemistry,34,41,605,False
"heeger, a",Chemistry,35,27,632,False
"heeger, a",Chemistry,36,29,661,False
"heeger, a",Chemistry,37,19,680,False
"heeger, a",Chemistry,38,26,706,False
"heeger, a",Chemistry,39,16,722,False
"heeger, a",Chemistry,40,25,747,False
"heeger, a",Chemistry,41,12,759,False
"heeger, a",Chemistry,42,17,776,False
"heeger, a",Chemistry,43,23,799,False
"heeger, a",Chemistry,44,22,821,False
"heeger, a",Chemistry,45,20,841,False
"heeger, a",Chemistry,46,22,863,False
"heeger, a",Chemistry,47,34,897,False
"heeger, a",Chemistry,48,35,932,False
"heeger, a",Chemistry,49,24,956,False
"heeger, a",Chemistry,50,30,986,False
"heeger, a",Chemistry,51,20,1006,False
"heeger, a",Chemistry,52,16,1022,False
"heeger, a",Chemistry,53,12,1034,False
"heeger, a",Chemistry,55,1,1035,False
"heisenberg, w",Physics,0,1,1,True
"hell, s",Chemistry,0,1,1,False
"hell, s",Chemistry,2,1,2,False
"hell, s",Chemistry,3,2,4,False
"hell, s",Chemistry,4,1,5,False
"hell, s",Chemistry,5,10,15,True
"hell, s",Chemistry,6,10,25,False
"hell, s",Chemistry,7,8,33,False
"hell, s",Chemistry,8,5,38,False
"hell, s",Chemistry,9,13,51,False
"hell, s",Chemistry,10,5,56,False
"hell, s",Chemistry,11,11,67,False
"hell, s",Chemistry,12,13,80,False
"hell, s",Chemistry,13,10,90,False
"hell, s",Chemistry,14,9,99,False
"hell, s",Chemistry,15,7,106,False
"hell, s",Chemistry,16,10,116,False
"hell, s",Chemistry,17,13,129,False
"hell, s",Chemistry,18,28,157,False
"hell, s",Chemistry,19,27,184,False
"hell, s",Chemistry,20,25,209,False
"hell, s",Chemistry,21,37,246,False
"hell, s",Chemistry,22,30,276,False
"hell, s",Chemistry,23,21,297,False
"hell, s",Chemistry,24,22,319,False
"hell, s",Chemistry,25,22,341,False
"hell, s",Chemistry,26,27,368,False
"hell, s",Chemistry,27,18,386,False
"hell, s",Chemistry,28,21,407,False
"hell, s",Chemistry,29,3,410,False
"hench, ps",Medicine,0,1,1,False
"hench, ps",Medicine,1,1,2,False
"hench, ps",Medicine,2,1,3,False
"hench, ps",Medicine,3,1,4,False
"hench, ps",Medicine,4,2,6,False
"hench, ps",Medicine,10,1,7,False
"hench, ps",Medicine,13,1,8,False
"hench, ps",Medicine,16,3,11,False
"hench, ps",Medicine,17,1,12,False
"hench, ps",Medicine,18,1,13,False
"hench, ps",Medicine,19,2,15,False
"hench, ps",Medicine,20,2,17,False
"hench, ps",Medicine,21,1,18,False
"hench, ps",Medicine,22,2,20,False
"hench, ps",Medicine,23,1,21,False
"hench, ps",Medicine,24,2,23,False
"hench, ps",Medicine,25,1,24,False
"hench, ps",Medicine,26,1,25,False
"hench, ps",Medicine,27,3,28,True
"hench, ps",Medicine,28,4,32,False
"hench, ps",Medicine,29,1,33,False
"hench, ps",Medicine,31,1,34,False
"hench, ps",Medicine,33,1,35,False
"hench, ps",Medicine,36,1,36,False
herschba.dr,Chemistry,0,2,2,False
herschba.dr,Chemistry,1,4,6,False
herschba.dr,Chemistry,2,1,7,False
herschba.dr,Chemistry,3,2,9,False
herschba.dr,Chemistry,4,2,11,False
herschba.dr,Chemistry,5,3,14,False
herschba.dr,Chemistry,6,3,17,False
herschba.dr,Chemistry,7,1,18,False
herschba.dr,Chemistry,8,5,23,False
herschba.dr,Chemistry,9,6,29,False
herschba.dr,Chemistry,10,3,32,False
herschba.dr,Chemistry,11,3,35,False
herschba.dr,Chemistry,12,3,38,False
herschba.dr,Chemistry,13,4,42,True
herschba.dr,Chemistry,14,5,47,False
herschba.dr,Chemistry,15,5,52,False
herschba.dr,Chemistry,16,5,57,False
herschba.dr,Chemistry,17,6,63,False
herschba.dr,Chemistry,18,8,71,False
herschba.dr,Chemistry,19,11,82,False
herschba.dr,Chemistry,20,5,87,False
herschba.dr,Chemistry,21,4,91,False
herschba.dr,Chemistry,22,2,93,False
herschba.dr,Chemistry,23,4,97,False
herschba.dr,Chemistry,24,1,98,False
herschba.dr,Chemistry,25,5,103,False
herschba.dr,Chemistry,26,7,110,False
herschba.dr,Chemistry,27,7,117,False
herschba.dr,Chemistry,28,3,120,False
herschba.dr,Chemistry,29,4,124,False
herschba.dr,Chemistry,30,10,134,False
herschba.dr,Chemistry,31,11,145,False
herschba.dr,Chemistry,32,6,151,False
herschba.dr,Chemistry,33,5,156,False
herschba.dr,Chemistry,34,5,161,False
herschba.dr,Chemistry,35,12,173,False
herschba.dr,Chemistry,36,10,183,False
herschba.dr,Chemistry,37,8,191,False
herschba.dr,Chemistry,38,11,202,False
herschba.dr,Chemistry,39,7,209,False
herschba.dr,Chemistry,40,5,214,False
herschba.dr,Chemistry,41,4,218,False
herschba.dr,Chemistry,42,1,219,False
herschba.dr,Chemistry,43,8,227,False
herschba.dr,Chemistry,44,5,232,False
herschba.dr,Chemistry,45,4,236,False
herschba.dr,Chemistry,46,2,238,False
herschba.dr,Chemistry,47,5,243,False
herschba.dr,Chemistry,48,4,247,False
herschba.dr,Chemistry,49,3,250,False
herschba.dr,Chemistry,50,3,253,False
herschba.dr,Chemistry,51,1,254,False
herschba.dr,Chemistry,52,2,256,False
herschba.dr,Chemistry,53,2,258,False
herschba.dr,Chemistry,54,2,260,False
herschba.dr,Chemistry,55,2,262,False
herschba.dr,Chemistry,56,3,265,False
herschba.dr,Chemistry,57,5,270,False
herschba.dr,Chemistry,58,4,274,False
herschba.dr,Chemistry,60,3,277,False
"hershey, ad",Medicine,0,1,1,False
"hershey, ad",Medicine,1,1,2,False
"hershey, ad",Medicine,6,1,3,False
"hershey, ad",Medicine,7,1,4,False
"hershey, ad",Medicine,10,2,6,False
"hershey, ad",Medicine,11,1,7,True
"hershey, ad",Medicine,12,3,10,False
"hershey, ad",Medicine,13,1,11,False
"hershey, ad",Medicine,14,1,12,False
"hershey, ad",Medicine,15,1,13,False
"hershey, ad",Medicine,16,1,14,False
"hershey, ad",Medicine,17,2,16,False
"hershey, ad",Medicine,18,1,17,False
"hershey, ad",Medicine,19,3,20,False
"hershey, ad",Medicine,20,2,22,False
"hershey, ad",Medicine,21,2,24,False
"hershey, ad",Medicine,22,3,27,False
"hershey, ad",Medicine,24,3,30,False
"hershey, ad",Medicine,25,1,31,False
"hershey, ad",Medicine,27,1,32,False
"hershey, ad",Medicine,29,1,33,False
"hershko, a",Chemistry,0,1,1,False
"hershko, a",Chemistry,2,1,2,False
"hershko, a",Chemistry,3,1,3,False
"hershko, a",Chemistry,6,1,4,False
"hershko, a",Chemistry,8,1,5,False
"hershko, a",Chemistry,11,1,6,False
"hershko, a",Chemistry,12,1,7,False
"hershko, a",Chemistry,13,3,10,False
"hershko, a",Chemistry,14,3,13,False
"hershko, a",Chemistry,17,2,15,False
"hershko, a",Chemistry,18,1,16,False
"hershko, a",Chemistry,19,2,18,True
"hershko, a",Chemistry,20,1,19,False
"hershko, a",Chemistry,21,1,20,False
"hershko, a",Chemistry,22,1,21,False
"hershko, a",Chemistry,23,3,24,False
"hershko, a",Chemistry,24,1,25,False
"hershko, a",Chemistry,26,2,27,False
"hershko, a",Chemistry,28,1,28,False
"hershko, a",Chemistry,30,1,29,False
"hershko, a",Chemistry,31,1,30,False
"hershko, a",Chemistry,34,2,32,False
"hershko, a",Chemistry,35,2,34,False
"hershko, a",Chemistry,36,3,37,False
"hershko, a",Chemistry,37,2,39,False
"hershko, a",Chemistry,38,5,44,False
"hershko, a",Chemistry,39,2,46,False
"hershko, a",Chemistry,40,1,47,False
"hershko, a",Chemistry,41,3,50,False
"hershko, a",Chemistry,42,2,52,False
"hershko, a",Chemistry,43,2,54,False
"hershko, a",Chemistry,44,3,57,False
"hershko, a",Chemistry,45,3,60,False
"hershko, a",Chemistry,46,1,61,False
"hershko, a",Chemistry,47,2,63,False
"hershko, a",Chemistry,48,2,65,False
"hershko, a",Chemistry,49,3,68,False
"hershko, a",Chemistry,50,2,70,False
"hershko, a",Chemistry,51,1,71,False
"hershko, a",Chemistry,52,1,72,False
"hershko, a",Chemistry,53,2,74,False
"hershko, a",Chemistry,54,2,76,False
"hershko, a",Chemistry,55,1,77,False
"hershko, a",Chemistry,56,1,78,False
"herzberg, g.",Chemistry,0,2,2,False
"herzberg, g.",Chemistry,1,7,9,False
"herzberg, g.",Chemistry,2,4,13,False
"herzberg, g.",Chemistry,3,5,18,False
"herzberg, g.",Chemistry,4,1,19,False
"herzberg, g.",Chemistry,5,5,24,False
"herzberg, g.",Chemistry,6,3,27,False
"herzberg, g.",Chemistry,7,7,34,False
"herzberg, g.",Chemistry,8,1,35,False
"herzberg, g.",Chemistry,9,2,37,False
"herzberg, g.",Chemistry,10,4,41,False
"herzberg, g.",Chemistry,11,1,42,False
"herzberg, g.",Chemistry,12,1,43,False
"herzberg, g.",Chemistry,13,3,46,False
"herzberg, g.",Chemistry,14,1,47,False
"herzberg, g.",Chemistry,15,2,49,False
"herzberg, g.",Chemistry,19,2,51,False
"herzberg, g.",Chemistry,20,2,53,False
"herzberg, g.",Chemistry,21,2,55,False
"herzberg, g.",Chemistry,22,3,58,False
"herzberg, g.",Chemistry,23,5,63,False
"herzberg, g.",Chemistry,24,4,67,False
"herzberg, g.",Chemistry,25,4,71,False
"herzberg, g.",Chemistry,26,4,75,False
"herzberg, g.",Chemistry,27,1,76,False
"herzberg, g.",Chemistry,28,3,79,False
"herzberg, g.",Chemistry,29,5,84,True
"herzberg, g.",Chemistry,30,3,87,False
"herzberg, g.",Chemistry,31,1,88,False
"herzberg, g.",Chemistry,32,3,91,False
"herzberg, g.",Chemistry,33,1,92,False
"herzberg, g.",Chemistry,34,3,95,False
"herzberg, g.",Chemistry,36,3,98,False
"herzberg, g.",Chemistry,37,4,102,False
"herzberg, g.",Chemistry,38,1,103,False
"herzberg, g.",Chemistry,39,1,104,False
"herzberg, g.",Chemistry,40,3,107,False
"herzberg, g.",Chemistry,41,1,108,False
"herzberg, g.",Chemistry,42,4,112,False
"herzberg, g.",Chemistry,43,3,115,False
"herzberg, g.",Chemistry,44,2,117,False
"herzberg, g.",Chemistry,45,4,121,False
"herzberg, g.",Chemistry,46,1,122,False
"herzberg, g.",Chemistry,47,2,124,False
"herzberg, g.",Chemistry,49,1,125,False
"herzberg, g.",Chemistry,51,1,126,False
"herzberg, g.",Chemistry,52,1,127,False
"herzberg, g.",Chemistry,53,4,131,False
"herzberg, g.",Chemistry,54,4,135,False
"herzberg, g.",Chemistry,55,2,137,False
"herzberg, g.",Chemistry,56,1,138,False
"herzberg, g.",Chemistry,57,2,140,False
"herzberg, g.",Chemistry,58,2,142,False
"herzberg, g.",Chemistry,59,2,144,False
"hess, wr",Medicine,0,1,1,True
"hess, wr",Medicine,6,1,2,False
"hess, wr",Medicine,15,1,3,False
"hess, wr",Medicine,16,1,4,False
"hess, wr",Medicine,19,1,5,False
"hevesy, g",Chemistry,0,1,1,True
"hevesy, g",Chemistry,11,1,2,False
"hevesy, g",Chemistry,12,1,3,False
"hevesy, g",Chemistry,14,3,6,False
"hevesy, g",Chemistry,15,3,9,False
"hevesy, g",Chemistry,16,2,11,False
"hevesy, g",Chemistry,17,1,12,False
"hevesy, g",Chemistry,22,3,15,False
"hevesy, g",Chemistry,23,2,17,False
"hevesy, g",Chemistry,25,2,19,False
"hevesy, g",Chemistry,26,2,21,False
"hevesy, g",Chemistry,28,4,25,False
"hevesy, g",Chemistry,31,2,27,False
"hevesy, g",Chemistry,32,2,29,False
"hevesy, g",Chemistry,33,1,30,False
"hevesy, g",Chemistry,34,1,31,False
"hevesy, g",Chemistry,38,1,32,False
"hevesy, g",Chemistry,41,1,33,False
"hewish, a",Physics,0,2,2,False
"hewish, a",Physics,1,1,3,False
"hewish, a",Physics,2,1,4,False
"hewish, a",Physics,5,1,5,False
"hewish, a",Physics,8,1,6,False
"hewish, a",Physics,10,1,7,False
"hewish, a",Physics,11,2,9,False
"hewish, a",Physics,13,1,10,False
"hewish, a",Physics,14,2,12,False
"hewish, a",Physics,15,1,13,False
"hewish, a",Physics,16,1,14,False
"hewish, a",Physics,17,2,16,False
"hewish, a",Physics,18,3,19,True
"hewish, a",Physics,19,2,21,False
"hewish, a",Physics,20,1,22,False
"hewish, a",Physics,21,1,23,False
"hewish, a",Physics,22,2,25,False
"hewish, a",Physics,24,2,27,False
"hewish, a",Physics,25,3,30,False
"hewish, a",Physics,26,1,31,False
"hewish, a",Physics,28,1,32,False
"hewish, a",Physics,30,1,33,False
"hewish, a",Physics,31,1,34,False
"hewish, a",Physics,32,1,35,False
"hewish, a",Physics,33,1,36,False
"hewish, a",Physics,34,1,37,False
"hewish, a",Physics,35,2,39,False
"hewish, a",Physics,36,2,41,False
"hewish, a",Physics,37,4,45,False
"hewish, a",Physics,38,2,47,False
"hewish, a",Physics,39,1,48,False
"hewish, a",Physics,40,1,49,False
"hewish, a",Physics,41,1,50,False
"hewish, a",Physics,42,1,51,False
"hewish, a",Physics,44,1,52,False
"hewish, a",Physics,46,1,53,False
"heymans, c",Medicine,0,1,1,False
"heymans, c",Medicine,2,1,2,False
"heymans, c",Medicine,3,1,3,True
"heymans, c",Medicine,5,1,4,False
"heymans, c",Medicine,7,1,5,False
"heymans, c",Medicine,8,1,6,False
"heymans, c",Medicine,9,1,7,False
"heymans, c",Medicine,10,3,10,False
"heymans, c",Medicine,11,1,11,False
"heymans, c",Medicine,18,2,13,False
"heymans, c",Medicine,19,2,15,False
"heymans, c",Medicine,20,1,16,False
"heymans, c",Medicine,21,2,18,False
"heymans, c",Medicine,22,1,19,False
"heymans, c",Medicine,23,4,23,False
"heymans, c",Medicine,24,2,25,False
"heymans, c",Medicine,25,2,27,False
"heymans, c",Medicine,27,1,28,False
"heymans, c",Medicine,29,1,29,False
"heymans, c",Medicine,31,1,30,False
"heymans, c",Medicine,32,1,31,False
"heymans, c",Medicine,33,1,32,False
"heymans, c",Medicine,35,1,33,False
"heymans, c",Medicine,39,1,34,False
"heyrovsky, j",Chemistry,0,1,1,True
"higgs, pw",Physics,0,1,1,False
"higgs, pw",Physics,2,2,3,False
"higgs, pw",Physics,4,2,5,False
"higgs, pw",Physics,7,1,6,False
"higgs, pw",Physics,8,1,7,False
"higgs, pw",Physics,13,2,9,True
"higgs, pw",Physics,15,1,10,False
"higgs, pw",Physics,28,1,11,False
"higgs, pw",Physics,56,1,12,False
"hill, av",Medicine,0,2,2,True
"hill, av",Medicine,1,3,5,False
"hill, av",Medicine,2,1,6,False
"hill, av",Medicine,3,4,10,False
"hill, av",Medicine,4,1,11,False
"hill, av",Medicine,10,1,12,False
"hill, av",Medicine,11,5,17,False
"hill, av",Medicine,12,4,21,False
"hill, av",Medicine,13,2,23,False
"hill, av",Medicine,14,5,28,False
"hill, av",Medicine,15,3,31,False
"hill, av",Medicine,16,6,37,False
"hill, av",Medicine,17,3,40,False
"hill, av",Medicine,18,8,48,False
"hill, av",Medicine,19,4,52,False
"hill, av",Medicine,20,5,57,False
"hill, av",Medicine,21,4,61,False
"hill, av",Medicine,22,2,63,False
"hill, av",Medicine,23,4,67,False
"hill, av",Medicine,24,8,75,False
"hill, av",Medicine,25,5,80,False
"hill, av",Medicine,26,3,83,False
"hill, av",Medicine,27,1,84,False
"hill, av",Medicine,28,1,85,False
"hill, av",Medicine,29,2,87,False
"hill, av",Medicine,30,1,88,False
"hill, av",Medicine,38,4,92,False
"hill, av",Medicine,39,10,102,False
"hill, av",Medicine,40,6,108,False
"hill, av",Medicine,41,7,115,False
"hill, av",Medicine,42,1,116,False
"hill, av",Medicine,43,6,122,False
"hill, av",Medicine,44,1,123,False
"hill, av",Medicine,45,1,124,False
"hill, av",Medicine,46,2,126,False
"hill, av",Medicine,47,2,128,False
"hill, av",Medicine,48,4,132,False
"hill, av",Medicine,49,2,134,False
"hill, av",Medicine,50,1,135,False
"hill, av",Medicine,51,1,136,False
"hill, av",Medicine,52,1,137,False
"hill, av",Medicine,54,4,141,False
"hill, av",Medicine,58,1,142,False
"hill, av",Medicine,60,1,143,False
"hinshelwood, c",Chemistry,0,1,1,True
"hinshelwood, c",Chemistry,4,1,2,False
"hinshelwood, c",Chemistry,8,2,4,False
"hitchings, gh",Medicine,0,1,1,False
"hitchings, gh",Medicine,1,1,2,False
"hitchings, gh",Medicine,2,2,4,False
"hitchings, gh",Medicine,3,2,6,False
"hitchings, gh",Medicine,5,12,18,False
"hitchings, gh",Medicine,6,4,22,False
"hitchings, gh",Medicine,7,10,32,False
"hitchings, gh",Medicine,8,9,41,True
"hitchings, gh",Medicine,9,2,43,False
"hitchings, gh",Medicine,10,6,49,False
"hitchings, gh",Medicine,11,3,52,False
"hitchings, gh",Medicine,12,8,60,False
"hitchings, gh",Medicine,13,1,61,False
"hitchings, gh",Medicine,14,2,63,False
"hitchings, gh",Medicine,15,4,67,False
"hitchings, gh",Medicine,16,1,68,False
"hitchings, gh",Medicine,17,6,74,False
"hitchings, gh",Medicine,18,1,75,False
"hitchings, gh",Medicine,19,2,77,False
"hitchings, gh",Medicine,20,2,79,False
"hitchings, gh",Medicine,21,2,81,False
"hitchings, gh",Medicine,22,3,84,False
"hitchings, gh",Medicine,24,4,88,False
"hitchings, gh",Medicine,25,1,89,False
"hitchings, gh",Medicine,27,1,90,False
"hitchings, gh",Medicine,28,1,91,False
"hitchings, gh",Medicine,29,1,92,False
"hitchings, gh",Medicine,30,2,94,False
"hitchings, gh",Medicine,31,1,95,False
"hitchings, gh",Medicine,36,1,96,False
"hitchings, gh",Medicine,38,2,98,False
"hitchings, gh",Medicine,43,1,99,False
"hitchings, gh",Medicine,45,3,102,False
"hitchings, gh",Medicine,47,2,104,False
"hodgkin, al",Medicine,0,2,2,False
"hodgkin, al",Medicine,1,1,3,False
"hodgkin, al",Medicine,2,3,6,False
"hodgkin, al",Medicine,8,1,7,False
"hodgkin, al",Medicine,9,2,9,False
"hodgkin, al",Medicine,10,3,12,False
"hodgkin, al",Medicine,11,1,13,False
"hodgkin, al",Medicine,12,2,15,False
"hodgkin, al",Medicine,13,2,17,False
"hodgkin, al",Medicine,14,1,18,False
"hodgkin, al",Medicine,15,7,25,True
"hodgkin, al",Medicine,16,2,27,False
"hodgkin, al",Medicine,17,1,28,False
"hodgkin, al",Medicine,18,2,30,False
"hodgkin, al",Medicine,19,2,32,False
"hodgkin, al",Medicine,20,2,34,False
"hodgkin, al",Medicine,21,1,35,False
"hodgkin, al",Medicine,22,2,37,False
"hodgkin, al",Medicine,23,5,42,False
"hodgkin, al",Medicine,24,1,43,False
"hodgkin, al",Medicine,25,2,45,False
"hodgkin, al",Medicine,27,5,50,False
"hodgkin, al",Medicine,28,3,53,False
"hodgkin, al",Medicine,29,1,54,False
"hodgkin, al",Medicine,32,3,57,False
"hodgkin, al",Medicine,33,3,60,False
"hodgkin, al",Medicine,34,1,61,False
"hodgkin, al",Medicine,35,2,63,False
"hodgkin, al",Medicine,36,1,64,False
"hodgkin, al",Medicine,37,3,67,False
"hodgkin, al",Medicine,38,2,69,False
"hodgkin, al",Medicine,39,1,70,False
"hodgkin, al",Medicine,40,1,71,False
"hodgkin, al",Medicine,41,1,72,False
"hodgkin, al",Medicine,42,1,73,False
"hodgkin, al",Medicine,43,1,74,False
"hodgkin, al",Medicine,44,1,75,False
"hodgkin, al",Medicine,47,1,76,False
"hodgkin, al",Medicine,48,1,77,False
"hodgkin, al",Medicine,50,2,79,False
"hodgkin, al",Medicine,51,1,80,False
"hodgkin, al",Medicine,53,1,81,False
"hodgkin, d",Chemistry,0,3,3,False
"hodgkin, d",Chemistry,4,1,4,False
"hodgkin, d",Chemistry,5,1,5,False
"hodgkin, d",Chemistry,6,1,6,True
"hodgkin, d",Chemistry,9,1,7,False
"hodgkin, d",Chemistry,10,1,8,False
"hodgkin, d",Chemistry,11,1,9,False
"hodgkin, d",Chemistry,12,1,10,False
"hodgkin, d",Chemistry,14,1,11,False
"hodgkin, d",Chemistry,15,2,13,False
"hodgkin, d",Chemistry,16,2,15,False
"hodgkin, d",Chemistry,17,1,16,False
"hodgkin, d",Chemistry,19,1,17,False
"hodgkin, d",Chemistry,20,1,18,False
"hodgkin, d",Chemistry,21,5,23,False
"hodgkin, d",Chemistry,22,5,28,False
"hodgkin, d",Chemistry,24,4,32,False
"hodgkin, d",Chemistry,25,2,34,False
"hodgkin, d",Chemistry,26,2,36,False
"hodgkin, d",Chemistry,29,1,37,False
"hodgkin, d",Chemistry,31,3,40,False
"hodgkin, d",Chemistry,33,1,41,False
"hodgkin, d",Chemistry,38,1,42,False
"hoffmann, ja",Medicine,0,1,1,False
"hoffmann, ja",Medicine,1,2,3,False
"hoffmann, ja",Medicine,3,1,4,False
"hoffmann, ja",Medicine,4,4,8,False
"hoffmann, ja",Medicine,5,5,13,False
"hoffmann, ja",Medicine,6,3,16,False
"hoffmann, ja",Medicine,7,2,18,False
"hoffmann, ja",Medicine,8,4,22,False
"hoffmann, ja",Medicine,9,2,24,False
"hoffmann, ja",Medicine,10,3,27,False
"hoffmann, ja",Medicine,11,3,30,False
"hoffmann, ja",Medicine,12,3,33,False
"hoffmann, ja",Medicine,13,3,36,False
"hoffmann, ja",Medicine,14,5,41,False
"hoffmann, ja",Medicine,15,1,42,False
"hoffmann, ja",Medicine,16,2,44,False
"hoffmann, ja",Medicine,17,5,49,False
"hoffmann, ja",Medicine,18,5,54,False
"hoffmann, ja",Medicine,19,5,59,False
"hoffmann, ja",Medicine,20,6,65,False
"hoffmann, ja",Medicine,21,5,70,False
"hoffmann, ja",Medicine,22,4,74,False
"hoffmann, ja",Medicine,23,4,78,False
"hoffmann, ja",Medicine,24,3,81,False
"hoffmann, ja",Medicine,25,2,83,False
"hoffmann, ja",Medicine,26,7,90,False
"hoffmann, ja",Medicine,27,11,101,True
"hoffmann, ja",Medicine,28,6,107,False
"hoffmann, ja",Medicine,29,7,114,False
"hoffmann, ja",Medicine,30,6,120,False
"hoffmann, ja",Medicine,31,10,130,False
"hoffmann, ja",Medicine,32,7,137,False
"hoffmann, ja",Medicine,33,10,147,False
"hoffmann, ja",Medicine,34,7,154,False
"hoffmann, ja",Medicine,35,4,158,False
"hoffmann, ja",Medicine,36,4,162,False
"hoffmann, ja",Medicine,37,6,168,False
"hoffmann, ja",Medicine,38,5,173,False
"hoffmann, ja",Medicine,39,3,176,False
"hoffmann, ja",Medicine,40,3,179,False
"hoffmann, ja",Medicine,41,2,181,False
"hoffmann, ja",Medicine,42,2,183,False
"hoffmann, ja",Medicine,43,2,185,False
"hoffmann, ja",Medicine,44,2,187,False
"hoffmann, ja",Medicine,45,4,191,False
"hoffmann, ja",Medicine,47,2,193,False
"hoffmann, r",Chemistry,0,1,1,False
"hoffmann, r",Chemistry,4,5,6,False
"hoffmann, r",Chemistry,5,2,8,True
"hoffmann, r",Chemistry,6,5,13,False
"hoffmann, r",Chemistry,7,6,19,False
"hoffmann, r",Chemistry,8,3,22,False
"hoffmann, r",Chemistry,10,10,32,False
"hoffmann, r",Chemistry,11,4,36,False
"hoffmann, r",Chemistry,12,17,53,False
"hoffmann, r",Chemistry,13,14,67,False
"hoffmann, r",Chemistry,14,31,98,False
"hoffmann, r",Chemistry,15,10,108,False
"hoffmann, r",Chemistry,16,9,117,False
"hoffmann, r",Chemistry,17,10,127,False
"hoffmann, r",Chemistry,18,12,139,False
"hoffmann, r",Chemistry,19,8,147,False
"hoffmann, r",Chemistry,20,23,170,False
"hoffmann, r",Chemistry,21,14,184,False
"hoffmann, r",Chemistry,22,21,205,False
"hoffmann, r",Chemistry,23,18,223,False
"hoffmann, r",Chemistry,24,17,240,False
"hoffmann, r",Chemistry,25,15,255,False
"hoffmann, r",Chemistry,26,20,275,False
"hoffmann, r",Chemistry,27,20,295,False
"hoffmann, r",Chemistry,28,37,332,False
"hoffmann, r",Chemistry,29,18,350,False
"hoffmann, r",Chemistry,30,23,373,False
"hoffmann, r",Chemistry,31,21,394,False
"hoffmann, r",Chemistry,32,26,420,False
"hoffmann, r",Chemistry,33,18,438,False
"hoffmann, r",Chemistry,34,12,450,False
"hoffmann, r",Chemistry,35,22,472,False
"hoffmann, r",Chemistry,36,10,482,False
"hoffmann, r",Chemistry,37,8,490,False
"hoffmann, r",Chemistry,38,17,507,False
"hoffmann, r",Chemistry,39,13,520,False
"hoffmann, r",Chemistry,40,19,539,False
"hoffmann, r",Chemistry,41,16,555,False
"hoffmann, r",Chemistry,42,11,566,False
"hoffmann, r",Chemistry,43,22,588,False
"hoffmann, r",Chemistry,44,11,599,False
"hoffmann, r",Chemistry,45,19,618,False
"hoffmann, r",Chemistry,46,15,633,False
"hoffmann, r",Chemistry,47,7,640,False
"hoffmann, r",Chemistry,48,11,651,False
"hoffmann, r",Chemistry,49,19,670,False
"hoffmann, r",Chemistry,50,11,681,False
"hoffmann, r",Chemistry,51,15,696,False
"hoffmann, r",Chemistry,52,31,727,False
"hoffmann, r",Chemistry,53,12,739,False
"hoffmann, r",Chemistry,54,21,760,False
"hoffmann, r",Chemistry,55,21,781,False
"hoffmann, r",Chemistry,56,13,794,False
"hoffmann, r",Chemistry,57,12,806,False
"hoffmann, r",Chemistry,58,13,819,False
"hoffmann, r",Chemistry,59,18,837,False
"hoffmann, r",Chemistry,60,2,839,False
"hofstadter, r",Physics,0,5,5,False
"hofstadter, r",Physics,1,3,8,False
"hofstadter, r",Physics,2,1,9,False
"hofstadter, r",Physics,3,1,10,False
"hofstadter, r",Physics,9,1,11,False
"hofstadter, r",Physics,10,2,13,False
"hofstadter, r",Physics,11,2,15,True
"hofstadter, r",Physics,12,7,22,False
"hofstadter, r",Physics,13,3,25,False
"hofstadter, r",Physics,14,2,27,False
"hofstadter, r",Physics,15,3,30,False
"hofstadter, r",Physics,16,1,31,False
"hofstadter, r",Physics,17,4,35,False
"hofstadter, r",Physics,18,5,40,False
"hofstadter, r",Physics,19,2,42,False
"hofstadter, r",Physics,20,5,47,False
"hofstadter, r",Physics,21,2,49,False
"hofstadter, r",Physics,22,2,51,False
"hofstadter, r",Physics,23,3,54,False
"hofstadter, r",Physics,24,2,56,False
"hofstadter, r",Physics,25,3,59,False
"hofstadter, r",Physics,26,4,63,False
"hofstadter, r",Physics,27,5,68,False
"hofstadter, r",Physics,28,2,70,False
"hofstadter, r",Physics,29,3,73,False
"hofstadter, r",Physics,30,6,79,False
"hofstadter, r",Physics,31,4,83,False
"hofstadter, r",Physics,32,4,87,False
"hofstadter, r",Physics,33,1,88,False
"hofstadter, r",Physics,34,3,91,False
"hofstadter, r",Physics,36,1,92,False
"hofstadter, r",Physics,37,5,97,False
"hofstadter, r",Physics,38,3,100,False
"hofstadter, r",Physics,39,5,105,False
"hofstadter, r",Physics,40,3,108,False
"hofstadter, r",Physics,41,5,113,False
"hofstadter, r",Physics,42,5,118,False
"hofstadter, r",Physics,43,1,119,False
"hofstadter, r",Physics,44,8,127,False
"hofstadter, r",Physics,45,3,130,False
"hofstadter, r",Physics,46,5,135,False
"hofstadter, r",Physics,47,4,139,False
"hofstadter, r",Physics,48,9,148,False
"hofstadter, r",Physics,49,10,158,False
"hofstadter, r",Physics,50,7,165,False
"hofstadter, r",Physics,51,5,170,False
"hofstadter, r",Physics,52,7,177,False
"hofstadter, r",Physics,53,4,181,False
"hofstadter, r",Physics,54,3,184,False
"holley, rw",Medicine,0,1,1,False
"holley, rw",Medicine,5,1,2,False
"holley, rw",Medicine,6,3,5,False
"holley, rw",Medicine,7,2,7,False
"holley, rw",Medicine,8,1,8,False
"holley, rw",Medicine,9,2,10,False
"holley, rw",Medicine,10,4,14,False
"holley, rw",Medicine,11,1,15,False
"holley, rw",Medicine,12,4,19,False
"holley, rw",Medicine,13,3,22,False
"holley, rw",Medicine,15,4,26,False
"holley, rw",Medicine,17,2,28,False
"holley, rw",Medicine,18,2,30,False
"holley, rw",Medicine,19,3,33,False
"holley, rw",Medicine,20,1,34,False
"holley, rw",Medicine,21,2,36,False
"holley, rw",Medicine,22,2,38,False
"holley, rw",Medicine,23,6,44,True
"holley, rw",Medicine,25,3,47,False
"holley, rw",Medicine,26,1,48,False
"holley, rw",Medicine,27,1,49,False
"holley, rw",Medicine,28,2,51,False
"holley, rw",Medicine,29,1,52,False
"holley, rw",Medicine,30,4,56,False
"holley, rw",Medicine,32,2,58,False
"holley, rw",Medicine,33,1,59,False
"holley, rw",Medicine,34,1,60,False
"holley, rw",Medicine,35,1,61,False
"holley, rw",Medicine,36,3,64,False
"holley, rw",Medicine,37,2,66,False
"holley, rw",Medicine,38,2,68,False
"holley, rw",Medicine,40,1,69,False
"holley, rw",Medicine,41,3,72,False
"holley, rw",Medicine,42,2,74,False
"holley, rw",Medicine,43,1,75,False
"holley, rw",Medicine,45,1,76,False
"holley, rw",Medicine,46,1,77,False
"holley, rw",Medicine,47,1,78,False
"hopkins, fg",Medicine,0,1,1,False
"hopkins, fg",Medicine,2,1,2,False
"hopkins, fg",Medicine,3,1,3,False
"hopkins, fg",Medicine,4,1,4,False
"hopkins, fg",Medicine,5,3,7,False
"hopkins, fg",Medicine,6,1,8,False
"hopkins, fg",Medicine,7,1,9,False
"hopkins, fg",Medicine,8,1,10,False
"hopkins, fg",Medicine,10,1,11,False
"hopkins, fg",Medicine,13,1,12,False
"hopkins, fg",Medicine,14,1,13,False
"hopkins, fg",Medicine,18,2,15,False
"hopkins, fg",Medicine,19,1,16,True
"hopkins, fg",Medicine,50,1,17,False
"hopkins, fg",Medicine,52,1,18,False
"horvitz, hr",Medicine,0,1,1,False
"horvitz, hr",Medicine,4,1,2,False
"horvitz, hr",Medicine,6,1,3,False
"horvitz, hr",Medicine,8,3,6,False
"horvitz, hr",Medicine,9,3,9,False
"horvitz, hr",Medicine,10,2,11,False
"horvitz, hr",Medicine,11,2,13,False
"horvitz, hr",Medicine,13,2,15,True
"horvitz, hr",Medicine,14,3,18,False
"horvitz, hr",Medicine,15,3,21,False
"horvitz, hr",Medicine,16,2,23,False
"horvitz, hr",Medicine,17,8,31,False
"horvitz, hr",Medicine,18,8,39,False
"horvitz, hr",Medicine,19,8,47,False
"horvitz, hr",Medicine,20,8,55,False
"horvitz, hr",Medicine,21,11,66,False
"horvitz, hr",Medicine,22,9,75,False
"horvitz, hr",Medicine,23,8,83,False
"horvitz, hr",Medicine,24,5,88,False
"horvitz, hr",Medicine,25,9,97,False
"horvitz, hr",Medicine,26,4,101,False
"horvitz, hr",Medicine,27,11,112,False
"horvitz, hr",Medicine,28,5,117,False
"horvitz, hr",Medicine,29,6,123,False
"horvitz, hr",Medicine,30,6,129,False
"horvitz, hr",Medicine,31,4,133,False
"horvitz, hr",Medicine,32,8,141,False
"horvitz, hr",Medicine,33,5,146,False
"horvitz, hr",Medicine,34,5,151,False
"horvitz, hr",Medicine,35,3,154,False
"horvitz, hr",Medicine,36,9,163,False
"horvitz, hr",Medicine,37,3,166,False
"horvitz, hr",Medicine,38,8,174,False
"horvitz, hr",Medicine,39,9,183,False
"horvitz, hr",Medicine,40,4,187,False
"horvitz, hr",Medicine,41,3,190,False
"horvitz, hr",Medicine,42,4,194,False
"horvitz, hr",Medicine,43,2,196,False
"horvitz, hr",Medicine,44,3,199,False
"hounsfield, gn",Medicine,0,1,1,True
"hounsfield, gn",Medicine,3,1,2,False
"hounsfield, gn",Medicine,4,1,3,False
"hounsfield, gn",Medicine,7,3,6,False
"hounsfield, gn",Medicine,12,1,7,False
"houssay, ba",Medicine,0,1,1,False
"houssay, ba",Medicine,1,2,3,False
"houssay, ba",Medicine,6,3,6,False
"houssay, ba",Medicine,7,1,7,False
"houssay, ba",Medicine,9,1,8,False
"houssay, ba",Medicine,11,6,14,False
"houssay, ba",Medicine,12,1,15,False
"houssay, ba",Medicine,16,2,17,False
"houssay, ba",Medicine,17,5,22,True
"houssay, ba",Medicine,19,2,24,False
"houssay, ba",Medicine,20,1,25,False
"houssay, ba",Medicine,21,1,26,False
"houssay, ba",Medicine,22,1,27,False
"houssay, ba",Medicine,24,2,29,False
"houssay, ba",Medicine,25,1,30,False
"houssay, ba",Medicine,26,1,31,False
"houssay, ba",Medicine,28,1,32,False
"houssay, ba",Medicine,29,2,34,False
"houssay, ba",Medicine,30,1,35,False
"houssay, ba",Medicine,31,1,36,False
"houssay, ba",Medicine,38,2,38,False
"houssay, ba",Medicine,40,1,39,False
"houssay, ba",Medicine,42,1,40,False
"hubel, dh",Medicine,0,1,1,False
"hubel, dh",Medicine,1,1,2,False
"hubel, dh",Medicine,2,1,3,False
"hubel, dh",Medicine,3,3,6,False
"hubel, dh",Medicine,4,2,8,False
"hubel, dh",Medicine,5,1,9,False
"hubel, dh",Medicine,6,1,10,True
"hubel, dh",Medicine,7,5,15,False
"hubel, dh",Medicine,8,1,16,False
"hubel, dh",Medicine,9,5,21,False
"hubel, dh",Medicine,10,2,23,False
"hubel, dh",Medicine,11,1,24,False
"hubel, dh",Medicine,12,1,25,False
"hubel, dh",Medicine,13,2,27,False
"hubel, dh",Medicine,14,2,29,False
"hubel, dh",Medicine,15,2,31,False
"hubel, dh",Medicine,16,1,32,False
"hubel, dh",Medicine,18,3,35,False
"hubel, dh",Medicine,19,5,40,False
"hubel, dh",Medicine,20,2,42,False
"hubel, dh",Medicine,21,4,46,False
"hubel, dh",Medicine,22,2,48,False
"hubel, dh",Medicine,23,2,50,False
"hubel, dh",Medicine,24,1,51,False
"hubel, dh",Medicine,25,2,53,False
"hubel, dh",Medicine,26,4,57,False
"hubel, dh",Medicine,27,3,60,False
"hubel, dh",Medicine,29,2,62,False
"hubel, dh",Medicine,30,2,64,False
"hubel, dh",Medicine,32,1,65,False
"hubel, dh",Medicine,35,2,67,False
"hubel, dh",Medicine,38,2,69,False
"hubel, dh",Medicine,39,1,70,False
"hubel, dh",Medicine,40,1,71,False
"hubel, dh",Medicine,41,1,72,False
"hubel, dh",Medicine,42,1,73,False
"hubel, dh",Medicine,46,2,75,False
"hubel, dh",Medicine,48,1,76,False
"hubel, dh",Medicine,51,1,77,False
"hubel, dh",Medicine,53,4,81,False
"hubel, dh",Medicine,55,1,82,False
"hubel, dh",Medicine,56,1,83,False
"hubel, dh",Medicine,58,1,84,False
"hubel, dh",Medicine,59,1,85,False
"huber, r",Chemistry,0,2,2,False
"huber, r",Chemistry,1,1,3,False
"huber, r",Chemistry,2,3,6,False
"huber, r",Chemistry,4,1,7,False
"huber, r",Chemistry,5,3,10,False
"huber, r",Chemistry,6,4,14,False
"huber, r",Chemistry,7,2,16,False
"huber, r",Chemistry,8,3,19,False
"huber, r",Chemistry,9,7,26,False
"huber, r",Chemistry,10,2,28,False
"huber, r",Chemistry,11,2,30,False
"huber, r",Chemistry,12,1,31,False
"huber, r",Chemistry,13,7,38,False
"huber, r",Chemistry,14,1,39,False
"huber, r",Chemistry,15,6,45,False
"huber, r",Chemistry,16,5,50,False
"huber, r",Chemistry,17,5,55,False
"huber, r",Chemistry,18,1,56,False
"huber, r",Chemistry,19,7,63,False
"huber, r",Chemistry,20,5,68,False
"huber, r",Chemistry,21,8,76,True
"huber, r",Chemistry,22,5,81,False
"huber, r",Chemistry,23,9,90,False
"huber, r",Chemistry,24,10,100,False
"huber, r",Chemistry,25,8,108,False
"huber, r",Chemistry,26,15,123,False
"huber, r",Chemistry,27,18,141,False
"huber, r",Chemistry,28,23,164,False
"huber, r",Chemistry,29,26,190,False
"huber, r",Chemistry,30,26,216,False
"huber, r",Chemistry,31,20,236,False
"huber, r",Chemistry,32,32,268,False
"huber, r",Chemistry,33,30,298,False
"huber, r",Chemistry,34,49,347,False
"huber, r",Chemistry,35,35,382,False
"huber, r",Chemistry,36,35,417,False
"huber, r",Chemistry,37,45,462,False
"huber, r",Chemistry,38,33,495,False
"huber, r",Chemistry,39,50,545,False
"huber, r",Chemistry,40,36,581,False
"huber, r",Chemistry,41,31,612,False
"huber, r",Chemistry,42,18,630,False
"huber, r",Chemistry,43,13,643,False
"huber, r",Chemistry,44,10,653,False
"huber, r",Chemistry,45,10,663,False
"huber, r",Chemistry,46,11,674,False
"huber, r",Chemistry,47,14,688,False
"huber, r",Chemistry,48,6,694,False
"huber, r",Chemistry,49,6,700,False
"huber, r",Chemistry,50,4,704,False
"huber, r",Chemistry,51,4,708,False
"huber, r",Chemistry,52,5,713,False
"huber, r",Chemistry,53,1,714,False
"huber, r",Chemistry,54,2,716,False
"huggins, c",Medicine,0,3,3,False
"huggins, c",Medicine,1,2,5,False
"huggins, c",Medicine,3,2,7,False
"huggins, c",Medicine,4,2,9,False
"huggins, c",Medicine,6,3,12,False
"huggins, c",Medicine,7,2,14,False
"huggins, c",Medicine,8,2,16,False
"huggins, c",Medicine,9,3,19,False
"huggins, c",Medicine,10,3,22,False
"huggins, c",Medicine,11,4,26,True
"huggins, c",Medicine,12,3,29,False
"huggins, c",Medicine,13,5,34,False
"huggins, c",Medicine,14,4,38,False
"huggins, c",Medicine,15,5,43,False
"huggins, c",Medicine,16,4,47,False
"huggins, c",Medicine,17,3,50,False
"huggins, c",Medicine,18,2,52,False
"huggins, c",Medicine,19,1,53,False
"huggins, c",Medicine,20,3,56,False
"huggins, c",Medicine,21,2,58,False
"huggins, c",Medicine,22,3,61,False
"huggins, c",Medicine,23,1,62,False
"huggins, c",Medicine,24,4,66,False
"huggins, c",Medicine,25,5,71,False
"huggins, c",Medicine,26,2,73,False
"huggins, c",Medicine,27,2,75,False
"huggins, c",Medicine,28,2,77,False
"huggins, c",Medicine,29,3,80,False
"huggins, c",Medicine,30,2,82,False
"huggins, c",Medicine,31,3,85,False
"huggins, c",Medicine,32,3,88,False
"huggins, c",Medicine,33,4,92,False
"huggins, c",Medicine,34,3,95,False
"huggins, c",Medicine,35,7,102,False
"huggins, c",Medicine,36,2,104,False
"huggins, c",Medicine,37,4,108,False
"huggins, c",Medicine,38,1,109,False
"huggins, c",Medicine,39,1,110,False
"huggins, c",Medicine,40,3,113,False
"huggins, c",Medicine,41,2,115,False
"huggins, c",Medicine,42,2,117,False
"huggins, c",Medicine,43,2,119,False
"huggins, c",Medicine,44,3,122,False
"huggins, c",Medicine,45,1,123,False
"huggins, c",Medicine,46,3,126,False
"huggins, c",Medicine,48,2,128,False
"huggins, c",Medicine,51,1,129,False
"huggins, c",Medicine,52,2,131,False
"huggins, c",Medicine,54,1,132,False
"hulse, ra",Physics,0,1,1,False
"hulse, ra",Physics,1,2,3,True
"hulse, ra",Physics,2,1,4,False
"hulse, ra",Physics,12,3,7,False
"hulse, ra",Physics,13,5,12,False
"hulse, ra",Physics,14,6,18,False
"hulse, ra",Physics,15,4,22,False
"hulse, ra",Physics,16,7,29,False
"hulse, ra",Physics,17,5,34,False
"hulse, ra",Physics,18,4,38,False
"hulse, ra",Physics,19,2,40,False
"hulse, ra",Physics,20,2,42,False
"hulse, ra",Physics,21,2,44,False
"hulse, ra",Physics,24,1,45,False
"hulse, ra",Physics,32,1,46,False
"hunt, t",Medicine,0,1,1,False
"hunt, t",Medicine,1,1,2,False
"hunt, t",Medicine,11,1,3,False
"hunt, t",Medicine,12,1,4,False
"hunt, t",Medicine,13,1,5,False
"hunt, t",Medicine,14,3,8,False
"hunt, t",Medicine,15,2,10,False
"hunt, t",Medicine,16,3,13,False
"hunt, t",Medicine,17,2,15,False
"hunt, t",Medicine,18,2,17,False
"hunt, t",Medicine,19,2,19,False
"hunt, t",Medicine,20,3,22,False
"hunt, t",Medicine,21,4,26,False
"hunt, t",Medicine,23,2,28,False
"hunt, t",Medicine,24,1,29,False
"hunt, t",Medicine,26,5,34,True
"hunt, t",Medicine,27,3,37,False
"hunt, t",Medicine,28,7,44,False
"hunt, t",Medicine,29,3,47,False
"hunt, t",Medicine,30,2,49,False
"hunt, t",Medicine,31,1,50,False
"hunt, t",Medicine,32,7,57,False
"hunt, t",Medicine,33,4,61,False
"hunt, t",Medicine,34,8,69,False
"hunt, t",Medicine,35,6,75,False
"hunt, t",Medicine,36,4,79,False
"hunt, t",Medicine,37,7,86,False
"hunt, t",Medicine,38,2,88,False
"hunt, t",Medicine,39,5,93,False
"hunt, t",Medicine,40,4,97,False
"hunt, t",Medicine,41,4,101,False
"hunt, t",Medicine,42,1,102,False
"hunt, t",Medicine,43,2,104,False
"hunt, t",Medicine,44,3,107,False
"hunt, t",Medicine,45,1,108,False
"hunt, t",Medicine,46,1,109,False
"hunt, t",Medicine,47,5,114,False
"hunt, t",Medicine,48,3,117,False
"hunt, t",Medicine,50,6,123,False
"hunt, t",Medicine,51,3,126,False
"hunt, t",Medicine,52,5,131,False
"hunt, t",Medicine,53,3,134,False
"hunt, t",Medicine,54,2,136,False
"hunt, t",Medicine,55,1,137,False
"hunt, t",Medicine,56,1,138,False
"huxley, af",Medicine,0,1,1,False
"huxley, af",Medicine,6,1,2,False
"huxley, af",Medicine,7,1,3,False
"huxley, af",Medicine,8,1,4,False
"huxley, af",Medicine,10,1,5,False
"huxley, af",Medicine,12,2,7,False
"huxley, af",Medicine,13,7,14,True
"huxley, af",Medicine,14,1,15,False
"huxley, af",Medicine,20,2,17,False
"huxley, af",Medicine,25,2,19,False
"huxley, af",Medicine,47,1,20,False
"huxley, af",Medicine,51,1,21,False
"huxley, af",Medicine,59,1,22,False
"huxley, af",Medicine,60,1,23,False
"ignarro, lj",Medicine,0,3,3,False
"ignarro, lj",Medicine,1,3,6,False
"ignarro, lj",Medicine,2,6,12,False
"ignarro, lj",Medicine,3,7,19,False
"ignarro, lj",Medicine,4,1,20,False
"ignarro, lj",Medicine,5,1,21,False
"ignarro, lj",Medicine,6,2,23,False
"ignarro, lj",Medicine,7,2,25,False
"ignarro, lj",Medicine,8,2,27,False
"ignarro, lj",Medicine,9,5,32,False
"ignarro, lj",Medicine,10,6,38,False
"ignarro, lj",Medicine,11,4,42,False
"ignarro, lj",Medicine,13,1,43,False
"ignarro, lj",Medicine,14,3,46,False
"ignarro, lj",Medicine,15,1,47,False
"ignarro, lj",Medicine,16,5,52,True
"ignarro, lj",Medicine,17,1,53,False
"ignarro, lj",Medicine,18,5,58,False
"ignarro, lj",Medicine,19,11,69,False
"ignarro, lj",Medicine,20,6,75,False
"ignarro, lj",Medicine,21,13,88,False
"ignarro, lj",Medicine,22,11,99,False
"ignarro, lj",Medicine,23,6,105,False
"ignarro, lj",Medicine,24,15,120,False
"ignarro, lj",Medicine,25,10,130,False
"ignarro, lj",Medicine,26,10,140,False
"ignarro, lj",Medicine,27,5,145,False
"ignarro, lj",Medicine,28,8,153,False
"ignarro, lj",Medicine,29,6,159,False
"ignarro, lj",Medicine,30,12,171,False
"ignarro, lj",Medicine,31,10,181,False
"ignarro, lj",Medicine,32,12,193,False
"ignarro, lj",Medicine,33,12,205,False
"ignarro, lj",Medicine,34,6,211,False
"ignarro, lj",Medicine,35,16,227,False
"ignarro, lj",Medicine,36,21,248,False
"ignarro, lj",Medicine,37,11,259,False
"ignarro, lj",Medicine,38,5,264,False
"ignarro, lj",Medicine,39,6,270,False
"ignarro, lj",Medicine,40,8,278,False
"ignarro, lj",Medicine,41,8,286,False
"ignarro, lj",Medicine,42,2,288,False
"ignarro, lj",Medicine,43,2,290,False
"ignarro, lj",Medicine,44,1,291,False
"jacob, f",Medicine,0,1,1,False
"jacob, f",Medicine,2,1,2,False
"jacob, f",Medicine,3,2,4,False
"jacob, f",Medicine,4,1,5,False
"jacob, f",Medicine,5,2,7,False
"jacob, f",Medicine,6,1,8,False
"jacob, f",Medicine,7,1,9,False
"jacob, f",Medicine,8,6,15,True
"jacob, f",Medicine,9,2,17,False
"jacob, f",Medicine,10,6,23,False
"jacob, f",Medicine,11,2,25,False
"jacob, f",Medicine,12,3,28,False
"jacob, f",Medicine,13,4,32,False
"jacob, f",Medicine,14,4,36,False
"jacob, f",Medicine,15,5,41,False
"jacob, f",Medicine,17,4,45,False
"jacob, f",Medicine,18,1,46,False
"jacob, f",Medicine,20,1,47,False
"jacob, f",Medicine,21,4,51,False
"jacob, f",Medicine,22,1,52,False
"jacob, f",Medicine,23,6,58,False
"jacob, f",Medicine,24,8,66,False
"jacob, f",Medicine,25,7,73,False
"jacob, f",Medicine,26,6,79,False
"jacob, f",Medicine,27,5,84,False
"jacob, f",Medicine,28,2,86,False
"jacob, f",Medicine,29,2,88,False
"jacob, f",Medicine,30,2,90,False
"jacob, f",Medicine,31,1,91,False
"jacob, f",Medicine,32,5,96,False
"jacob, f",Medicine,33,1,97,False
"jacob, f",Medicine,35,1,98,False
"jacob, f",Medicine,40,2,100,False
"jacob, f",Medicine,41,1,101,False
"jacob, f",Medicine,44,1,102,False
"jacob, f",Medicine,46,1,103,False
"jacob, f",Medicine,49,3,106,False
"jacob, f",Medicine,52,1,107,False
"jacob, f",Medicine,53,1,108,False
"jacob, f",Medicine,54,2,110,False
"jacob, f",Medicine,58,1,111,False
"jensen, jhd",Physics,0,1,1,False
"jensen, jhd",Physics,1,3,4,True
"jensen, jhd",Physics,2,1,5,False
"jensen, jhd",Physics,7,2,7,False
"jensen, jhd",Physics,8,1,8,False
"jerne, nk",Medicine,0,2,2,True
"jerne, nk",Medicine,8,1,3,False
"jerne, nk",Medicine,10,1,4,False
"jerne, nk",Medicine,12,1,5,False
"jerne, nk",Medicine,13,1,6,False
"jerne, nk",Medicine,18,1,7,False
"jerne, nk",Medicine,19,2,9,False
"jerne, nk",Medicine,25,2,11,False
"jerne, nk",Medicine,29,1,12,False
"jerne, nk",Medicine,30,4,16,False
"joliot, f",Chemistry,0,2,2,False
"joliot, f",Chemistry,1,1,3,False
"joliot, f",Chemistry,3,1,4,True
"joliot, f",Chemistry,7,2,6,False
"joliot, f",Chemistry,8,2,8,False
"joliot, f",Chemistry,13,1,9,False
joseph john thomson,Physics,0,1,1,True
joseph john thomson,Physics,4,1,2,False
joseph john thomson,Physics,17,1,3,False
"josephson, bd",Physics,0,1,1,False
"josephson, bd",Physics,2,1,2,True
"josephson, bd",Physics,5,1,3,False
"josephson, bd",Physics,6,1,4,False
"josephson, bd",Physics,9,1,5,False
"josephson, bd",Physics,14,2,7,False
"josephson, bd",Physics,18,1,8,False
"josephson, bd",Physics,21,1,9,False
"josephson, bd",Physics,25,1,10,False
"josephson, bd",Physics,27,2,12,False
"josephson, bd",Physics,28,1,13,False
"josephson, bd",Physics,31,1,14,False
"josephson, bd",Physics,33,2,16,False
"josephson, bd",Physics,45,1,17,False
"josephson, bd",Physics,49,1,18,False
"josephson, bd",Physics,52,2,20,False
"kajita, t",Physics,0,1,1,False
"kajita, t",Physics,2,2,3,False
"kajita, t",Physics,3,4,7,False
"kajita, t",Physics,4,3,10,False
"kajita, t",Physics,5,6,16,False
"kajita, t",Physics,6,3,19,False
"kajita, t",Physics,7,3,22,False
"kajita, t",Physics,8,7,29,False
"kajita, t",Physics,9,5,34,False
"kajita, t",Physics,10,2,36,False
"kajita, t",Physics,11,2,38,False
"kajita, t",Physics,12,1,39,False
"kajita, t",Physics,13,3,42,False
"kajita, t",Physics,14,1,43,False
"kajita, t",Physics,15,7,50,True
"kajita, t",Physics,16,11,61,False
"kajita, t",Physics,17,3,64,False
"kajita, t",Physics,18,8,72,False
"kajita, t",Physics,19,3,75,False
"kajita, t",Physics,20,7,82,False
"kajita, t",Physics,21,8,90,False
"kajita, t",Physics,22,9,99,False
"kajita, t",Physics,23,15,114,False
"kajita, t",Physics,24,7,121,False
"kajita, t",Physics,25,9,130,False
"kajita, t",Physics,26,8,138,False
"kajita, t",Physics,27,4,142,False
"kajita, t",Physics,28,8,150,False
"kajita, t",Physics,29,7,157,False
"kajita, t",Physics,30,7,164,False
"kajita, t",Physics,31,15,179,False
"kajita, t",Physics,32,15,194,False
"kajita, t",Physics,33,13,207,False
"kajita, t",Physics,34,10,217,False
"kajita, t",Physics,35,1,218,False
"kandel, er",Medicine,0,6,6,False
"kandel, er",Medicine,3,3,9,False
"kandel, er",Medicine,4,2,11,False
"kandel, er",Medicine,5,3,14,False
"kandel, er",Medicine,6,4,18,False
"kandel, er",Medicine,7,1,19,False
"kandel, er",Medicine,8,5,24,False
"kandel, er",Medicine,9,2,26,True
"kandel, er",Medicine,10,5,31,False
"kandel, er",Medicine,11,3,34,False
"kandel, er",Medicine,12,2,36,False
"kandel, er",Medicine,13,6,42,False
"kandel, er",Medicine,15,6,48,False
"kandel, er",Medicine,16,6,54,False
"kandel, er",Medicine,17,4,58,False
"kandel, er",Medicine,18,9,67,False
"kandel, er",Medicine,19,6,73,False
"kandel, er",Medicine,20,7,80,False
"kandel, er",Medicine,21,5,85,False
"kandel, er",Medicine,22,8,93,False
"kandel, er",Medicine,23,4,97,False
"kandel, er",Medicine,24,2,99,False
"kandel, er",Medicine,25,12,111,False
"kandel, er",Medicine,26,5,116,False
"kandel, er",Medicine,27,11,127,False
"kandel, er",Medicine,28,9,136,False
"kandel, er",Medicine,29,8,144,False
"kandel, er",Medicine,30,8,152,False
"kandel, er",Medicine,31,13,165,False
"kandel, er",Medicine,32,13,178,False
"kandel, er",Medicine,33,9,187,False
"kandel, er",Medicine,34,18,205,False
"kandel, er",Medicine,35,18,223,False
"kandel, er",Medicine,36,12,235,False
"kandel, er",Medicine,37,18,253,False
"kandel, er",Medicine,38,7,260,False
"kandel, er",Medicine,39,13,273,False
"kandel, er",Medicine,40,7,280,False
"kandel, er",Medicine,41,7,287,False
"kandel, er",Medicine,42,15,302,False
"kandel, er",Medicine,43,19,321,False
"kandel, er",Medicine,44,12,333,False
"kandel, er",Medicine,45,19,352,False
"kandel, er",Medicine,46,8,360,False
"kandel, er",Medicine,47,12,372,False
"kandel, er",Medicine,48,11,383,False
"kandel, er",Medicine,49,11,394,False
"kandel, er",Medicine,50,10,404,False
"kandel, er",Medicine,51,14,418,False
"kandel, er",Medicine,52,10,428,False
"kandel, er",Medicine,53,13,441,False
"kandel, er",Medicine,54,13,454,False
"kandel, er",Medicine,55,6,460,False
"kandel, er",Medicine,56,5,465,False
"kandel, er",Medicine,57,1,466,False
"kao, kc",Physics,0,1,1,True
"kapitza, pl",Physics,0,2,2,True
"kapitza, pl",Physics,30,1,3,False
"kapitza, pl",Physics,41,1,4,False
karl von frisch,Medicine,0,1,1,False
karl von frisch,Medicine,4,1,2,False
karl von frisch,Medicine,8,5,7,True
karl von frisch,Medicine,13,1,8,False
karl von frisch,Medicine,15,1,9,False
karl von frisch,Medicine,19,1,10,False
karl von frisch,Medicine,22,1,11,False
karl von frisch,Medicine,23,1,12,False
karl von frisch,Medicine,27,1,13,False
karl von frisch,Medicine,29,1,14,False
karl von frisch,Medicine,30,2,16,False
karl von frisch,Medicine,31,1,17,False
karl von frisch,Medicine,32,1,18,False
karl von frisch,Medicine,33,1,19,False
karl von frisch,Medicine,34,1,20,False
karl von frisch,Medicine,36,1,21,False
karl von frisch,Medicine,38,2,23,False
karl von frisch,Medicine,40,1,24,False
karl von frisch,Medicine,43,1,25,False
karl von frisch,Medicine,44,1,26,False
karl von frisch,Medicine,45,2,28,False
karl von frisch,Medicine,46,3,31,False
karl von frisch,Medicine,48,1,32,False
karl von frisch,Medicine,49,1,33,False
karl von frisch,Medicine,50,1,34,False
karl von frisch,Medicine,55,2,36,False
karl von frisch,Medicine,56,1,37,False
"karle, j",Chemistry,0,1,1,False
"karle, j",Chemistry,1,1,2,False
"karle, j",Chemistry,2,4,6,False
"karle, j",Chemistry,4,2,8,False
"karle, j",Chemistry,5,8,16,False
"karle, j",Chemistry,6,2,18,False
"karle, j",Chemistry,7,3,21,False
"karle, j",Chemistry,8,4,25,False
"karle, j",Chemistry,9,3,28,False
"karle, j",Chemistry,11,2,30,True
"karle, j",Chemistry,12,2,32,False
"karle, j",Chemistry,13,2,34,False
"karle, j",Chemistry,14,3,37,False
"karle, j",Chemistry,15,2,39,False
"karle, j",Chemistry,16,3,42,False
"karle, j",Chemistry,17,2,44,False
"karle, j",Chemistry,18,2,46,False
"karle, j",Chemistry,19,6,52,False
"karle, j",Chemistry,20,3,55,False
"karle, j",Chemistry,21,10,65,False
"karle, j",Chemistry,22,2,67,False
"karle, j",Chemistry,23,3,70,False
"karle, j",Chemistry,24,6,76,False
"karle, j",Chemistry,25,9,85,False
"karle, j",Chemistry,26,9,94,False
"karle, j",Chemistry,27,10,104,False
"karle, j",Chemistry,28,9,113,False
"karle, j",Chemistry,31,3,116,False
"karle, j",Chemistry,32,2,118,False
"karle, j",Chemistry,33,2,120,False
"karle, j",Chemistry,34,3,123,False
"karle, j",Chemistry,35,4,127,False
"karle, j",Chemistry,36,2,129,False
"karle, j",Chemistry,37,3,132,False
"karle, j",Chemistry,38,4,136,False
"karle, j",Chemistry,39,6,142,False
"karle, j",Chemistry,40,4,146,False
"karle, j",Chemistry,41,5,151,False
"karle, j",Chemistry,43,2,153,False
"karle, j",Chemistry,44,3,156,False
"karle, j",Chemistry,45,1,157,False
"karle, j",Chemistry,46,2,159,False
"karle, j",Chemistry,48,2,161,False
"karle, j",Chemistry,49,2,163,False
"karle, j",Chemistry,50,2,165,False
"karle, j",Chemistry,51,3,168,False
"karle, j",Chemistry,52,1,169,False
"karle, j",Chemistry,53,1,170,False
"karle, j",Chemistry,54,4,174,False
"karle, j",Chemistry,56,1,175,False
"karle, j",Chemistry,57,2,177,False
"karle, j",Chemistry,58,1,178,False
"karle, j",Chemistry,60,4,182,False
"karplus, m",Chemistry,0,1,1,False
"karplus, m",Chemistry,4,1,2,False
"karplus, m",Chemistry,5,1,3,False
"karplus, m",Chemistry,6,1,4,False
"karplus, m",Chemistry,7,8,12,False
"karplus, m",Chemistry,8,6,18,False
"karplus, m",Chemistry,9,4,22,False
"karplus, m",Chemistry,10,7,29,False
"karplus, m",Chemistry,11,11,40,False
"karplus, m",Chemistry,12,10,50,False
"karplus, m",Chemistry,13,7,57,False
"karplus, m",Chemistry,14,10,67,False
"karplus, m",Chemistry,15,6,73,False
"karplus, m",Chemistry,16,7,80,False
"karplus, m",Chemistry,17,9,89,False
"karplus, m",Chemistry,18,7,96,False
"karplus, m",Chemistry,19,14,110,False
"karplus, m",Chemistry,20,8,118,True
"karplus, m",Chemistry,21,5,123,False
"karplus, m",Chemistry,22,4,127,False
"karplus, m",Chemistry,23,11,138,False
"karplus, m",Chemistry,24,8,146,False
"karplus, m",Chemistry,25,10,156,False
"karplus, m",Chemistry,26,2,158,False
"karplus, m",Chemistry,27,14,172,False
"karplus, m",Chemistry,28,15,187,False
"karplus, m",Chemistry,29,14,201,False
"karplus, m",Chemistry,30,11,212,False
"karplus, m",Chemistry,31,12,224,False
"karplus, m",Chemistry,32,18,242,False
"karplus, m",Chemistry,33,24,266,False
"karplus, m",Chemistry,34,23,289,False
"karplus, m",Chemistry,35,30,319,False
"karplus, m",Chemistry,36,21,340,False
"karplus, m",Chemistry,37,12,352,False
"karplus, m",Chemistry,38,25,377,False
"karplus, m",Chemistry,39,31,408,False
"karplus, m",Chemistry,40,10,418,False
"karplus, m",Chemistry,41,15,433,False
"karplus, m",Chemistry,42,16,449,False
"karplus, m",Chemistry,43,19,468,False
"karplus, m",Chemistry,44,16,484,False
"karplus, m",Chemistry,45,17,501,False
"karplus, m",Chemistry,46,18,519,False
"karplus, m",Chemistry,47,33,552,False
"karplus, m",Chemistry,48,16,568,False
"karplus, m",Chemistry,49,18,586,False
"karplus, m",Chemistry,50,29,615,False
"karplus, m",Chemistry,51,22,637,False
"karplus, m",Chemistry,52,19,656,False
"karplus, m",Chemistry,53,16,672,False
"karplus, m",Chemistry,54,13,685,False
"karplus, m",Chemistry,55,10,695,False
"karplus, m",Chemistry,56,16,711,False
"karplus, m",Chemistry,57,12,723,False
"karplus, m",Chemistry,58,17,740,False
"karplus, m",Chemistry,59,7,747,False
"karplus, m",Chemistry,60,4,751,False
"karrer, p",Chemistry,0,4,4,False
"karrer, p",Chemistry,1,7,11,False
"karrer, p",Chemistry,2,3,14,False
"karrer, p",Chemistry,3,9,23,False
"karrer, p",Chemistry,4,2,25,False
"karrer, p",Chemistry,5,1,26,False
"karrer, p",Chemistry,6,4,30,False
"karrer, p",Chemistry,7,3,33,False
"karrer, p",Chemistry,8,5,38,False
"karrer, p",Chemistry,9,5,43,False
"karrer, p",Chemistry,10,4,47,False
"karrer, p",Chemistry,11,4,51,False
"karrer, p",Chemistry,12,6,57,True
"karrer, p",Chemistry,13,10,67,False
"karrer, p",Chemistry,14,9,76,False
"karrer, p",Chemistry,15,12,88,False
"karrer, p",Chemistry,16,12,100,False
"karrer, p",Chemistry,17,3,103,False
"karrer, p",Chemistry,18,10,113,False
"karrer, p",Chemistry,19,8,121,False
"karrer, p",Chemistry,20,9,130,False
"karrer, p",Chemistry,21,5,135,False
"karrer, p",Chemistry,22,3,138,False
"karrer, p",Chemistry,23,3,141,False
"karrer, p",Chemistry,24,5,146,False
"karrer, p",Chemistry,25,14,160,False
"karrer, p",Chemistry,26,12,172,False
"karrer, p",Chemistry,27,8,180,False
"karrer, p",Chemistry,28,18,198,False
"karrer, p",Chemistry,29,21,219,False
"karrer, p",Chemistry,30,22,241,False
"karrer, p",Chemistry,31,21,262,False
"karrer, p",Chemistry,32,19,281,False
"karrer, p",Chemistry,33,12,293,False
"karrer, p",Chemistry,34,17,310,False
"karrer, p",Chemistry,35,11,321,False
"karrer, p",Chemistry,36,17,338,False
"karrer, p",Chemistry,37,13,351,False
"karrer, p",Chemistry,38,16,367,False
"karrer, p",Chemistry,39,17,384,False
"karrer, p",Chemistry,40,6,390,False
"karrer, p",Chemistry,41,10,400,False
"karrer, p",Chemistry,42,7,407,False
"karrer, p",Chemistry,43,3,410,False
"karrer, p",Chemistry,44,5,415,False
"karrer, p",Chemistry,45,2,417,False
"karrer, p",Chemistry,46,2,419,False
"karrer, p",Chemistry,47,1,420,False
"karrer, p",Chemistry,50,2,422,False
"kastler, a",Physics,0,1,1,False
"kastler, a",Physics,2,1,2,False
"kastler, a",Physics,5,1,3,False
"kastler, a",Physics,10,1,4,False
"kastler, a",Physics,15,1,5,False
"kastler, a",Physics,16,1,6,False
"kastler, a",Physics,19,3,9,True
"kastler, a",Physics,20,2,11,False
"kastler, a",Physics,21,3,14,False
"kastler, a",Physics,23,4,18,False
"kastler, a",Physics,24,1,19,False
"kastler, a",Physics,26,2,21,False
"kastler, a",Physics,31,1,22,False
"kastler, a",Physics,32,2,24,False
"kastler, a",Physics,36,4,28,False
"kastler, a",Physics,42,2,30,False
"katz, b",Medicine,0,4,4,False
"katz, b",Medicine,1,1,5,False
"katz, b",Medicine,3,3,8,False
"katz, b",Medicine,4,1,9,False
"katz, b",Medicine,5,2,11,False
"katz, b",Medicine,6,3,14,False
"katz, b",Medicine,10,1,15,False
"katz, b",Medicine,11,2,17,False
"katz, b",Medicine,12,1,18,False
"katz, b",Medicine,13,3,21,True
"katz, b",Medicine,14,2,23,False
"katz, b",Medicine,15,1,24,False
"katz, b",Medicine,16,5,29,False
"katz, b",Medicine,17,4,33,False
"katz, b",Medicine,18,5,38,False
"katz, b",Medicine,19,3,41,False
"katz, b",Medicine,20,2,43,False
"katz, b",Medicine,21,7,50,False
"katz, b",Medicine,23,3,53,False
"katz, b",Medicine,24,2,55,False
"katz, b",Medicine,25,2,57,False
"katz, b",Medicine,26,1,58,False
"katz, b",Medicine,27,1,59,False
"katz, b",Medicine,28,2,61,False
"katz, b",Medicine,29,5,66,False
"katz, b",Medicine,30,1,67,False
"katz, b",Medicine,31,6,73,False
"katz, b",Medicine,32,2,75,False
"katz, b",Medicine,33,2,77,False
"katz, b",Medicine,34,2,79,False
"katz, b",Medicine,35,4,83,False
"katz, b",Medicine,36,1,84,False
"katz, b",Medicine,37,4,88,False
"katz, b",Medicine,39,3,91,False
"katz, b",Medicine,41,4,95,False
"katz, b",Medicine,42,1,96,False
"katz, b",Medicine,43,2,98,False
"katz, b",Medicine,45,3,101,False
"katz, b",Medicine,46,2,103,False
"katz, b",Medicine,57,1,104,False
"kendall, ec",Medicine,0,2,2,False
"kendall, ec",Medicine,2,1,3,False
"kendall, ec",Medicine,6,2,5,False
"kendall, ec",Medicine,7,2,7,False
"kendall, ec",Medicine,8,1,8,False
"kendall, ec",Medicine,9,1,9,False
"kendall, ec",Medicine,10,1,10,False
"kendall, ec",Medicine,14,1,11,False
"kendall, ec",Medicine,16,1,12,False
"kendall, ec",Medicine,17,3,15,False
"kendall, ec",Medicine,18,1,16,False
"kendall, ec",Medicine,21,1,17,False
"kendall, ec",Medicine,25,1,18,False
"kendall, ec",Medicine,26,1,19,True
"kendall, ec",Medicine,27,3,22,False
"kendall, ec",Medicine,28,2,24,False
"kendall, ec",Medicine,29,1,25,False
"kendall, ec",Medicine,30,1,26,False
"kendall, ec",Medicine,31,4,30,False
"kendall, ec",Medicine,32,4,34,False
"kendall, ec",Medicine,33,2,36,False
"kendall, ec",Medicine,39,2,38,False
"kendall, ec",Medicine,40,4,42,False
"kendall, ec",Medicine,41,5,47,False
"kendall, ec",Medicine,42,4,51,False
"kendall, ec",Medicine,50,2,53,False
"kendall, ec",Medicine,55,1,54,False
"kendall, hw",Physics,0,1,1,False
"kendall, hw",Physics,1,4,5,False
"kendall, hw",Physics,2,1,6,False
"kendall, hw",Physics,3,2,8,False
"kendall, hw",Physics,4,1,9,False
"kendall, hw",Physics,8,2,11,True
"kendall, hw",Physics,9,4,15,False
"kendall, hw",Physics,10,1,16,False
"kendall, hw",Physics,12,2,18,False
"kendall, hw",Physics,13,3,21,False
"kendall, hw",Physics,14,4,25,False
"kendall, hw",Physics,15,1,26,False
"kendall, hw",Physics,16,3,29,False
"kendall, hw",Physics,17,1,30,False
"kendall, hw",Physics,18,1,31,False
"kendall, hw",Physics,19,1,32,False
"kendall, hw",Physics,20,1,33,False
"kendall, hw",Physics,22,1,34,False
"kendall, hw",Physics,23,1,35,False
"kendall, hw",Physics,24,1,36,False
"kendall, hw",Physics,26,1,37,False
"kendall, hw",Physics,27,1,38,False
"kendall, hw",Physics,28,1,39,False
"kendall, hw",Physics,29,3,42,False
"kendall, hw",Physics,30,4,46,False
"kendall, hw",Physics,31,5,51,False
"kendall, hw",Physics,34,1,52,False
"kendall, hw",Physics,35,1,53,False
"kendall, hw",Physics,36,1,54,False
"kendall, hw",Physics,37,1,55,False
"kendrew, j",Chemistry,0,2,2,False
"kendrew, j",Chemistry,2,2,4,False
"kendrew, j",Chemistry,4,1,5,False
"kendrew, j",Chemistry,5,1,6,False
"kendrew, j",Chemistry,6,2,8,False
"kendrew, j",Chemistry,7,1,9,False
"kendrew, j",Chemistry,8,1,10,False
"kendrew, j",Chemistry,9,2,12,False
"kendrew, j",Chemistry,10,2,14,True
"kendrew, j",Chemistry,11,1,15,False
"kendrew, j",Chemistry,12,1,16,False
"kendrew, j",Chemistry,13,2,18,False
"kendrew, j",Chemistry,14,1,19,False
"kendrew, j",Chemistry,15,1,20,False
"kendrew, j",Chemistry,16,3,23,False
"kendrew, j",Chemistry,17,2,25,False
"kendrew, j",Chemistry,18,4,29,False
"kendrew, j",Chemistry,20,1,30,False
"ketterle, w",Physics,0,3,3,False
"ketterle, w",Physics,1,1,4,False
"ketterle, w",Physics,2,5,9,False
"ketterle, w",Physics,3,2,11,False
"ketterle, w",Physics,5,3,14,True
"ketterle, w",Physics,6,6,20,False
"ketterle, w",Physics,7,5,25,False
"ketterle, w",Physics,8,8,33,False
"ketterle, w",Physics,9,10,43,False
"ketterle, w",Physics,10,6,49,False
"ketterle, w",Physics,11,7,56,False
"ketterle, w",Physics,12,11,67,False
"ketterle, w",Physics,13,11,78,False
"ketterle, w",Physics,14,10,88,False
"ketterle, w",Physics,15,13,101,False
"ketterle, w",Physics,16,7,108,False
"ketterle, w",Physics,17,8,116,False
"ketterle, w",Physics,19,1,117,False
"ketterle, w",Physics,20,1,118,False
"khorana, hg",Medicine,0,2,2,False
"khorana, hg",Medicine,1,3,5,False
"khorana, hg",Medicine,2,5,10,False
"khorana, hg",Medicine,3,3,13,False
"khorana, hg",Medicine,4,1,14,False
"khorana, hg",Medicine,5,9,23,False
"khorana, hg",Medicine,6,11,34,True
"khorana, hg",Medicine,7,7,41,False
"khorana, hg",Medicine,9,6,47,False
"khorana, hg",Medicine,10,7,54,False
"khorana, hg",Medicine,11,10,64,False
"khorana, hg",Medicine,12,7,71,False
"khorana, hg",Medicine,13,6,77,False
"khorana, hg",Medicine,14,13,90,False
"khorana, hg",Medicine,15,8,98,False
"khorana, hg",Medicine,16,5,103,False
"khorana, hg",Medicine,17,4,107,False
"khorana, hg",Medicine,18,4,111,False
"khorana, hg",Medicine,19,2,113,False
"khorana, hg",Medicine,20,10,123,False
"khorana, hg",Medicine,21,5,128,False
"khorana, hg",Medicine,22,1,129,False
"khorana, hg",Medicine,23,4,133,False
"khorana, hg",Medicine,24,3,136,False
"khorana, hg",Medicine,25,2,138,False
"khorana, hg",Medicine,26,3,141,False
"khorana, hg",Medicine,27,5,146,False
"khorana, hg",Medicine,28,5,151,False
"khorana, hg",Medicine,29,5,156,False
"khorana, hg",Medicine,30,3,159,False
"khorana, hg",Medicine,31,3,162,False
"khorana, hg",Medicine,32,3,165,False
"khorana, hg",Medicine,33,4,169,False
"khorana, hg",Medicine,34,2,171,False
"khorana, hg",Medicine,35,2,173,False
"khorana, hg",Medicine,36,7,180,False
"khorana, hg",Medicine,37,11,191,False
"khorana, hg",Medicine,38,14,205,False
"khorana, hg",Medicine,39,8,213,False
"khorana, hg",Medicine,40,4,217,False
"khorana, hg",Medicine,41,12,229,False
"khorana, hg",Medicine,42,11,240,False
"khorana, hg",Medicine,43,11,251,False
"khorana, hg",Medicine,44,8,259,False
"khorana, hg",Medicine,45,5,264,False
"khorana, hg",Medicine,46,2,266,False
"khorana, hg",Medicine,47,10,276,False
"khorana, hg",Medicine,48,7,283,False
"khorana, hg",Medicine,49,10,293,False
"khorana, hg",Medicine,50,5,298,False
"khorana, hg",Medicine,51,1,299,False
"khorana, hg",Medicine,52,5,304,False
"khorana, hg",Medicine,53,2,306,False
"khorana, hg",Medicine,54,3,309,False
"khorana, hg",Medicine,55,4,313,False
"khorana, hg",Medicine,56,1,314,False
"khorana, hg",Medicine,57,1,315,False
"khorana, hg",Medicine,59,1,316,False
"kilby, js",Physics,0,1,1,True
"kilby, js",Physics,4,1,2,False
"kilby, js",Physics,25,1,3,False
"kilby, js",Physics,26,1,4,False
"klug, a",Chemistry,0,1,1,False
"klug, a",Chemistry,1,1,2,False
"klug, a",Chemistry,2,3,5,False
"klug, a",Chemistry,3,3,8,False
"klug, a",Chemistry,4,2,10,False
"klug, a",Chemistry,5,1,11,False
"klug, a",Chemistry,6,1,12,False
"klug, a",Chemistry,7,1,13,True
"klug, a",Chemistry,9,2,15,False
"klug, a",Chemistry,10,1,16,False
"klug, a",Chemistry,11,4,20,False
"klug, a",Chemistry,12,2,22,False
"klug, a",Chemistry,13,4,26,False
"klug, a",Chemistry,14,2,28,False
"klug, a",Chemistry,15,2,30,False
"klug, a",Chemistry,16,7,37,False
"klug, a",Chemistry,17,8,45,False
"klug, a",Chemistry,18,1,46,False
"klug, a",Chemistry,19,8,54,False
"klug, a",Chemistry,20,8,62,False
"klug, a",Chemistry,21,6,68,False
"klug, a",Chemistry,22,3,71,False
"klug, a",Chemistry,23,2,73,False
"klug, a",Chemistry,24,3,76,False
"klug, a",Chemistry,25,2,78,False
"klug, a",Chemistry,26,4,82,False
"klug, a",Chemistry,27,1,83,False
"klug, a",Chemistry,28,7,90,False
"klug, a",Chemistry,29,3,93,False
"klug, a",Chemistry,30,2,95,False
"klug, a",Chemistry,31,3,98,False
"klug, a",Chemistry,32,7,105,False
"klug, a",Chemistry,33,2,107,False
"klug, a",Chemistry,34,1,108,False
"klug, a",Chemistry,35,4,112,False
"klug, a",Chemistry,37,3,115,False
"klug, a",Chemistry,38,3,118,False
"klug, a",Chemistry,39,4,122,False
"klug, a",Chemistry,40,5,127,False
"klug, a",Chemistry,41,2,129,False
"klug, a",Chemistry,42,3,132,False
"klug, a",Chemistry,43,2,134,False
"klug, a",Chemistry,44,4,138,False
"klug, a",Chemistry,45,1,139,False
"klug, a",Chemistry,46,4,143,False
"klug, a",Chemistry,47,1,144,False
"klug, a",Chemistry,48,4,148,False
"klug, a",Chemistry,49,3,151,False
"klug, a",Chemistry,50,4,155,False
"klug, a",Chemistry,51,4,159,False
"klug, a",Chemistry,52,1,160,False
"klug, a",Chemistry,53,2,162,False
"klug, a",Chemistry,55,3,165,False
"knowles, w",Chemistry,0,1,1,False
"knowles, w",Chemistry,1,2,3,False
"knowles, w",Chemistry,3,1,4,False
"knowles, w",Chemistry,15,1,5,True
"knowles, w",Chemistry,17,1,6,False
"knowles, w",Chemistry,19,2,8,False
"knowles, w",Chemistry,20,1,9,False
"knowles, w",Chemistry,22,2,11,False
"knowles, w",Chemistry,24,2,13,False
"knowles, w",Chemistry,25,1,14,False
"knowles, w",Chemistry,27,1,15,False
"knowles, w",Chemistry,28,2,17,False
"knowles, w",Chemistry,30,2,19,False
"knowles, w",Chemistry,33,1,20,False
"knowles, w",Chemistry,49,2,22,False
"knowles, w",Chemistry,50,1,23,False
"knowles, w",Chemistry,57,1,24,False
"kobayash, m",Physics,0,1,1,False
"kobayash, m",Physics,1,1,2,False
"kobayash, m",Physics,2,1,3,False
"kobayash, m",Physics,4,1,4,False
"kobayash, m",Physics,5,1,5,False
"kobayash, m",Physics,6,5,10,False
"kobayash, m",Physics,7,6,16,False
"kobayash, m",Physics,8,1,17,False
"kobayash, m",Physics,9,4,21,True
"kobayash, m",Physics,10,3,24,False
"kobayash, m",Physics,11,2,26,False
"kobayash, m",Physics,12,2,28,False
"kobayash, m",Physics,13,2,30,False
"kobayash, m",Physics,14,2,32,False
"kobayash, m",Physics,15,1,33,False
"kobayash, m",Physics,16,2,35,False
"kobayash, m",Physics,17,6,41,False
"kobayash, m",Physics,18,4,45,False
"kobayash, m",Physics,19,8,53,False
"kobayash, m",Physics,20,4,57,False
"kobayash, m",Physics,21,7,64,False
"kobayash, m",Physics,22,7,71,False
"kobayash, m",Physics,23,8,79,False
"kobayash, m",Physics,24,10,89,False
"kobayash, m",Physics,25,9,98,False
"kobayash, m",Physics,26,10,108,False
"kobayash, m",Physics,27,13,121,False
"kobayash, m",Physics,28,10,131,False
"kobayash, m",Physics,29,14,145,False
"kobayash, m",Physics,30,14,159,False
"kobayash, m",Physics,31,11,170,False
"kobayash, m",Physics,32,7,177,False
"kobayash, m",Physics,33,14,191,False
"kobayash, m",Physics,34,7,198,False
"kobayash, m",Physics,35,15,213,False
"kobayash, m",Physics,36,8,221,False
"kobayash, m",Physics,37,10,231,False
"kobayash, m",Physics,38,15,246,False
"kobayash, m",Physics,39,7,253,False
"kobayash, m",Physics,40,16,269,False
"kobayash, m",Physics,41,7,276,False
"kobayash, m",Physics,42,6,282,False
"kobayash, m",Physics,43,10,292,False
"kobayash, m",Physics,44,9,301,False
"kobayash, m",Physics,45,9,310,False
"kobayash, m",Physics,46,2,312,False
"kobayash, m",Physics,47,2,314,False
"kobayash, m",Physics,48,3,317,False
"kobayash, m",Physics,49,5,322,False
"kobayash, m",Physics,50,7,329,False
"kobayash, m",Physics,51,3,332,False
"kobayash, m",Physics,52,7,339,False
"kobayash, m",Physics,53,9,348,False
"kobayash, m",Physics,54,1,349,False
"kobilka, b",Chemistry,0,2,2,True
"kobilka, b",Chemistry,1,4,6,False
"kobilka, b",Chemistry,2,8,14,False
"kobilka, b",Chemistry,3,1,15,False
"kobilka, b",Chemistry,4,1,16,False
"kobilka, b",Chemistry,5,2,18,False
"kobilka, b",Chemistry,6,3,21,False
"kobilka, b",Chemistry,7,2,23,False
"kobilka, b",Chemistry,9,5,28,False
"kobilka, b",Chemistry,10,5,33,False
"kobilka, b",Chemistry,11,15,48,False
"kobilka, b",Chemistry,12,11,59,False
"kobilka, b",Chemistry,13,15,74,False
"kobilka, b",Chemistry,14,8,82,False
"kobilka, b",Chemistry,15,6,88,False
"kobilka, b",Chemistry,16,15,103,False
"kobilka, b",Chemistry,17,7,110,False
"kobilka, b",Chemistry,18,7,117,False
"kobilka, b",Chemistry,19,7,124,False
"kobilka, b",Chemistry,20,6,130,False
"kobilka, b",Chemistry,21,12,142,False
"kobilka, b",Chemistry,22,3,145,False
"kobilka, b",Chemistry,23,6,151,False
"kobilka, b",Chemistry,24,8,159,False
"kobilka, b",Chemistry,25,8,167,False
"kobilka, b",Chemistry,26,15,182,False
"kobilka, b",Chemistry,27,16,198,False
"kobilka, b",Chemistry,28,12,210,False
"kobilka, b",Chemistry,29,7,217,False
"kobilka, b",Chemistry,30,13,230,False
"kobilka, b",Chemistry,31,14,244,False
"kobilka, b",Chemistry,32,1,245,False
"kohler, g",Medicine,0,1,1,True
"kohler, g",Medicine,1,5,6,False
"kohler, g",Medicine,2,2,8,False
"kohler, g",Medicine,3,3,11,False
"kohler, g",Medicine,5,3,14,False
"kohler, g",Medicine,7,2,16,False
"kohler, g",Medicine,8,2,18,False
"kohler, g",Medicine,9,3,21,False
"kohler, g",Medicine,10,4,25,False
"kohler, g",Medicine,11,2,27,False
"kohler, g",Medicine,12,3,30,False
"kohler, g",Medicine,13,1,31,False
"kohler, g",Medicine,14,2,33,False
"kohler, g",Medicine,15,1,34,False
"kohler, g",Medicine,16,4,38,False
"kohler, g",Medicine,17,2,40,False
"kohler, g",Medicine,18,6,46,False
"kohler, g",Medicine,19,5,51,False
"kohler, g",Medicine,20,4,55,False
"kohn, w",Chemistry,0,1,1,False
"kohn, w",Chemistry,1,1,2,False
"kohn, w",Chemistry,2,2,4,False
"kohn, w",Chemistry,3,1,5,False
"kohn, w",Chemistry,4,2,7,False
"kohn, w",Chemistry,5,2,9,False
"kohn, w",Chemistry,6,2,11,False
"kohn, w",Chemistry,7,4,15,False
"kohn, w",Chemistry,9,6,21,False
"kohn, w",Chemistry,10,5,26,False
"kohn, w",Chemistry,12,3,29,False
"kohn, w",Chemistry,13,4,33,False
"kohn, w",Chemistry,14,5,38,False
"kohn, w",Chemistry,15,3,41,False
"kohn, w",Chemistry,16,1,42,False
"kohn, w",Chemistry,17,1,43,False
"kohn, w",Chemistry,18,1,44,False
"kohn, w",Chemistry,19,2,46,True
"kohn, w",Chemistry,20,5,51,False
"kohn, w",Chemistry,21,1,52,False
"kohn, w",Chemistry,22,1,53,False
"kohn, w",Chemistry,23,3,56,False
"kohn, w",Chemistry,25,4,60,False
"kohn, w",Chemistry,26,2,62,False
"kohn, w",Chemistry,27,5,67,False
"kohn, w",Chemistry,28,8,75,False
"kohn, w",Chemistry,29,5,80,False
"kohn, w",Chemistry,30,5,85,False
"kohn, w",Chemistry,31,2,87,False
"kohn, w",Chemistry,32,2,89,False
"kohn, w",Chemistry,33,3,92,False
"kohn, w",Chemistry,34,2,94,False
"kohn, w",Chemistry,36,1,95,False
"kohn, w",Chemistry,37,2,97,False
"kohn, w",Chemistry,38,1,98,False
"kohn, w",Chemistry,40,6,104,False
"kohn, w",Chemistry,41,4,108,False
"kohn, w",Chemistry,42,5,113,False
"kohn, w",Chemistry,43,6,119,False
"kohn, w",Chemistry,44,5,124,False
"kohn, w",Chemistry,45,1,125,False
"kohn, w",Chemistry,46,3,128,False
"kohn, w",Chemistry,47,1,129,False
"kohn, w",Chemistry,48,4,133,False
"kohn, w",Chemistry,49,1,134,False
"kohn, w",Chemistry,50,3,137,False
"kohn, w",Chemistry,51,3,140,False
"kohn, w",Chemistry,52,1,141,False
"kohn, w",Chemistry,53,2,143,False
"kohn, w",Chemistry,54,2,145,False
"kohn, w",Chemistry,55,1,146,False
"kohn, w",Chemistry,56,3,149,False
"kohn, w",Chemistry,57,1,150,False
"kohn, w",Chemistry,59,1,151,False
"kohn, w",Chemistry,60,1,152,False
"kornberg, a",Medicine,0,1,1,False
"kornberg, a",Medicine,1,1,2,False
"kornberg, a",Medicine,2,1,3,False
"kornberg, a",Medicine,3,3,6,False
"kornberg, a",Medicine,4,4,10,False
"kornberg, a",Medicine,9,1,11,False
"kornberg, a",Medicine,10,2,13,False
"kornberg, a",Medicine,11,1,14,False
"kornberg, a",Medicine,12,3,17,False
"kornberg, a",Medicine,14,2,19,False
"kornberg, a",Medicine,16,4,23,True
"kornberg, a",Medicine,17,2,25,False
"kornberg, a",Medicine,18,2,27,False
"kornberg, a",Medicine,20,1,28,False
"kornberg, a",Medicine,21,1,29,False
"kornberg, a",Medicine,22,2,31,False
"kornberg, a",Medicine,23,2,33,False
"kornberg, a",Medicine,24,1,34,False
"kornberg, a",Medicine,25,3,37,False
"kornberg, a",Medicine,26,4,41,False
"kornberg, a",Medicine,27,5,46,False
"kornberg, a",Medicine,29,4,50,False
"kornberg, a",Medicine,30,3,53,False
"kornberg, a",Medicine,31,4,57,False
"kornberg, a",Medicine,32,4,61,False
"kornberg, a",Medicine,33,4,65,False
"kornberg, a",Medicine,34,5,70,False
"kornberg, a",Medicine,35,4,74,False
"kornberg, a",Medicine,37,7,81,False
"kornberg, a",Medicine,38,3,84,False
"kornberg, a",Medicine,39,5,89,False
"kornberg, a",Medicine,40,3,92,False
"kornberg, a",Medicine,41,4,96,False
"kornberg, a",Medicine,42,4,100,False
"kornberg, a",Medicine,43,3,103,False
"kornberg, a",Medicine,44,2,105,False
"kornberg, a",Medicine,45,4,109,False
"kornberg, a",Medicine,46,4,113,False
"kornberg, a",Medicine,47,3,116,False
"kornberg, a",Medicine,48,3,119,False
"kornberg, a",Medicine,49,4,123,False
"kornberg, a",Medicine,51,4,127,False
"kornberg, a",Medicine,53,5,132,False
"kornberg, a",Medicine,54,4,136,False
"kornberg, a",Medicine,55,6,142,False
"kornberg, a",Medicine,56,2,144,False
"kornberg, a",Medicine,57,1,145,False
"kornberg, a",Medicine,58,6,151,False
"kornberg, a",Medicine,59,3,154,False
"kornberg, a",Medicine,60,3,157,False
"kornberg, r",Chemistry,0,2,2,False
"kornberg, r",Chemistry,6,2,4,False
"kornberg, r",Chemistry,7,1,5,False
"kornberg, r",Chemistry,9,2,7,True
"kornberg, r",Chemistry,10,4,11,False
"kornberg, r",Chemistry,12,2,13,False
"kornberg, r",Chemistry,13,2,15,False
"kornberg, r",Chemistry,14,1,16,False
"kornberg, r",Chemistry,15,1,17,False
"kornberg, r",Chemistry,16,1,18,False
"kornberg, r",Chemistry,17,1,19,False
"kornberg, r",Chemistry,18,2,21,False
"kornberg, r",Chemistry,20,4,25,False
"kornberg, r",Chemistry,21,4,29,False
"kornberg, r",Chemistry,22,6,35,False
"kornberg, r",Chemistry,23,7,42,False
"kornberg, r",Chemistry,24,5,47,False
"kornberg, r",Chemistry,25,7,54,False
"kornberg, r",Chemistry,26,8,62,False
"kornberg, r",Chemistry,27,8,70,False
"kornberg, r",Chemistry,28,5,75,False
"kornberg, r",Chemistry,29,13,88,False
"kornberg, r",Chemistry,30,9,97,False
"kornberg, r",Chemistry,31,11,108,False
"kornberg, r",Chemistry,32,8,116,False
"kornberg, r",Chemistry,33,10,126,False
"kornberg, r",Chemistry,34,13,139,False
"kornberg, r",Chemistry,35,8,147,False
"kornberg, r",Chemistry,36,7,154,False
"kornberg, r",Chemistry,37,6,160,False
"kornberg, r",Chemistry,38,6,166,False
"kornberg, r",Chemistry,39,6,172,False
"kornberg, r",Chemistry,40,7,179,False
"kornberg, r",Chemistry,41,5,184,False
"kornberg, r",Chemistry,42,9,193,False
"kornberg, r",Chemistry,43,5,198,False
"kornberg, r",Chemistry,44,3,201,False
"kornberg, r",Chemistry,45,4,205,False
"kornberg, r",Chemistry,46,7,212,False
"kornberg, r",Chemistry,47,5,217,False
"kornberg, r",Chemistry,48,3,220,False
"kornberg, r",Chemistry,49,5,225,False
"kornberg, r",Chemistry,50,6,231,False
"kornberg, r",Chemistry,51,2,233,False
"kornberg, r",Chemistry,52,7,240,False
"koshiba, m",Physics,0,1,1,False
"koshiba, m",Physics,4,1,2,False
"koshiba, m",Physics,5,1,3,False
"koshiba, m",Physics,7,1,4,False
"koshiba, m",Physics,8,2,6,False
"koshiba, m",Physics,9,1,7,False
"koshiba, m",Physics,10,1,8,False
"koshiba, m",Physics,12,2,10,False
"koshiba, m",Physics,13,1,11,False
"koshiba, m",Physics,16,3,14,False
"koshiba, m",Physics,17,2,16,False
"koshiba, m",Physics,18,1,17,False
"koshiba, m",Physics,20,1,18,False
"koshiba, m",Physics,23,2,20,False
"koshiba, m",Physics,24,4,24,False
"koshiba, m",Physics,26,1,25,False
"koshiba, m",Physics,28,2,27,False
"koshiba, m",Physics,29,5,32,False
"koshiba, m",Physics,30,9,41,False
"koshiba, m",Physics,31,7,48,False
"koshiba, m",Physics,32,9,57,False
"koshiba, m",Physics,33,7,64,False
"koshiba, m",Physics,34,3,67,False
"koshiba, m",Physics,35,5,72,False
"koshiba, m",Physics,36,3,75,True
"koshiba, m",Physics,37,7,82,False
"koshiba, m",Physics,38,4,86,False
"koshiba, m",Physics,39,9,95,False
"koshiba, m",Physics,40,7,102,False
"koshiba, m",Physics,41,5,107,False
"koshiba, m",Physics,42,2,109,False
"koshiba, m",Physics,43,2,111,False
"koshiba, m",Physics,45,2,113,False
"koshiba, m",Physics,46,1,114,False
"koshiba, m",Physics,47,7,121,False
"koshiba, m",Physics,48,8,129,False
"koshiba, m",Physics,49,1,130,False
"koshiba, m",Physics,50,3,133,False
"koshiba, m",Physics,51,2,135,False
"koshiba, m",Physics,52,6,141,False
"koshiba, m",Physics,53,5,146,False
"koshiba, m",Physics,54,2,148,False
"koshiba, m",Physics,55,5,153,False
"koshiba, m",Physics,56,4,157,False
"koshiba, m",Physics,57,2,159,False
"koshiba, m",Physics,58,6,165,False
"koshiba, m",Physics,59,1,166,False
"koshiba, m",Physics,60,4,170,False
"kosterlitz, jm",Physics,0,2,2,False
"kosterlitz, jm",Physics,3,1,3,False
"kosterlitz, jm",Physics,4,2,5,True
"kosterlitz, jm",Physics,5,2,7,False
"kosterlitz, jm",Physics,7,5,12,False
"kosterlitz, jm",Physics,8,4,16,False
"kosterlitz, jm",Physics,9,4,20,False
"kosterlitz, jm",Physics,11,1,21,False
"kosterlitz, jm",Physics,14,2,23,False
"kosterlitz, jm",Physics,15,1,24,False
"kosterlitz, jm",Physics,16,1,25,False
"kosterlitz, jm",Physics,17,7,32,False
"kosterlitz, jm",Physics,18,2,34,False
"kosterlitz, jm",Physics,19,3,37,False
"kosterlitz, jm",Physics,20,4,41,False
"kosterlitz, jm",Physics,21,3,44,False
"kosterlitz, jm",Physics,22,6,50,False
"kosterlitz, jm",Physics,23,2,52,False
"kosterlitz, jm",Physics,24,2,54,False
"kosterlitz, jm",Physics,25,2,56,False
"kosterlitz, jm",Physics,26,1,57,False
"kosterlitz, jm",Physics,27,1,58,False
"kosterlitz, jm",Physics,28,3,61,False
"kosterlitz, jm",Physics,29,4,65,False
"kosterlitz, jm",Physics,30,1,66,False
"kosterlitz, jm",Physics,31,1,67,False
"kosterlitz, jm",Physics,32,1,68,False
"kosterlitz, jm",Physics,33,2,70,False
"kosterlitz, jm",Physics,35,1,71,False
"kosterlitz, jm",Physics,36,1,72,False
"kosterlitz, jm",Physics,41,1,73,False
"kosterlitz, jm",Physics,47,1,74,False
"krebs, eg",Medicine,0,1,1,False
"krebs, eg",Medicine,6,1,2,False
"krebs, eg",Medicine,7,1,3,False
"krebs, eg",Medicine,8,1,4,False
"krebs, eg",Medicine,10,1,5,True
"krebs, eg",Medicine,14,1,6,False
"krebs, eg",Medicine,16,2,8,False
"krebs, eg",Medicine,17,1,9,False
"krebs, eg",Medicine,18,1,10,False
"krebs, eg",Medicine,19,1,11,False
"krebs, eg",Medicine,20,2,13,False
"krebs, eg",Medicine,21,1,14,False
"krebs, eg",Medicine,22,3,17,False
"krebs, eg",Medicine,23,2,19,False
"krebs, eg",Medicine,25,4,23,False
"krebs, eg",Medicine,26,2,25,False
"krebs, eg",Medicine,27,2,27,False
"krebs, eg",Medicine,28,2,29,False
"krebs, eg",Medicine,29,1,30,False
"krebs, eg",Medicine,30,1,31,False
"krebs, eg",Medicine,31,2,33,False
"krebs, eg",Medicine,32,3,36,False
"krebs, eg",Medicine,33,1,37,False
"krebs, eg",Medicine,34,5,42,False
"krebs, eg",Medicine,35,2,44,False
"krebs, eg",Medicine,36,5,49,False
"krebs, eg",Medicine,37,9,58,False
"krebs, eg",Medicine,38,9,67,False
"krebs, eg",Medicine,39,8,75,False
"krebs, eg",Medicine,40,8,83,False
"krebs, eg",Medicine,41,5,88,False
"krebs, eg",Medicine,42,7,95,False
"krebs, eg",Medicine,43,4,99,False
"krebs, eg",Medicine,44,4,103,False
"krebs, eg",Medicine,45,5,108,False
"krebs, eg",Medicine,46,4,112,False
"krebs, eg",Medicine,47,12,124,False
"krebs, eg",Medicine,48,6,130,False
"krebs, eg",Medicine,49,8,138,False
"krebs, eg",Medicine,50,2,140,False
"krebs, eg",Medicine,51,8,148,False
"krebs, eg",Medicine,52,2,150,False
"krebs, eg",Medicine,53,1,151,False
"krebs, eg",Medicine,54,1,152,False
"krebs, eg",Medicine,57,2,154,False
"krebs, eg",Medicine,58,1,155,False
"krebs, ha",Medicine,0,2,2,True
"krebs, ha",Medicine,2,1,3,False
"krebs, ha",Medicine,7,1,4,False
"krebs, ha",Medicine,11,1,5,False
"krebs, ha",Medicine,13,2,7,False
"krebs, ha",Medicine,14,1,8,False
"krebs, ha",Medicine,16,2,10,False
"krebs, ha",Medicine,17,2,12,False
"krebs, ha",Medicine,19,1,13,False
"krebs, ha",Medicine,20,2,15,False
"krebs, ha",Medicine,24,1,16,False
"krebs, ha",Medicine,27,2,18,False
"krebs, ha",Medicine,29,1,19,False
"krebs, ha",Medicine,30,1,20,False
"krebs, ha",Medicine,31,1,21,False
"krebs, ha",Medicine,32,3,24,False
"krebs, ha",Medicine,33,1,25,False
"krebs, ha",Medicine,34,1,26,False
"krebs, ha",Medicine,35,1,27,False
"krebs, ha",Medicine,36,1,28,False
"krebs, ha",Medicine,38,2,30,False
"krebs, ha",Medicine,39,1,31,False
"krebs, ha",Medicine,40,1,32,False
"krebs, ha",Medicine,41,2,34,False
"krebs, ha",Medicine,42,1,35,False
"krebs, ha",Medicine,43,3,38,False
"krebs, ha",Medicine,45,1,39,False
kroemer herbert ,Physics,0,1,1,False
kroemer herbert ,Physics,6,1,2,False
kroemer herbert ,Physics,7,3,5,False
kroemer herbert ,Physics,8,4,9,False
kroemer herbert ,Physics,9,3,12,False
kroemer herbert ,Physics,10,1,13,False
kroemer herbert ,Physics,11,1,14,False
kroemer herbert ,Physics,13,1,15,False
kroemer herbert ,Physics,18,1,16,False
kroemer herbert ,Physics,19,1,17,False
kroemer herbert ,Physics,20,5,22,False
kroemer herbert ,Physics,21,4,26,False
kroemer herbert ,Physics,22,1,27,False
kroemer herbert ,Physics,23,4,31,False
kroemer herbert ,Physics,24,3,34,False
kroemer herbert ,Physics,25,4,38,True
kroemer herbert ,Physics,26,7,45,False
kroemer herbert ,Physics,27,8,53,False
kroemer herbert ,Physics,28,10,63,False
kroemer herbert ,Physics,29,10,73,False
kroemer herbert ,Physics,30,14,87,False
kroemer herbert ,Physics,31,8,95,False
kroemer herbert ,Physics,32,10,105,False
kroemer herbert ,Physics,33,9,114,False
kroemer herbert ,Physics,34,16,130,False
kroemer herbert ,Physics,35,17,147,False
kroemer herbert ,Physics,36,19,166,False
kroemer herbert ,Physics,37,16,182,False
kroemer herbert ,Physics,38,5,187,False
kroemer herbert ,Physics,39,14,201,False
kroemer herbert ,Physics,40,6,207,False
kroemer herbert ,Physics,41,12,219,False
kroemer herbert ,Physics,42,10,229,False
kroemer herbert ,Physics,43,4,233,False
kroemer herbert ,Physics,44,4,237,False
kroemer herbert ,Physics,45,1,238,False
kroemer herbert ,Physics,46,1,239,False
kroemer herbert ,Physics,47,2,241,False
kroemer herbert ,Physics,48,2,243,False
kroemer herbert ,Physics,51,1,244,False
kroemer herbert ,Physics,55,1,245,False
kroemer herbert ,Physics,56,1,246,False
kroemer herbert ,Physics,57,1,247,False
"krogh, a",Medicine,0,1,1,False
"krogh, a",Medicine,3,2,3,True
"krogh, a",Medicine,7,1,4,False
"krogh, a",Medicine,9,3,7,False
"krogh, a",Medicine,10,2,9,False
"krogh, a",Medicine,13,1,10,False
"krogh, a",Medicine,21,1,11,False
"krogh, a",Medicine,24,1,12,False
"krogh, a",Medicine,25,1,13,False
"krogh, a",Medicine,26,2,15,False
"kroto, h",Chemistry,0,1,1,False
"kroto, h",Chemistry,2,1,2,False
"kroto, h",Chemistry,3,1,3,False
"kroto, h",Chemistry,4,2,5,False
"kroto, h",Chemistry,5,2,7,False
"kroto, h",Chemistry,7,2,9,False
"kroto, h",Chemistry,9,7,16,False
"kroto, h",Chemistry,10,2,18,False
"kroto, h",Chemistry,11,2,20,False
"kroto, h",Chemistry,12,4,24,False
"kroto, h",Chemistry,13,6,30,False
"kroto, h",Chemistry,14,4,34,False
"kroto, h",Chemistry,15,14,48,False
"kroto, h",Chemistry,16,7,55,False
"kroto, h",Chemistry,17,9,64,False
"kroto, h",Chemistry,18,9,73,False
"kroto, h",Chemistry,19,10,83,False
"kroto, h",Chemistry,20,5,88,False
"kroto, h",Chemistry,21,6,94,False
"kroto, h",Chemistry,22,10,104,True
"kroto, h",Chemistry,23,6,110,False
"kroto, h",Chemistry,24,3,113,False
"kroto, h",Chemistry,25,8,121,False
"kroto, h",Chemistry,26,6,127,False
"kroto, h",Chemistry,27,10,137,False
"kroto, h",Chemistry,28,17,154,False
"kroto, h",Chemistry,29,25,179,False
"kroto, h",Chemistry,30,17,196,False
"kroto, h",Chemistry,31,18,214,False
"kroto, h",Chemistry,32,12,226,False
"kroto, h",Chemistry,33,12,238,False
"kroto, h",Chemistry,34,18,256,False
"kroto, h",Chemistry,35,8,264,False
"kroto, h",Chemistry,36,15,279,False
"kroto, h",Chemistry,37,17,296,False
"kroto, h",Chemistry,38,20,316,False
"kroto, h",Chemistry,39,12,328,False
"kroto, h",Chemistry,40,7,335,False
"kroto, h",Chemistry,41,6,341,False
"kroto, h",Chemistry,42,9,350,False
"kroto, h",Chemistry,43,6,356,False
"kroto, h",Chemistry,44,2,358,False
"kroto, h",Chemistry,45,1,359,False
"kroto, h",Chemistry,46,2,361,False
"kroto, h",Chemistry,47,8,369,False
"kroto, h",Chemistry,48,3,372,False
"kroto, h",Chemistry,49,6,378,False
"kroto, h",Chemistry,50,9,387,False
"kroto, h",Chemistry,51,3,390,False
"kroto, h",Chemistry,52,4,394,False
"kroto, h",Chemistry,53,3,397,False
"kroto, h",Chemistry,54,1,398,False
"kuhn, r",Chemistry,0,1,1,False
"kuhn, r",Chemistry,2,6,7,False
"kuhn, r",Chemistry,3,6,13,False
"kuhn, r",Chemistry,4,4,17,False
"kuhn, r",Chemistry,5,4,21,False
"kuhn, r",Chemistry,6,7,28,False
"kuhn, r",Chemistry,7,24,52,False
"kuhn, r",Chemistry,8,9,61,False
"kuhn, r",Chemistry,9,7,68,False
"kuhn, r",Chemistry,10,17,85,False
"kuhn, r",Chemistry,11,20,105,False
"kuhn, r",Chemistry,12,24,129,True
"kuhn, r",Chemistry,13,35,164,False
"kuhn, r",Chemistry,14,29,193,False
"kuhn, r",Chemistry,15,17,210,False
"kuhn, r",Chemistry,16,18,228,False
"kuhn, r",Chemistry,17,20,248,False
"kuhn, r",Chemistry,18,15,263,False
"kuhn, r",Chemistry,19,16,279,False
"kuhn, r",Chemistry,20,10,289,False
"kuhn, r",Chemistry,21,5,294,False
"kuhn, r",Chemistry,22,8,302,False
"kuhn, r",Chemistry,23,5,307,False
"kuhn, r",Chemistry,26,7,314,False
"kuhn, r",Chemistry,27,5,319,False
"kuhn, r",Chemistry,28,11,330,False
"kuhn, r",Chemistry,29,5,335,False
"kuhn, r",Chemistry,30,12,347,False
"kuhn, r",Chemistry,31,12,359,False
"kuhn, r",Chemistry,32,19,378,False
"kuhn, r",Chemistry,33,24,402,False
"kuhn, r",Chemistry,34,13,415,False
"kuhn, r",Chemistry,35,18,433,False
"kuhn, r",Chemistry,36,16,449,False
"kuhn, r",Chemistry,37,25,474,False
"kuhn, r",Chemistry,38,14,488,False
"kuhn, r",Chemistry,39,10,498,False
"kuhn, r",Chemistry,40,18,516,False
"kuhn, r",Chemistry,41,16,532,False
"kuhn, r",Chemistry,42,23,555,False
"kuhn, r",Chemistry,43,16,571,False
"kuhn, r",Chemistry,44,10,581,False
"kuhn, r",Chemistry,45,11,592,False
"kuhn, r",Chemistry,46,7,599,False
"kuhn, r",Chemistry,47,8,607,False
"kusch, p",Physics,0,2,2,False
"kusch, p",Physics,1,5,7,False
"kusch, p",Physics,2,3,10,False
"kusch, p",Physics,9,1,11,False
"kusch, p",Physics,10,2,13,True
"kusch, p",Physics,11,5,18,False
"kusch, p",Physics,12,6,24,False
"kusch, p",Physics,13,3,27,False
"kusch, p",Physics,14,4,31,False
"kusch, p",Physics,15,4,35,False
"kusch, p",Physics,16,3,38,False
"kusch, p",Physics,17,2,40,False
"kusch, p",Physics,18,5,45,False
"kusch, p",Physics,19,5,50,False
"kusch, p",Physics,20,3,53,False
"kusch, p",Physics,21,2,55,False
"kusch, p",Physics,23,1,56,False
"kusch, p",Physics,26,1,57,False
"kusch, p",Physics,27,1,58,False
"kusch, p",Physics,31,1,59,False
"lamb, we",Physics,0,1,1,False
"lamb, we",Physics,1,1,2,False
"lamb, we",Physics,2,3,5,False
"lamb, we",Physics,3,1,6,False
"lamb, we",Physics,4,1,7,False
"lamb, we",Physics,7,1,8,False
"lamb, we",Physics,8,1,9,False
"lamb, we",Physics,9,1,10,False
"lamb, we",Physics,10,1,11,True
"lamb, we",Physics,12,1,12,False
"lamb, we",Physics,13,2,14,False
"lamb, we",Physics,14,2,16,False
"lamb, we",Physics,15,2,18,False
"lamb, we",Physics,16,2,20,False
"lamb, we",Physics,19,2,22,False
"lamb, we",Physics,20,3,25,False
"lamb, we",Physics,23,1,26,False
"lamb, we",Physics,26,1,27,False
"lamb, we",Physics,27,1,28,False
"lamb, we",Physics,29,1,29,False
"lamb, we",Physics,30,2,31,False
"lamb, we",Physics,31,2,33,False
"lamb, we",Physics,32,5,38,False
"lamb, we",Physics,33,4,42,False
"lamb, we",Physics,34,4,46,False
"lamb, we",Physics,35,4,50,False
"lamb, we",Physics,36,4,54,False
"lamb, we",Physics,39,1,55,False
"lamb, we",Physics,40,1,56,False
"lamb, we",Physics,41,1,57,False
"lamb, we",Physics,42,1,58,False
"lamb, we",Physics,43,2,60,False
"lamb, we",Physics,47,1,61,False
"lamb, we",Physics,49,1,62,False
"lamb, we",Physics,50,2,64,False
"lamb, we",Physics,54,1,65,False
"lamb, we",Physics,55,1,66,False
"lamb, we",Physics,56,1,67,False
"lamb, we",Physics,60,1,68,False
"landau, l",Physics,0,1,1,True
"landau, l",Physics,8,1,2,False
"langmuir, i",Chemistry,0,1,1,False
"langmuir, i",Chemistry,2,1,2,False
"langmuir, i",Chemistry,6,4,6,False
"langmuir, i",Chemistry,7,7,13,False
"langmuir, i",Chemistry,8,3,16,False
"langmuir, i",Chemistry,9,7,23,False
"langmuir, i",Chemistry,10,8,31,False
"langmuir, i",Chemistry,11,5,36,True
"langmuir, i",Chemistry,12,2,38,False
"langmuir, i",Chemistry,13,5,43,False
"langmuir, i",Chemistry,14,7,50,False
"langmuir, i",Chemistry,15,4,54,False
"langmuir, i",Chemistry,16,4,58,False
"langmuir, i",Chemistry,17,8,66,False
"langmuir, i",Chemistry,18,4,70,False
"langmuir, i",Chemistry,19,3,73,False
"langmuir, i",Chemistry,20,3,76,False
"langmuir, i",Chemistry,21,2,78,False
"langmuir, i",Chemistry,22,5,83,False
"langmuir, i",Chemistry,23,10,93,False
"langmuir, i",Chemistry,24,6,99,False
"langmuir, i",Chemistry,25,6,105,False
"langmuir, i",Chemistry,26,7,112,False
"langmuir, i",Chemistry,27,4,116,False
"langmuir, i",Chemistry,28,3,119,False
"langmuir, i",Chemistry,29,2,121,False
"langmuir, i",Chemistry,30,4,125,False
"langmuir, i",Chemistry,31,8,133,False
"langmuir, i",Chemistry,32,11,144,False
"langmuir, i",Chemistry,33,6,150,False
"langmuir, i",Chemistry,34,2,152,False
"langmuir, i",Chemistry,37,3,155,False
"langmuir, i",Chemistry,38,1,156,False
"langmuir, i",Chemistry,42,1,157,False
"langmuir, i",Chemistry,44,1,158,False
"langmuir, i",Chemistry,45,1,159,False
"laue, m",Physics,0,1,1,True
"laughlin, rb",Physics,0,1,1,False
"laughlin, rb",Physics,1,2,3,False
"laughlin, rb",Physics,2,1,4,False
"laughlin, rb",Physics,3,1,5,False
"laughlin, rb",Physics,4,2,7,True
"laughlin, rb",Physics,5,3,10,False
"laughlin, rb",Physics,6,2,12,False
"laughlin, rb",Physics,7,3,15,False
"laughlin, rb",Physics,8,4,19,False
"laughlin, rb",Physics,9,2,21,False
"laughlin, rb",Physics,10,4,25,False
"laughlin, rb",Physics,11,2,27,False
"laughlin, rb",Physics,12,4,31,False
"laughlin, rb",Physics,13,4,35,False
"laughlin, rb",Physics,14,1,36,False
"laughlin, rb",Physics,15,5,41,False
"laughlin, rb",Physics,16,3,44,False
"laughlin, rb",Physics,17,2,46,False
"laughlin, rb",Physics,18,2,48,False
"laughlin, rb",Physics,19,2,50,False
"laughlin, rb",Physics,20,2,52,False
"laughlin, rb",Physics,21,2,54,False
"laughlin, rb",Physics,22,8,62,False
"laughlin, rb",Physics,23,3,65,False
"laughlin, rb",Physics,24,2,67,False
"laughlin, rb",Physics,25,3,70,False
"laughlin, rb",Physics,26,1,71,False
"laughlin, rb",Physics,27,1,72,False
"laughlin, rb",Physics,35,2,74,False
"laughlin, rb",Physics,36,1,75,False
"lauterbur, pc",Medicine,0,2,2,False
"lauterbur, pc",Medicine,1,4,6,False
"lauterbur, pc",Medicine,2,2,8,False
"lauterbur, pc",Medicine,4,1,9,False
"lauterbur, pc",Medicine,5,4,13,False
"lauterbur, pc",Medicine,6,2,15,False
"lauterbur, pc",Medicine,7,3,18,False
"lauterbur, pc",Medicine,8,2,20,False
"lauterbur, pc",Medicine,9,3,23,False
"lauterbur, pc",Medicine,12,1,24,False
"lauterbur, pc",Medicine,14,1,25,False
"lauterbur, pc",Medicine,16,1,26,False
"lauterbur, pc",Medicine,17,1,27,True
"lauterbur, pc",Medicine,18,1,28,False
"lauterbur, pc",Medicine,19,1,29,False
"lauterbur, pc",Medicine,21,1,30,False
"lauterbur, pc",Medicine,23,4,34,False
"lauterbur, pc",Medicine,24,4,38,False
"lauterbur, pc",Medicine,25,3,41,False
"lauterbur, pc",Medicine,26,6,47,False
"lauterbur, pc",Medicine,27,1,48,False
"lauterbur, pc",Medicine,28,6,54,False
"lauterbur, pc",Medicine,29,1,55,False
"lauterbur, pc",Medicine,30,5,60,False
"lauterbur, pc",Medicine,31,1,61,False
"lauterbur, pc",Medicine,32,2,63,False
"lauterbur, pc",Medicine,33,1,64,False
"lauterbur, pc",Medicine,34,1,65,False
"lauterbur, pc",Medicine,35,2,67,False
"lauterbur, pc",Medicine,37,5,72,False
"lauterbur, pc",Medicine,38,1,73,False
"lauterbur, pc",Medicine,39,2,75,False
"lauterbur, pc",Medicine,40,4,79,False
"lauterbur, pc",Medicine,41,7,86,False
"lauterbur, pc",Medicine,42,1,87,False
"lauterbur, pc",Medicine,43,3,90,False
"lauterbur, pc",Medicine,45,1,91,False
"lauterbur, pc",Medicine,47,1,92,False
"lauterbur, pc",Medicine,48,1,93,False
"lauterbur, pc",Medicine,49,3,96,False
"lauterbur, pc",Medicine,54,1,97,False
"lawrence, eo",Physics,0,4,4,False
"lawrence, eo",Physics,1,2,6,False
"lawrence, eo",Physics,2,1,7,False
"lawrence, eo",Physics,3,4,11,False
"lawrence, eo",Physics,4,2,13,False
"lawrence, eo",Physics,5,2,15,True
"lawrence, eo",Physics,6,1,16,False
"lawrence, eo",Physics,7,5,21,False
"lawrence, eo",Physics,8,6,27,False
"lawrence, eo",Physics,9,4,31,False
"lawrence, eo",Physics,10,3,34,False
"lawrence, eo",Physics,11,2,36,False
"lawrence, eo",Physics,13,1,37,False
"lawrence, eo",Physics,15,1,38,False
"lawrence, eo",Physics,27,1,39,False
"lawrence, eo",Physics,29,1,40,False
"lawrence, eo",Physics,31,1,41,False
"lederberg, j",Medicine,0,3,3,True
"lederberg, j",Medicine,2,1,4,False
"lederberg, j",Medicine,3,1,5,False
"lederberg, j",Medicine,5,2,7,False
"lederberg, j",Medicine,6,2,9,False
"lederberg, j",Medicine,7,3,12,False
"lederberg, j",Medicine,8,1,13,False
"lederberg, j",Medicine,9,3,16,False
"lederberg, j",Medicine,10,2,18,False
"lederberg, j",Medicine,11,4,22,False
"lederberg, j",Medicine,12,3,25,False
"lederberg, j",Medicine,13,2,27,False
"lederberg, j",Medicine,14,2,29,False
"lederberg, j",Medicine,15,3,32,False
"lederberg, j",Medicine,16,1,33,False
"lederberg, j",Medicine,17,2,35,False
"lederberg, j",Medicine,18,2,37,False
"lederberg, j",Medicine,19,4,41,False
"lederberg, j",Medicine,20,3,44,False
"lederberg, j",Medicine,21,4,48,False
"lederberg, j",Medicine,22,1,49,False
"lederberg, j",Medicine,23,6,55,False
"lederberg, j",Medicine,24,8,63,False
"lederberg, j",Medicine,25,4,67,False
"lederberg, j",Medicine,26,8,75,False
"lederberg, j",Medicine,27,2,77,False
"lederberg, j",Medicine,28,1,78,False
"lederberg, j",Medicine,29,5,83,False
"lederberg, j",Medicine,30,9,92,False
"lederberg, j",Medicine,32,1,93,False
"lederberg, j",Medicine,33,3,96,False
"lederberg, j",Medicine,34,2,98,False
"lederberg, j",Medicine,35,2,100,False
"lederberg, j",Medicine,37,1,101,False
"lederberg, j",Medicine,40,2,103,False
"lederberg, j",Medicine,41,1,104,False
"lederberg, j",Medicine,42,5,109,False
"lederberg, j",Medicine,47,2,111,False
"lederberg, j",Medicine,48,2,113,False
"lederberg, j",Medicine,49,1,114,False
"lederberg, j",Medicine,50,4,118,False
"lederberg, j",Medicine,51,3,121,False
"lederberg, j",Medicine,52,2,123,False
"lederberg, j",Medicine,53,1,124,False
"lederberg, j",Medicine,54,2,126,False
"lederberg, j",Medicine,55,1,127,False
"lederberg, j",Medicine,56,1,128,False
"lederberg, j",Medicine,57,3,131,False
"lederberg, j",Medicine,58,1,132,False
"lederberg, j",Medicine,59,2,134,False
"lederberg, j",Medicine,60,1,135,False
"lederman, lm",Physics,0,1,1,False
"lederman, lm",Physics,1,5,6,False
"lederman, lm",Physics,2,1,7,False
"lederman, lm",Physics,3,1,8,False
"lederman, lm",Physics,4,3,11,False
"lederman, lm",Physics,5,3,14,False
"lederman, lm",Physics,6,3,17,False
"lederman, lm",Physics,7,6,23,False
"lederman, lm",Physics,8,5,28,False
"lederman, lm",Physics,9,2,30,False
"lederman, lm",Physics,10,2,32,False
"lederman, lm",Physics,12,3,35,True
"lederman, lm",Physics,13,6,41,False
"lederman, lm",Physics,15,7,48,False
"lederman, lm",Physics,16,1,49,False
"lederman, lm",Physics,18,1,50,False
"lederman, lm",Physics,19,1,51,False
"lederman, lm",Physics,20,2,53,False
"lederman, lm",Physics,21,2,55,False
"lederman, lm",Physics,23,3,58,False
"lederman, lm",Physics,24,11,69,False
"lederman, lm",Physics,25,4,73,False
"lederman, lm",Physics,26,4,77,False
"lederman, lm",Physics,27,3,80,False
"lederman, lm",Physics,28,9,89,False
"lederman, lm",Physics,29,7,96,False
"lederman, lm",Physics,30,3,99,False
"lederman, lm",Physics,31,6,105,False
"lederman, lm",Physics,32,1,106,False
"lederman, lm",Physics,33,2,108,False
"lederman, lm",Physics,34,1,109,False
"lederman, lm",Physics,35,2,111,False
"lederman, lm",Physics,36,4,115,False
"lederman, lm",Physics,38,2,117,False
"lederman, lm",Physics,39,5,122,False
"lederman, lm",Physics,41,1,123,False
"lederman, lm",Physics,42,3,126,False
"lederman, lm",Physics,43,2,128,False
"lederman, lm",Physics,44,4,132,False
"lederman, lm",Physics,45,3,135,False
"lederman, lm",Physics,46,2,137,False
"lederman, lm",Physics,47,1,138,False
"lederman, lm",Physics,48,2,140,False
"lederman, lm",Physics,50,3,143,False
"lederman, lm",Physics,51,2,145,False
"lederman, lm",Physics,52,1,146,False
"lederman, lm",Physics,53,2,148,False
"lederman, lm",Physics,54,4,152,False
"lederman, lm",Physics,55,6,158,False
"lederman, lm",Physics,56,1,159,False
"lederman, lm",Physics,57,2,161,False
"lederman, lm",Physics,59,1,162,False
"lee, dm",Physics,0,2,2,False
"lee, dm",Physics,2,1,3,False
"lee, dm",Physics,3,1,4,False
"lee, dm",Physics,5,2,6,False
"lee, dm",Physics,6,1,7,False
"lee, dm",Physics,8,2,9,False
"lee, dm",Physics,10,2,11,False
"lee, dm",Physics,12,2,13,False
"lee, dm",Physics,13,5,18,True
"lee, dm",Physics,14,4,22,False
"lee, dm",Physics,15,2,24,False
"lee, dm",Physics,16,3,27,False
"lee, dm",Physics,17,2,29,False
"lee, dm",Physics,18,2,31,False
"lee, dm",Physics,19,1,32,False
"lee, dm",Physics,21,3,35,False
"lee, dm",Physics,22,5,40,False
"lee, dm",Physics,24,5,45,False
"lee, dm",Physics,25,2,47,False
"lee, dm",Physics,26,1,48,False
"lee, dm",Physics,27,1,49,False
"lee, dm",Physics,28,5,54,False
"lee, dm",Physics,29,1,55,False
"lee, dm",Physics,30,2,57,False
"lee, dm",Physics,31,4,61,False
"lee, dm",Physics,32,2,63,False
"lee, dm",Physics,33,5,68,False
"lee, dm",Physics,34,1,69,False
"lee, dm",Physics,35,4,73,False
"lee, dm",Physics,36,4,77,False
"lee, dm",Physics,38,1,78,False
"lee, dm",Physics,39,3,81,False
"lee, dm",Physics,41,5,86,False
"lee, dm",Physics,42,1,87,False
"lee, dm",Physics,43,2,89,False
"lee, dm",Physics,44,3,92,False
"lee, dm",Physics,45,5,97,False
"lee, dm",Physics,46,2,99,False
"lee, dm",Physics,47,1,100,False
"lee, dm",Physics,48,3,103,False
"lee, dm",Physics,49,2,105,False
"lee, dm",Physics,50,5,110,False
"lee, dm",Physics,51,1,111,False
"lee, dm",Physics,52,2,113,False
"lee, dm",Physics,53,2,115,False
"lee, dm",Physics,54,6,121,False
"lee, dm",Physics,55,6,127,False
"lee, dm",Physics,56,3,130,False
"lee, dm",Physics,57,5,135,False
"lee, dm",Physics,58,6,141,False
"lee, td",Physics,0,1,1,False
"lee, td",Physics,3,2,3,False
"lee, td",Physics,4,1,4,False
"lee, td",Physics,5,1,5,False
"lee, td",Physics,6,2,7,False
"lee, td",Physics,7,5,12,True
"lee, td",Physics,8,8,20,False
"lee, td",Physics,9,4,24,False
"lee, td",Physics,10,2,26,False
"lee, td",Physics,11,5,31,False
"lee, td",Physics,12,2,33,False
"lee, td",Physics,13,4,37,False
"lee, td",Physics,14,3,40,False
"lee, td",Physics,15,5,45,False
"lee, td",Physics,16,8,53,False
"lee, td",Physics,17,6,59,False
"lee, td",Physics,18,3,62,False
"lee, td",Physics,19,2,64,False
"lee, td",Physics,20,3,67,False
"lee, td",Physics,21,2,69,False
"lee, td",Physics,22,3,72,False
"lee, td",Physics,23,1,73,False
"lee, td",Physics,24,1,74,False
"lee, td",Physics,25,1,75,False
"lee, td",Physics,26,3,78,False
"lee, td",Physics,27,2,80,False
"lee, td",Physics,28,2,82,False
"lee, td",Physics,29,1,83,False
"lee, td",Physics,30,2,85,False
"lee, td",Physics,31,1,86,False
"lee, td",Physics,33,2,88,False
"lee, td",Physics,34,2,90,False
"lee, td",Physics,35,2,92,False
"lee, td",Physics,36,1,93,False
"lee, td",Physics,37,3,96,False
"lee, td",Physics,38,6,102,False
"lee, td",Physics,40,4,106,False
"lee, td",Physics,41,1,107,False
"lee, td",Physics,42,4,111,False
"lee, td",Physics,43,6,117,False
"lee, td",Physics,44,3,120,False
"lee, td",Physics,45,2,122,False
"lee, td",Physics,46,2,124,False
"lee, td",Physics,47,1,125,False
"lee, td",Physics,50,1,126,False
"lee, td",Physics,52,3,129,False
"lee, td",Physics,54,1,130,False
"lee, td",Physics,55,1,131,False
"lee, td",Physics,56,2,133,False
"lee, td",Physics,57,3,136,False
"lee, td",Physics,58,1,137,False
"lee, td",Physics,59,6,143,False
"lee, td",Physics,60,1,144,False
"lee, y",Chemistry,0,1,1,False
"lee, y",Chemistry,2,1,2,False
"lee, y",Chemistry,3,2,4,False
"lee, y",Chemistry,4,3,7,True
"lee, y",Chemistry,5,3,10,False
"lee, y",Chemistry,6,4,14,False
"lee, y",Chemistry,7,7,21,False
"lee, y",Chemistry,8,13,34,False
"lee, y",Chemistry,9,8,42,False
"lee, y",Chemistry,10,2,44,False
"lee, y",Chemistry,11,8,52,False
"lee, y",Chemistry,12,8,60,False
"lee, y",Chemistry,13,5,65,False
"lee, y",Chemistry,14,12,77,False
"lee, y",Chemistry,15,10,87,False
"lee, y",Chemistry,16,10,97,False
"lee, y",Chemistry,17,21,118,False
"lee, y",Chemistry,18,10,128,False
"lee, y",Chemistry,19,11,139,False
"lee, y",Chemistry,20,8,147,False
"lee, y",Chemistry,21,13,160,False
"lee, y",Chemistry,22,19,179,False
"lee, y",Chemistry,23,21,200,False
"lee, y",Chemistry,24,19,219,False
"lee, y",Chemistry,25,22,241,False
"lee, y",Chemistry,26,10,251,False
"lee, y",Chemistry,27,10,261,False
"lee, y",Chemistry,28,9,270,False
"lee, y",Chemistry,29,5,275,False
"lee, y",Chemistry,30,12,287,False
"lee, y",Chemistry,31,8,295,False
"lee, y",Chemistry,32,18,313,False
"lee, y",Chemistry,33,24,337,False
"lee, y",Chemistry,34,25,362,False
"lee, y",Chemistry,35,27,389,False
"lee, y",Chemistry,36,20,409,False
"lee, y",Chemistry,37,15,424,False
"lee, y",Chemistry,38,14,438,False
"lee, y",Chemistry,39,16,454,False
"lee, y",Chemistry,40,11,465,False
"lee, y",Chemistry,41,13,478,False
"lee, y",Chemistry,42,14,492,False
"lee, y",Chemistry,43,8,500,False
"lee, y",Chemistry,44,11,511,False
"lee, y",Chemistry,45,23,534,False
"lee, y",Chemistry,46,11,545,False
"lee, y",Chemistry,47,8,553,False
"lee, y",Chemistry,48,12,565,False
"lee, y",Chemistry,49,12,577,False
"lee, y",Chemistry,50,1,578,False
"lee, y",Chemistry,51,1,579,False
"lee, y",Chemistry,52,1,580,False
"lefkowitz, r",Chemistry,0,3,3,False
"lefkowitz, r",Chemistry,1,2,5,False
"lefkowitz, r",Chemistry,2,2,7,False
"lefkowitz, r",Chemistry,3,4,11,False
"lefkowitz, r",Chemistry,4,7,18,False
"lefkowitz, r",Chemistry,5,10,28,False
"lefkowitz, r",Chemistry,6,14,42,False
"lefkowitz, r",Chemistry,7,10,52,False
"lefkowitz, r",Chemistry,8,5,57,False
"lefkowitz, r",Chemistry,9,13,70,False
"lefkowitz, r",Chemistry,10,17,87,False
"lefkowitz, r",Chemistry,11,11,98,False
"lefkowitz, r",Chemistry,12,11,109,False
"lefkowitz, r",Chemistry,13,19,128,False
"lefkowitz, r",Chemistry,14,22,150,False
"lefkowitz, r",Chemistry,15,9,159,False
"lefkowitz, r",Chemistry,16,13,172,True
"lefkowitz, r",Chemistry,17,12,184,False
"lefkowitz, r",Chemistry,18,15,199,False
"lefkowitz, r",Chemistry,19,11,210,False
"lefkowitz, r",Chemistry,20,13,223,False
"lefkowitz, r",Chemistry,21,14,237,False
"lefkowitz, r",Chemistry,22,9,246,False
"lefkowitz, r",Chemistry,23,10,256,False
"lefkowitz, r",Chemistry,24,10,266,False
"lefkowitz, r",Chemistry,25,19,285,False
"lefkowitz, r",Chemistry,26,22,307,False
"lefkowitz, r",Chemistry,27,21,328,False
"lefkowitz, r",Chemistry,28,19,347,False
"lefkowitz, r",Chemistry,29,24,371,False
"lefkowitz, r",Chemistry,30,21,392,False
"lefkowitz, r",Chemistry,31,20,412,False
"lefkowitz, r",Chemistry,32,18,430,False
"lefkowitz, r",Chemistry,33,20,450,False
"lefkowitz, r",Chemistry,34,23,473,False
"lefkowitz, r",Chemistry,35,15,488,False
"lefkowitz, r",Chemistry,36,9,497,False
"lefkowitz, r",Chemistry,37,13,510,False
"lefkowitz, r",Chemistry,38,14,524,False
"lefkowitz, r",Chemistry,39,11,535,False
"lefkowitz, r",Chemistry,40,4,539,False
"lefkowitz, r",Chemistry,41,11,550,False
"lefkowitz, r",Chemistry,42,3,553,False
"lefkowitz, r",Chemistry,43,8,561,False
"lefkowitz, r",Chemistry,44,6,567,False
"lefkowitz, r",Chemistry,45,1,568,False
"lefkowitz, r",Chemistry,46,4,572,False
"lefkowitz, r",Chemistry,47,6,578,False
"lefkowitz, r",Chemistry,48,2,580,False
"leggett, aj",Physics,0,1,1,True
"leggett, aj",Physics,1,3,4,False
"leggett, aj",Physics,3,2,6,False
"leggett, aj",Physics,5,3,9,False
"leggett, aj",Physics,7,1,10,False
"leggett, aj",Physics,8,1,11,False
"leggett, aj",Physics,9,2,13,False
"leggett, aj",Physics,10,3,16,False
"leggett, aj",Physics,11,3,19,False
"leggett, aj",Physics,12,3,22,False
"leggett, aj",Physics,13,3,25,False
"leggett, aj",Physics,15,2,27,False
"leggett, aj",Physics,16,2,29,False
"leggett, aj",Physics,18,3,32,False
"leggett, aj",Physics,19,6,38,False
"leggett, aj",Physics,20,4,42,False
"leggett, aj",Physics,21,1,43,False
"leggett, aj",Physics,22,5,48,False
"leggett, aj",Physics,23,3,51,False
"leggett, aj",Physics,24,4,55,False
"leggett, aj",Physics,26,3,58,False
"leggett, aj",Physics,27,3,61,False
"leggett, aj",Physics,28,3,64,False
"leggett, aj",Physics,29,4,68,False
"leggett, aj",Physics,30,5,73,False
"leggett, aj",Physics,31,4,77,False
"leggett, aj",Physics,32,2,79,False
"leggett, aj",Physics,33,7,86,False
"leggett, aj",Physics,34,5,91,False
"leggett, aj",Physics,36,4,95,False
"leggett, aj",Physics,37,6,101,False
"leggett, aj",Physics,38,9,110,False
"leggett, aj",Physics,39,5,115,False
"leggett, aj",Physics,40,4,119,False
"leggett, aj",Physics,41,2,121,False
"leggett, aj",Physics,42,3,124,False
"leggett, aj",Physics,43,2,126,False
"leggett, aj",Physics,44,3,129,False
"leggett, aj",Physics,45,2,131,False
"leggett, aj",Physics,46,4,135,False
"leggett, aj",Physics,48,3,138,False
"leggett, aj",Physics,49,3,141,False
"leggett, aj",Physics,50,2,143,False
"leggett, aj",Physics,51,4,147,False
"lehn, j",Chemistry,0,1,1,False
"lehn, j",Chemistry,2,3,4,False
"lehn, j",Chemistry,3,2,6,False
"lehn, j",Chemistry,4,3,9,False
"lehn, j",Chemistry,5,3,12,False
"lehn, j",Chemistry,6,5,17,False
"lehn, j",Chemistry,7,6,23,False
"lehn, j",Chemistry,8,7,30,True
"lehn, j",Chemistry,9,13,43,False
"lehn, j",Chemistry,10,3,46,False
"lehn, j",Chemistry,11,7,53,False
"lehn, j",Chemistry,12,8,61,False
"lehn, j",Chemistry,13,16,77,False
"lehn, j",Chemistry,14,9,86,False
"lehn, j",Chemistry,15,8,94,False
"lehn, j",Chemistry,16,8,102,False
"lehn, j",Chemistry,17,12,114,False
"lehn, j",Chemistry,18,9,123,False
"lehn, j",Chemistry,19,17,140,False
"lehn, j",Chemistry,20,14,154,False
"lehn, j",Chemistry,21,11,165,False
"lehn, j",Chemistry,22,15,180,False
"lehn, j",Chemistry,23,15,195,False
"lehn, j",Chemistry,24,26,221,False
"lehn, j",Chemistry,25,15,236,False
"lehn, j",Chemistry,26,25,261,False
"lehn, j",Chemistry,27,23,284,False
"lehn, j",Chemistry,28,19,303,False
"lehn, j",Chemistry,29,19,322,False
"lehn, j",Chemistry,30,20,342,False
"lehn, j",Chemistry,31,13,355,False
"lehn, j",Chemistry,32,19,374,False
"lehn, j",Chemistry,33,17,391,False
"lehn, j",Chemistry,34,27,418,False
"lehn, j",Chemistry,35,24,442,False
"lehn, j",Chemistry,36,30,472,False
"lehn, j",Chemistry,37,16,488,False
"lehn, j",Chemistry,38,32,520,False
"lehn, j",Chemistry,39,18,538,False
"lehn, j",Chemistry,40,19,557,False
"lehn, j",Chemistry,41,16,573,False
"lehn, j",Chemistry,42,17,590,False
"lehn, j",Chemistry,43,21,611,False
"lehn, j",Chemistry,44,20,631,False
"lehn, j",Chemistry,45,25,656,False
"lehn, j",Chemistry,46,17,673,False
"lehn, j",Chemistry,47,14,687,False
"lehn, j",Chemistry,48,16,703,False
"lehn, j",Chemistry,49,12,715,False
"lehn, j",Chemistry,50,15,730,False
"lehn, j",Chemistry,51,12,742,False
"lehn, j",Chemistry,52,9,751,False
"lehn, j",Chemistry,53,14,765,False
"leloir, l",Chemistry,0,1,1,False
"leloir, l",Chemistry,1,1,2,False
"leloir, l",Chemistry,3,4,6,False
"leloir, l",Chemistry,5,1,7,True
"leloir, l",Chemistry,6,1,8,False
"leloir, l",Chemistry,7,2,10,False
"leloir, l",Chemistry,8,1,11,False
"leloir, l",Chemistry,9,1,12,False
"leloir, l",Chemistry,10,1,13,False
"leloir, l",Chemistry,11,1,14,False
"leloir, l",Chemistry,13,1,15,False
"leloir, l",Chemistry,14,2,17,False
"leloir, l",Chemistry,15,2,19,False
"leloir, l",Chemistry,16,1,20,False
"leloir, l",Chemistry,17,1,21,False
"leloir, l",Chemistry,18,1,22,False
"leloir, l",Chemistry,20,3,25,False
"leloir, l",Chemistry,21,3,28,False
"leloir, l",Chemistry,22,3,31,False
"leloir, l",Chemistry,23,3,34,False
"leloir, l",Chemistry,24,1,35,False
"leloir, l",Chemistry,28,2,37,False
"leloir, l",Chemistry,29,3,40,False
"leloir, l",Chemistry,30,2,42,False
"leloir, l",Chemistry,31,1,43,False
"leloir, l",Chemistry,32,1,44,False
"leloir, l",Chemistry,33,1,45,False
"leloir, l",Chemistry,34,1,46,False
"leloir, l",Chemistry,35,1,47,False
"leloir, l",Chemistry,55,1,48,False
"lenard, p",Physics,0,1,1,True
"lenard, p",Physics,15,1,2,False
"lenard, p",Physics,21,1,3,False
"lenard, p",Physics,32,1,4,False
"levimontalcini, r",Medicine,0,2,2,False
"levimontalcini, r",Medicine,1,1,3,False
"levimontalcini, r",Medicine,2,1,4,False
"levimontalcini, r",Medicine,3,1,5,True
"levimontalcini, r",Medicine,4,1,6,False
"levimontalcini, r",Medicine,5,1,7,False
"levimontalcini, r",Medicine,7,2,9,False
"levimontalcini, r",Medicine,11,2,11,False
"levimontalcini, r",Medicine,12,2,13,False
"levimontalcini, r",Medicine,13,2,15,False
"levimontalcini, r",Medicine,14,1,16,False
"levimontalcini, r",Medicine,15,3,19,False
"levimontalcini, r",Medicine,16,4,23,False
"levimontalcini, r",Medicine,17,1,24,False
"levimontalcini, r",Medicine,18,1,25,False
"levimontalcini, r",Medicine,19,3,28,False
"levimontalcini, r",Medicine,20,2,30,False
"levimontalcini, r",Medicine,21,2,32,False
"levimontalcini, r",Medicine,22,3,35,False
"levimontalcini, r",Medicine,23,11,46,False
"levimontalcini, r",Medicine,24,3,49,False
"levimontalcini, r",Medicine,25,1,50,False
"levimontalcini, r",Medicine,26,3,53,False
"levimontalcini, r",Medicine,27,1,54,False
"levimontalcini, r",Medicine,28,3,57,False
"levimontalcini, r",Medicine,30,4,61,False
"levimontalcini, r",Medicine,31,3,64,False
"levimontalcini, r",Medicine,32,2,66,False
"levimontalcini, r",Medicine,33,2,68,False
"levimontalcini, r",Medicine,35,1,69,False
"levimontalcini, r",Medicine,36,2,71,False
"levimontalcini, r",Medicine,37,2,73,False
"levimontalcini, r",Medicine,38,5,78,False
"levimontalcini, r",Medicine,40,1,79,False
"levimontalcini, r",Medicine,43,3,82,False
"levimontalcini, r",Medicine,44,4,86,False
"levimontalcini, r",Medicine,45,3,89,False
"levimontalcini, r",Medicine,46,1,90,False
"levimontalcini, r",Medicine,47,1,91,False
"levimontalcini, r",Medicine,50,2,93,False
"levimontalcini, r",Medicine,51,1,94,False
"levimontalcini, r",Medicine,52,1,95,False
"levimontalcini, r",Medicine,55,2,97,False
"levimontalcini, r",Medicine,56,1,98,False
"levimontalcini, r",Medicine,57,2,100,False
"levimontalcini, r",Medicine,59,1,101,False
"levimontalcini, r",Medicine,60,1,102,False
"levitt, m",Chemistry,0,2,2,False
"levitt, m",Chemistry,1,1,3,False
"levitt, m",Chemistry,5,2,5,False
"levitt, m",Chemistry,6,1,6,True
"levitt, m",Chemistry,7,4,10,False
"levitt, m",Chemistry,8,3,13,False
"levitt, m",Chemistry,9,6,19,False
"levitt, m",Chemistry,10,2,21,False
"levitt, m",Chemistry,12,5,26,False
"levitt, m",Chemistry,13,1,27,False
"levitt, m",Chemistry,14,3,30,False
"levitt, m",Chemistry,16,3,33,False
"levitt, m",Chemistry,17,2,35,False
"levitt, m",Chemistry,18,2,37,False
"levitt, m",Chemistry,19,2,39,False
"levitt, m",Chemistry,20,4,43,False
"levitt, m",Chemistry,21,1,44,False
"levitt, m",Chemistry,22,4,48,False
"levitt, m",Chemistry,23,6,54,False
"levitt, m",Chemistry,24,4,58,False
"levitt, m",Chemistry,25,3,61,False
"levitt, m",Chemistry,26,5,66,False
"levitt, m",Chemistry,27,5,71,False
"levitt, m",Chemistry,28,6,77,False
"levitt, m",Chemistry,29,3,80,False
"levitt, m",Chemistry,30,6,86,False
"levitt, m",Chemistry,31,5,91,False
"levitt, m",Chemistry,32,3,94,False
"levitt, m",Chemistry,33,9,103,False
"levitt, m",Chemistry,34,5,108,False
"levitt, m",Chemistry,35,6,114,False
"levitt, m",Chemistry,36,6,120,False
"levitt, m",Chemistry,37,3,123,False
"levitt, m",Chemistry,38,4,127,False
"levitt, m",Chemistry,39,11,138,False
"levitt, m",Chemistry,40,7,145,False
"levitt, m",Chemistry,41,9,154,False
"levitt, m",Chemistry,42,8,162,False
"levitt, m",Chemistry,43,11,173,False
"levitt, m",Chemistry,44,4,177,False
"levitt, m",Chemistry,45,9,186,False
"levitt, m",Chemistry,46,1,187,False
"levitt, m",Chemistry,47,1,188,False
"levitt, m",Chemistry,48,3,191,False
"lewis, eb",Medicine,0,1,1,False
"lewis, eb",Medicine,10,1,2,False
"lewis, eb",Medicine,11,1,3,False
"lewis, eb",Medicine,13,1,4,False
"lewis, eb",Medicine,14,1,5,False
"lewis, eb",Medicine,16,1,6,False
"lewis, eb",Medicine,18,1,7,False
"lewis, eb",Medicine,22,2,9,False
"lewis, eb",Medicine,35,1,10,False
"lewis, eb",Medicine,37,1,11,True
"lewis, eb",Medicine,42,1,12,False
"lewis, eb",Medicine,44,2,14,False
"lewis, eb",Medicine,45,1,15,False
"lewis, eb",Medicine,46,1,16,False
"lewis, eb",Medicine,48,1,17,False
"lewis, eb",Medicine,51,1,18,False
"lewis, eb",Medicine,52,1,19,False
"lewis, eb",Medicine,53,2,21,False
"lewis, eb",Medicine,54,2,23,False
"lewis, eb",Medicine,55,1,24,False
"lewis, eb",Medicine,57,1,25,False
"lewis, eb",Medicine,59,2,27,False
"libby, w",Chemistry,0,1,1,False
"libby, w",Chemistry,1,2,3,False
"libby, w",Chemistry,2,3,6,False
"libby, w",Chemistry,3,1,7,False
"libby, w",Chemistry,4,1,8,False
"libby, w",Chemistry,6,4,12,False
"libby, w",Chemistry,7,4,16,False
"libby, w",Chemistry,8,3,19,False
"libby, w",Chemistry,9,1,20,False
"libby, w",Chemistry,10,1,21,False
"libby, w",Chemistry,13,1,22,False
"libby, w",Chemistry,14,3,25,False
"libby, w",Chemistry,15,1,26,False
"libby, w",Chemistry,16,4,30,True
"libby, w",Chemistry,17,5,35,False
"libby, w",Chemistry,18,4,39,False
"libby, w",Chemistry,19,7,46,False
"libby, w",Chemistry,20,4,50,False
"libby, w",Chemistry,21,4,54,False
"libby, w",Chemistry,22,4,58,False
"libby, w",Chemistry,23,7,65,False
"libby, w",Chemistry,24,4,69,False
"libby, w",Chemistry,25,1,70,False
"libby, w",Chemistry,26,3,73,False
"libby, w",Chemistry,27,3,76,False
"libby, w",Chemistry,28,3,79,False
"libby, w",Chemistry,29,3,82,False
"libby, w",Chemistry,30,11,93,False
"libby, w",Chemistry,31,6,99,False
"libby, w",Chemistry,32,6,105,False
"libby, w",Chemistry,33,3,108,False
"libby, w",Chemistry,34,3,111,False
"libby, w",Chemistry,35,8,119,False
"libby, w",Chemistry,36,5,124,False
"libby, w",Chemistry,37,1,125,False
"libby, w",Chemistry,38,4,129,False
"libby, w",Chemistry,39,3,132,False
"libby, w",Chemistry,40,1,133,False
"libby, w",Chemistry,41,3,136,False
"libby, w",Chemistry,42,3,139,False
"libby, w",Chemistry,43,1,140,False
"libby, w",Chemistry,44,2,142,False
"libby, w",Chemistry,45,1,143,False
"libby, w",Chemistry,46,1,144,False
"lindahl, t",Chemistry,0,1,1,False
"lindahl, t",Chemistry,1,1,2,False
"lindahl, t",Chemistry,4,4,6,False
"lindahl, t",Chemistry,5,2,8,False
"lindahl, t",Chemistry,6,1,9,False
"lindahl, t",Chemistry,7,1,10,False
"lindahl, t",Chemistry,9,2,12,False
"lindahl, t",Chemistry,10,3,15,False
"lindahl, t",Chemistry,11,3,18,False
"lindahl, t",Chemistry,12,5,23,True
"lindahl, t",Chemistry,13,2,25,False
"lindahl, t",Chemistry,14,5,30,False
"lindahl, t",Chemistry,15,3,33,False
"lindahl, t",Chemistry,16,2,35,False
"lindahl, t",Chemistry,17,5,40,False
"lindahl, t",Chemistry,18,3,43,False
"lindahl, t",Chemistry,19,2,45,False
"lindahl, t",Chemistry,20,4,49,False
"lindahl, t",Chemistry,21,1,50,False
"lindahl, t",Chemistry,23,4,54,False
"lindahl, t",Chemistry,24,1,55,False
"lindahl, t",Chemistry,25,3,58,False
"lindahl, t",Chemistry,26,2,60,False
"lindahl, t",Chemistry,27,2,62,False
"lindahl, t",Chemistry,28,6,68,False
"lindahl, t",Chemistry,29,5,73,False
"lindahl, t",Chemistry,30,7,80,False
"lindahl, t",Chemistry,31,5,85,False
"lindahl, t",Chemistry,32,5,90,False
"lindahl, t",Chemistry,33,3,93,False
"lindahl, t",Chemistry,34,3,96,False
"lindahl, t",Chemistry,35,7,103,False
"lindahl, t",Chemistry,36,3,106,False
"lindahl, t",Chemistry,37,5,111,False
"lindahl, t",Chemistry,38,6,117,False
"lindahl, t",Chemistry,39,5,122,False
"lindahl, t",Chemistry,40,6,128,False
"lindahl, t",Chemistry,41,2,130,False
"lindahl, t",Chemistry,42,6,136,False
"lindahl, t",Chemistry,43,4,140,False
"lindahl, t",Chemistry,44,1,141,False
"lindahl, t",Chemistry,45,5,146,False
"lindahl, t",Chemistry,47,2,148,False
"lindahl, t",Chemistry,49,1,149,False
"lindahl, t",Chemistry,50,1,150,False
"lipmann, f",Medicine,0,1,1,False
"lipmann, f",Medicine,1,1,2,False
"lipmann, f",Medicine,10,1,3,True
"lipmann, f",Medicine,14,1,4,False
"lipmann, f",Medicine,15,2,6,False
"lipmann, f",Medicine,17,3,9,False
"lipmann, f",Medicine,18,6,15,False
"lipmann, f",Medicine,19,2,17,False
"lipmann, f",Medicine,20,3,20,False
"lipmann, f",Medicine,21,4,24,False
"lipmann, f",Medicine,22,2,26,False
"lipmann, f",Medicine,23,5,31,False
"lipmann, f",Medicine,24,2,33,False
"lipmann, f",Medicine,25,3,36,False
"lipmann, f",Medicine,26,4,40,False
"lipmann, f",Medicine,27,2,42,False
"lipmann, f",Medicine,28,4,46,False
"lipmann, f",Medicine,29,3,49,False
"lipmann, f",Medicine,30,1,50,False
"lipmann, f",Medicine,31,4,54,False
"lipmann, f",Medicine,32,2,56,False
"lipmann, f",Medicine,33,2,58,False
"lipmann, f",Medicine,34,7,65,False
"lipmann, f",Medicine,35,6,71,False
"lipmann, f",Medicine,36,4,75,False
"lipmann, f",Medicine,37,1,76,False
"lipmann, f",Medicine,38,5,81,False
"lipmann, f",Medicine,39,2,83,False
"lipmann, f",Medicine,40,3,86,False
"lipmann, f",Medicine,41,2,88,False
"lipmann, f",Medicine,42,5,93,False
"lipmann, f",Medicine,43,1,94,False
"lipmann, f",Medicine,44,1,95,False
"lipmann, f",Medicine,45,1,96,False
"lipmann, f",Medicine,46,1,97,False
"lipmann, f",Medicine,47,1,98,False
"lipmann, f",Medicine,48,3,101,False
"lipmann, f",Medicine,49,2,103,False
"lipmann, f",Medicine,50,4,107,False
"lipscomb, w",Chemistry,0,1,1,False
"lipscomb, w",Chemistry,3,1,2,False
"lipscomb, w",Chemistry,4,2,4,False
"lipscomb, w",Chemistry,5,4,8,False
"lipscomb, w",Chemistry,6,2,10,False
"lipscomb, w",Chemistry,8,4,14,False
"lipscomb, w",Chemistry,9,8,22,False
"lipscomb, w",Chemistry,10,7,29,False
"lipscomb, w",Chemistry,11,13,42,False
"lipscomb, w",Chemistry,12,9,51,False
"lipscomb, w",Chemistry,13,2,53,False
"lipscomb, w",Chemistry,14,4,57,False
"lipscomb, w",Chemistry,15,9,66,False
"lipscomb, w",Chemistry,16,10,76,False
"lipscomb, w",Chemistry,17,11,87,False
"lipscomb, w",Chemistry,18,4,91,False
"lipscomb, w",Chemistry,19,17,108,True
"lipscomb, w",Chemistry,20,16,124,False
"lipscomb, w",Chemistry,21,16,140,False
"lipscomb, w",Chemistry,22,18,158,False
"lipscomb, w",Chemistry,23,7,165,False
"lipscomb, w",Chemistry,24,17,182,False
"lipscomb, w",Chemistry,25,12,194,False
"lipscomb, w",Chemistry,26,8,202,False
"lipscomb, w",Chemistry,27,12,214,False
"lipscomb, w",Chemistry,28,15,229,False
"lipscomb, w",Chemistry,29,14,243,False
"lipscomb, w",Chemistry,30,22,265,False
"lipscomb, w",Chemistry,31,26,291,False
"lipscomb, w",Chemistry,32,28,319,False
"lipscomb, w",Chemistry,33,11,330,False
"lipscomb, w",Chemistry,34,7,337,False
"lipscomb, w",Chemistry,35,21,358,False
"lipscomb, w",Chemistry,36,20,378,False
"lipscomb, w",Chemistry,37,16,394,False
"lipscomb, w",Chemistry,38,18,412,False
"lipscomb, w",Chemistry,39,12,424,False
"lipscomb, w",Chemistry,40,12,436,False
"lipscomb, w",Chemistry,41,6,442,False
"lipscomb, w",Chemistry,42,6,448,False
"lipscomb, w",Chemistry,43,11,459,False
"lipscomb, w",Chemistry,44,12,471,False
"lipscomb, w",Chemistry,45,7,478,False
"lipscomb, w",Chemistry,46,6,484,False
"lipscomb, w",Chemistry,47,16,500,False
"lipscomb, w",Chemistry,48,11,511,False
"lipscomb, w",Chemistry,49,8,519,False
"lipscomb, w",Chemistry,50,5,524,False
"lipscomb, w",Chemistry,51,8,532,False
"lipscomb, w",Chemistry,52,10,542,False
"lipscomb, w",Chemistry,53,7,549,False
"lipscomb, w",Chemistry,54,5,554,False
"lipscomb, w",Chemistry,55,4,558,False
"lipscomb, w",Chemistry,56,8,566,False
"lipscomb, w",Chemistry,57,3,569,False
"lipscomb, w",Chemistry,58,3,572,False
"lipscomb, w",Chemistry,59,2,574,False
"lipscomb, w",Chemistry,60,1,575,False
"loewi, o",Medicine,0,1,1,True
"lorenz, k",Medicine,0,1,1,False
"lorenz, k",Medicine,4,1,2,False
"lorenz, k",Medicine,5,1,3,False
"lorenz, k",Medicine,6,1,4,False
"lorenz, k",Medicine,8,1,5,True
"lorenz, k",Medicine,10,2,7,False
"lorenz, k",Medicine,15,1,8,False
"lorenz, k",Medicine,24,2,10,False
"lorenz, k",Medicine,31,1,11,False
"lorenz, k",Medicine,33,1,12,False
"lorenz, k",Medicine,34,1,13,False
"lorenz, k",Medicine,35,1,14,False
"lorenz, k",Medicine,36,2,16,False
"lorenz, k",Medicine,37,1,17,False
"lorenz, k",Medicine,38,2,19,False
"lorenz, k",Medicine,40,1,20,False
"lorenz, k",Medicine,41,3,23,False
"lorenz, k",Medicine,43,2,25,False
"lorenz, k",Medicine,46,4,29,False
"lorenz, k",Medicine,47,2,31,False
"lorenz, k",Medicine,48,1,32,False
"lorenz, k",Medicine,50,1,33,False
"lorenz, k",Medicine,54,1,34,False
"lorenz, k",Medicine,55,3,37,False
"lorenz, k",Medicine,56,2,39,False
"lorenz, k",Medicine,57,1,40,False
"lorenz, k",Medicine,60,1,41,False
"luria, se",Medicine,0,1,1,False
"luria, se",Medicine,1,1,2,False
"luria, se",Medicine,2,1,3,False
"luria, se",Medicine,3,1,4,True
"luria, se",Medicine,4,1,5,False
"luria, se",Medicine,6,1,6,False
"luria, se",Medicine,7,1,7,False
"luria, se",Medicine,10,1,8,False
"luria, se",Medicine,11,1,9,False
"luria, se",Medicine,12,1,10,False
"luria, se",Medicine,13,1,11,False
"luria, se",Medicine,15,2,13,False
"luria, se",Medicine,18,4,17,False
"luria, se",Medicine,20,1,18,False
"luria, se",Medicine,21,4,22,False
"luria, se",Medicine,22,3,25,False
"luria, se",Medicine,23,5,30,False
"luria, se",Medicine,25,2,32,False
"luria, se",Medicine,26,1,33,False
"luria, se",Medicine,27,2,35,False
"luria, se",Medicine,29,1,36,False
"luria, se",Medicine,30,3,39,False
"luria, se",Medicine,32,1,40,False
"luria, se",Medicine,35,2,42,False
"luria, se",Medicine,37,1,43,False
"luria, se",Medicine,38,2,45,False
"luria, se",Medicine,43,1,46,False
"luria, se",Medicine,46,1,47,False
"luria, se",Medicine,48,1,48,False
"lwoff, a",Medicine,0,1,1,False
"lwoff, a",Medicine,3,1,2,True
"lwoff, a",Medicine,8,1,3,False
"lwoff, a",Medicine,10,1,4,False
"lwoff, a",Medicine,14,1,5,False
"lwoff, a",Medicine,15,3,8,False
"lwoff, a",Medicine,18,1,9,False
"lwoff, a",Medicine,19,2,11,False
"lwoff, a",Medicine,20,1,12,False
"lwoff, a",Medicine,23,1,13,False
"lwoff, a",Medicine,24,1,14,False
"lwoff, a",Medicine,35,1,15,False
"lynen, f",Medicine,0,1,1,False
"lynen, f",Medicine,1,2,3,False
"lynen, f",Medicine,2,2,5,False
"lynen, f",Medicine,3,2,7,False
"lynen, f",Medicine,4,4,11,False
"lynen, f",Medicine,5,1,12,False
"lynen, f",Medicine,6,2,14,True
"lynen, f",Medicine,7,1,15,False
"lynen, f",Medicine,9,1,16,False
"lynen, f",Medicine,10,5,21,False
"lynen, f",Medicine,11,1,22,False
"lynen, f",Medicine,12,6,28,False
"lynen, f",Medicine,13,6,34,False
"lynen, f",Medicine,14,3,37,False
"lynen, f",Medicine,15,1,38,False
"lynen, f",Medicine,16,1,39,False
"lynen, f",Medicine,17,1,40,False
"lynen, f",Medicine,19,3,43,False
"lynen, f",Medicine,21,1,44,False
"lynen, f",Medicine,22,6,50,False
"lynen, f",Medicine,23,5,55,False
"lynen, f",Medicine,24,3,58,False
"lynen, f",Medicine,25,4,62,False
"lynen, f",Medicine,26,1,63,False
"lynen, f",Medicine,27,2,65,False
"lynen, f",Medicine,28,3,68,False
"lynen, f",Medicine,29,3,71,False
"lynen, f",Medicine,30,5,76,False
"lynen, f",Medicine,31,1,77,False
"lynen, f",Medicine,32,4,81,False
"macdiarmid, a",Chemistry,0,2,2,False
"macdiarmid, a",Chemistry,1,1,3,False
"macdiarmid, a",Chemistry,3,2,5,False
"macdiarmid, a",Chemistry,5,1,6,False
"macdiarmid, a",Chemistry,6,3,9,False
"macdiarmid, a",Chemistry,7,2,11,False
"macdiarmid, a",Chemistry,8,5,16,False
"macdiarmid, a",Chemistry,9,4,20,False
"macdiarmid, a",Chemistry,10,9,29,False
"macdiarmid, a",Chemistry,11,6,35,False
"macdiarmid, a",Chemistry,12,2,37,False
"macdiarmid, a",Chemistry,13,6,43,False
"macdiarmid, a",Chemistry,14,6,49,False
"macdiarmid, a",Chemistry,15,4,53,False
"macdiarmid, a",Chemistry,16,9,62,False
"macdiarmid, a",Chemistry,17,10,72,False
"macdiarmid, a",Chemistry,18,2,74,False
"macdiarmid, a",Chemistry,19,8,82,False
"macdiarmid, a",Chemistry,20,3,85,False
"macdiarmid, a",Chemistry,21,1,86,False
"macdiarmid, a",Chemistry,22,6,92,False
"macdiarmid, a",Chemistry,23,8,100,False
"macdiarmid, a",Chemistry,24,19,119,True
"macdiarmid, a",Chemistry,25,24,143,False
"macdiarmid, a",Chemistry,26,18,161,False
"macdiarmid, a",Chemistry,27,15,176,False
"macdiarmid, a",Chemistry,28,19,195,False
"macdiarmid, a",Chemistry,29,15,210,False
"macdiarmid, a",Chemistry,30,10,220,False
"macdiarmid, a",Chemistry,31,7,227,False
"macdiarmid, a",Chemistry,32,14,241,False
"macdiarmid, a",Chemistry,33,4,245,False
"macdiarmid, a",Chemistry,34,15,260,False
"macdiarmid, a",Chemistry,35,12,272,False
"macdiarmid, a",Chemistry,36,31,303,False
"macdiarmid, a",Chemistry,37,10,313,False
"macdiarmid, a",Chemistry,38,35,348,False
"macdiarmid, a",Chemistry,39,12,360,False
"macdiarmid, a",Chemistry,40,13,373,False
"macdiarmid, a",Chemistry,41,19,392,False
"macdiarmid, a",Chemistry,42,17,409,False
"macdiarmid, a",Chemistry,43,11,420,False
"macdiarmid, a",Chemistry,44,28,448,False
"macdiarmid, a",Chemistry,45,2,450,False
"macdiarmid, a",Chemistry,46,8,458,False
"macdiarmid, a",Chemistry,47,4,462,False
"macdiarmid, a",Chemistry,48,14,476,False
"macdiarmid, a",Chemistry,49,3,479,False
"macdiarmid, a",Chemistry,50,3,482,False
"macdiarmid, a",Chemistry,51,5,487,False
"macdiarmid, a",Chemistry,52,4,491,False
"macdiarmid, a",Chemistry,53,10,501,False
"macdiarmid, a",Chemistry,54,7,508,False
"macdiarmid, a",Chemistry,55,4,512,False
"macdiarmid, a",Chemistry,56,3,515,False
"macdiarmid, a",Chemistry,57,1,516,False
"mackinnon, r",Chemistry,0,1,1,False
"mackinnon, r",Chemistry,1,2,3,False
"mackinnon, r",Chemistry,2,4,7,False
"mackinnon, r",Chemistry,3,3,10,False
"mackinnon, r",Chemistry,4,3,13,False
"mackinnon, r",Chemistry,5,4,17,False
"mackinnon, r",Chemistry,6,2,19,False
"mackinnon, r",Chemistry,7,5,24,False
"mackinnon, r",Chemistry,8,6,30,False
"mackinnon, r",Chemistry,9,6,36,False
"mackinnon, r",Chemistry,10,4,40,False
"mackinnon, r",Chemistry,11,4,44,False
"mackinnon, r",Chemistry,12,4,48,True
"mackinnon, r",Chemistry,13,4,52,False
"mackinnon, r",Chemistry,14,3,55,False
"mackinnon, r",Chemistry,15,1,56,False
"mackinnon, r",Chemistry,16,8,64,False
"mackinnon, r",Chemistry,17,5,69,False
"mackinnon, r",Chemistry,18,12,81,False
"mackinnon, r",Chemistry,19,7,88,False
"mackinnon, r",Chemistry,20,3,91,False
"mackinnon, r",Chemistry,21,3,94,False
"mackinnon, r",Chemistry,22,4,98,False
"mackinnon, r",Chemistry,23,5,103,False
"mackinnon, r",Chemistry,24,6,109,False
"mackinnon, r",Chemistry,25,2,111,False
"mackinnon, r",Chemistry,26,5,116,False
"mackinnon, r",Chemistry,27,4,120,False
"mackinnon, r",Chemistry,28,4,124,False
"mackinnon, r",Chemistry,29,1,125,False
"mackinnon, r",Chemistry,30,4,129,False
"mackinnon, r",Chemistry,31,10,139,False
"macleod, jjr",Medicine,0,1,1,False
"macleod, jjr",Medicine,1,2,3,False
"macleod, jjr",Medicine,2,1,4,False
"macleod, jjr",Medicine,4,1,5,False
"macleod, jjr",Medicine,5,1,6,False
"macleod, jjr",Medicine,6,1,7,False
"macleod, jjr",Medicine,7,1,8,False
"macleod, jjr",Medicine,14,1,9,True
"macleod, jjr",Medicine,15,2,11,False
"macleod, jjr",Medicine,16,4,15,False
"macleod, jjr",Medicine,17,1,16,False
"macleod, jjr",Medicine,18,2,18,False
"macleod, jjr",Medicine,20,1,19,False
"macleod, jjr",Medicine,22,1,20,False
"macleod, jjr",Medicine,23,1,21,False
"macleod, jjr",Medicine,24,1,22,False
"macleod, jjr",Medicine,25,4,26,False
"mansfield, p",Medicine,0,1,1,False
"mansfield, p",Medicine,1,1,2,False
"mansfield, p",Medicine,8,1,3,False
"mansfield, p",Medicine,9,1,4,False
"mansfield, p",Medicine,10,2,6,False
"mansfield, p",Medicine,11,3,9,False
"mansfield, p",Medicine,12,1,10,False
"mansfield, p",Medicine,13,3,13,False
"mansfield, p",Medicine,14,5,18,False
"mansfield, p",Medicine,15,3,21,True
"mansfield, p",Medicine,16,5,26,False
"mansfield, p",Medicine,17,4,30,False
"mansfield, p",Medicine,18,1,31,False
"mansfield, p",Medicine,19,3,34,False
"mansfield, p",Medicine,20,4,38,False
"mansfield, p",Medicine,21,3,41,False
"mansfield, p",Medicine,22,3,44,False
"mansfield, p",Medicine,23,2,46,False
"mansfield, p",Medicine,24,10,56,False
"mansfield, p",Medicine,25,4,60,False
"mansfield, p",Medicine,26,6,66,False
"mansfield, p",Medicine,27,8,74,False
"mansfield, p",Medicine,28,15,89,False
"mansfield, p",Medicine,29,8,97,False
"mansfield, p",Medicine,30,4,101,False
"mansfield, p",Medicine,31,5,106,False
"mansfield, p",Medicine,32,23,129,False
"mansfield, p",Medicine,33,8,137,False
"mansfield, p",Medicine,34,8,145,False
"mansfield, p",Medicine,36,4,149,False
"mansfield, p",Medicine,37,1,150,False
"mansfield, p",Medicine,38,2,152,False
"mansfield, p",Medicine,39,3,155,False
"mansfield, p",Medicine,41,3,158,False
"mansfield, p",Medicine,42,3,161,False
"mansfield, p",Medicine,43,2,163,False
"mansfield, p",Medicine,44,1,164,False
"mansfield, p",Medicine,45,1,165,False
"mansfield, p",Medicine,46,1,166,False
"marcus, r",Chemistry,0,1,1,False
"marcus, r",Chemistry,2,1,2,False
"marcus, r",Chemistry,3,1,3,False
"marcus, r",Chemistry,4,3,6,False
"marcus, r",Chemistry,6,2,8,False
"marcus, r",Chemistry,7,2,10,False
"marcus, r",Chemistry,8,2,12,True
"marcus, r",Chemistry,9,6,18,False
"marcus, r",Chemistry,10,2,20,False
"marcus, r",Chemistry,11,1,21,False
"marcus, r",Chemistry,12,1,22,False
"marcus, r",Chemistry,13,1,23,False
"marcus, r",Chemistry,14,4,27,False
"marcus, r",Chemistry,15,6,33,False
"marcus, r",Chemistry,16,4,37,False
"marcus, r",Chemistry,17,8,45,False
"marcus, r",Chemistry,18,3,48,False
"marcus, r",Chemistry,19,2,50,False
"marcus, r",Chemistry,20,9,59,False
"marcus, r",Chemistry,21,2,61,False
"marcus, r",Chemistry,22,11,72,False
"marcus, r",Chemistry,23,4,76,False
"marcus, r",Chemistry,24,5,81,False
"marcus, r",Chemistry,25,5,86,False
"marcus, r",Chemistry,26,4,90,False
"marcus, r",Chemistry,27,9,99,False
"marcus, r",Chemistry,28,1,100,False
"marcus, r",Chemistry,29,10,110,False
"marcus, r",Chemistry,30,1,111,False
"marcus, r",Chemistry,31,5,116,False
"marcus, r",Chemistry,32,9,125,False
"marcus, r",Chemistry,33,11,136,False
"marcus, r",Chemistry,34,5,141,False
"marcus, r",Chemistry,35,9,150,False
"marcus, r",Chemistry,36,14,164,False
"marcus, r",Chemistry,37,4,168,False
"marcus, r",Chemistry,38,16,184,False
"marcus, r",Chemistry,39,6,190,False
"marcus, r",Chemistry,40,14,204,False
"marcus, r",Chemistry,41,2,206,False
"marcus, r",Chemistry,42,10,216,False
"marcus, r",Chemistry,43,4,220,False
"marcus, r",Chemistry,44,5,225,False
"marcus, r",Chemistry,45,15,240,False
"marcus, r",Chemistry,46,4,244,False
"marcus, r",Chemistry,47,5,249,False
"marcus, r",Chemistry,48,4,253,False
"marcus, r",Chemistry,49,7,260,False
"marcus, r",Chemistry,50,4,264,False
"marcus, r",Chemistry,51,3,267,False
"marcus, r",Chemistry,52,6,273,False
"marcus, r",Chemistry,53,8,281,False
"marcus, r",Chemistry,54,6,287,False
"marcus, r",Chemistry,55,4,291,False
"marcus, r",Chemistry,56,1,292,False
"marcus, r",Chemistry,57,8,300,False
"marcus, r",Chemistry,58,7,307,False
"marcus, r",Chemistry,59,5,312,False
"marcus, r",Chemistry,60,5,317,False
"marshall, bj",Medicine,0,1,1,False
"marshall, bj",Medicine,1,2,3,True
"marshall, bj",Medicine,3,3,6,False
"marshall, bj",Medicine,4,4,10,False
"marshall, bj",Medicine,5,4,14,False
"marshall, bj",Medicine,6,4,18,False
"marshall, bj",Medicine,7,3,21,False
"marshall, bj",Medicine,8,3,24,False
"marshall, bj",Medicine,10,2,26,False
"marshall, bj",Medicine,11,2,28,False
"marshall, bj",Medicine,12,4,32,False
"marshall, bj",Medicine,13,1,33,False
"marshall, bj",Medicine,14,4,37,False
"marshall, bj",Medicine,15,6,43,False
"marshall, bj",Medicine,16,6,49,False
"marshall, bj",Medicine,17,8,57,False
"marshall, bj",Medicine,18,3,60,False
"marshall, bj",Medicine,19,4,64,False
"marshall, bj",Medicine,20,3,67,False
"marshall, bj",Medicine,21,1,68,False
"marshall, bj",Medicine,22,5,73,False
"marshall, bj",Medicine,23,2,75,False
"marshall, bj",Medicine,24,3,78,False
"marshall, bj",Medicine,25,2,80,False
"marshall, bj",Medicine,26,2,82,False
"marshall, bj",Medicine,27,3,85,False
"marshall, bj",Medicine,28,1,86,False
"marshall, bj",Medicine,29,4,90,False
"marshall, bj",Medicine,30,4,94,False
"marshall, bj",Medicine,31,7,101,False
"marshall, bj",Medicine,32,4,105,False
"marshall, bj",Medicine,33,7,112,False
"marshall, bj",Medicine,34,5,117,False
"martin, a",Chemistry,0,1,1,True
"martin, a",Chemistry,11,1,2,False
"martin, a",Chemistry,13,1,3,False
"martin, a",Chemistry,15,1,4,False
"maskawa, t",Physics,0,1,1,False
"maskawa, t",Physics,2,1,2,False
"maskawa, t",Physics,3,2,4,False
"maskawa, t",Physics,4,1,5,False
"maskawa, t",Physics,5,2,7,False
"maskawa, t",Physics,6,2,9,True
"maskawa, t",Physics,7,1,10,False
"maskawa, t",Physics,8,1,11,False
"maskawa, t",Physics,9,2,13,False
"maskawa, t",Physics,14,2,15,False
"maskawa, t",Physics,15,1,16,False
"maskawa, t",Physics,17,2,18,False
"maskawa, t",Physics,42,6,24,False
"maskawa, t",Physics,45,3,27,False
"maskawa, t",Physics,46,2,29,False
"maskawa, t",Physics,47,1,30,False
"maskawa, t",Physics,49,1,31,False
"maskawa, t",Physics,50,1,32,False
"mather, jc",Physics,0,1,1,False
"mather, jc",Physics,3,1,2,False
"mather, jc",Physics,4,1,3,False
"mather, jc",Physics,9,1,4,False
"mather, jc",Physics,10,2,6,False
"mather, jc",Physics,11,3,9,False
"mather, jc",Physics,13,5,14,False
"mather, jc",Physics,14,3,17,False
"mather, jc",Physics,15,1,18,False
"mather, jc",Physics,19,5,23,True
"mather, jc",Physics,20,3,26,False
"mather, jc",Physics,21,4,30,False
"mather, jc",Physics,22,2,32,False
"mather, jc",Physics,23,8,40,False
"mather, jc",Physics,24,2,42,False
"mather, jc",Physics,25,6,48,False
"mather, jc",Physics,26,4,52,False
"mather, jc",Physics,27,4,56,False
"mather, jc",Physics,28,4,60,False
"mather, jc",Physics,29,3,63,False
"mather, jc",Physics,30,2,65,False
"mather, jc",Physics,31,2,67,False
"mather, jc",Physics,32,3,70,False
"mather, jc",Physics,33,8,78,False
"mather, jc",Physics,34,2,80,False
"mather, jc",Physics,35,3,83,False
"mather, jc",Physics,36,7,90,False
"mather, jc",Physics,37,2,92,False
"mather, jc",Physics,38,1,93,False
"mather, jc",Physics,39,3,96,False
"mather, jc",Physics,41,2,98,False
"mather, jc",Physics,42,1,99,False
"mather, jc",Physics,43,1,100,False
"mather, jc",Physics,44,1,101,False
"mather, jc",Physics,45,1,102,False
"mayer, mg",Physics,0,1,1,False
"mayer, mg",Physics,1,2,3,True
"mayer, mg",Physics,2,2,5,False
"mayer, mg",Physics,3,1,6,False
"mcclintock, b",Medicine,0,1,1,False
"mcclintock, b",Medicine,2,1,2,False
"mcclintock, b",Medicine,3,3,5,False
"mcclintock, b",Medicine,4,1,6,False
"mcclintock, b",Medicine,5,2,8,False
"mcclintock, b",Medicine,6,2,10,False
"mcclintock, b",Medicine,7,1,11,False
"mcclintock, b",Medicine,8,1,12,False
"mcclintock, b",Medicine,9,1,13,False
"mcclintock, b",Medicine,13,1,14,False
"mcclintock, b",Medicine,15,2,16,True
"mcclintock, b",Medicine,16,1,17,False
"mcclintock, b",Medicine,19,1,18,False
"mcclintock, b",Medicine,24,1,19,False
"mcclintock, b",Medicine,25,2,21,False
"mcclintock, b",Medicine,30,1,22,False
"mcclintock, b",Medicine,35,1,23,False
"mcclintock, b",Medicine,58,1,24,False
"mcdonald, ab",Physics,0,3,3,False
"mcdonald, ab",Physics,1,1,4,False
"mcdonald, ab",Physics,2,3,7,False
"mcdonald, ab",Physics,3,4,11,False
"mcdonald, ab",Physics,4,1,12,False
"mcdonald, ab",Physics,5,1,13,False
"mcdonald, ab",Physics,6,5,18,False
"mcdonald, ab",Physics,7,2,20,False
"mcdonald, ab",Physics,8,1,21,False
"mcdonald, ab",Physics,9,2,23,False
"mcdonald, ab",Physics,11,2,25,False
"mcdonald, ab",Physics,12,1,26,False
"mcdonald, ab",Physics,13,1,27,False
"mcdonald, ab",Physics,16,1,28,False
"mcdonald, ab",Physics,18,3,31,False
"mcdonald, ab",Physics,19,4,35,False
"mcdonald, ab",Physics,20,5,40,False
"mcdonald, ab",Physics,21,2,42,False
"mcdonald, ab",Physics,22,3,45,False
"mcdonald, ab",Physics,23,1,46,False
"mcdonald, ab",Physics,26,2,48,False
"mcdonald, ab",Physics,27,1,49,False
"mcdonald, ab",Physics,29,2,51,False
"mcdonald, ab",Physics,32,1,52,False
"mcdonald, ab",Physics,33,1,53,False
"mcdonald, ab",Physics,34,3,56,True
"mcdonald, ab",Physics,35,4,60,False
"mcdonald, ab",Physics,36,3,63,False
"mcdonald, ab",Physics,37,6,69,False
"mcdonald, ab",Physics,38,4,73,False
"mcdonald, ab",Physics,39,2,75,False
"mcdonald, ab",Physics,40,1,76,False
"mcdonald, ab",Physics,41,1,77,False
"mcdonald, ab",Physics,42,3,80,False
"mcdonald, ab",Physics,43,4,84,False
"mcdonald, ab",Physics,44,1,85,False
"mcdonald, ab",Physics,46,3,88,False
"mcdonald, ab",Physics,47,1,89,False
"mcdonald, ab",Physics,48,2,91,False
"mcdonald, ab",Physics,49,5,96,False
"mcdonald, ab",Physics,50,1,97,False
"mcmillan, e",Chemistry,0,1,1,False
"mcmillan, e",Chemistry,4,1,2,False
"mcmillan, e",Chemistry,6,2,4,False
"mcmillan, e",Chemistry,7,3,7,False
"mcmillan, e",Chemistry,8,5,12,False
"mcmillan, e",Chemistry,10,2,14,False
"mcmillan, e",Chemistry,12,3,17,False
"mcmillan, e",Chemistry,13,2,19,True
"mcmillan, e",Chemistry,18,2,21,False
"mcmillan, e",Chemistry,19,3,24,False
"mcmillan, e",Chemistry,20,6,30,False
"mcmillan, e",Chemistry,21,3,33,False
"mcmillan, e",Chemistry,22,1,34,False
"mcmillan, e",Chemistry,23,2,36,False
"mcmillan, e",Chemistry,24,2,38,False
"mcmillan, e",Chemistry,30,1,39,False
"mcmillan, e",Chemistry,32,1,40,False
"mcmillan, e",Chemistry,39,2,42,False
"mcmillan, e",Chemistry,41,1,43,False
"mcmillan, e",Chemistry,45,1,44,False
"mcmillan, e",Chemistry,46,1,45,False
"mcmillan, e",Chemistry,48,1,46,False
"mcmillan, e",Chemistry,52,1,47,False
"mcmillan, e",Chemistry,57,2,49,False
"medawar, pb",Medicine,0,1,1,False
"medawar, pb",Medicine,3,2,3,False
"medawar, pb",Medicine,4,2,5,False
"medawar, pb",Medicine,5,3,8,False
"medawar, pb",Medicine,6,1,9,False
"medawar, pb",Medicine,7,1,10,False
"medawar, pb",Medicine,8,2,12,False
"medawar, pb",Medicine,9,1,13,False
"medawar, pb",Medicine,10,3,16,False
"medawar, pb",Medicine,11,2,18,False
"medawar, pb",Medicine,13,1,19,False
"medawar, pb",Medicine,14,4,23,True
"medawar, pb",Medicine,15,1,24,False
"medawar, pb",Medicine,16,3,27,False
"medawar, pb",Medicine,17,2,29,False
"medawar, pb",Medicine,18,2,31,False
"medawar, pb",Medicine,19,3,34,False
"medawar, pb",Medicine,20,1,35,False
"medawar, pb",Medicine,21,2,37,False
"medawar, pb",Medicine,22,2,39,False
"medawar, pb",Medicine,24,1,40,False
"medawar, pb",Medicine,25,4,44,False
"medawar, pb",Medicine,26,3,47,False
"medawar, pb",Medicine,27,1,48,False
"medawar, pb",Medicine,28,1,49,False
"medawar, pb",Medicine,29,3,52,False
"medawar, pb",Medicine,30,3,55,False
"medawar, pb",Medicine,31,1,56,False
"medawar, pb",Medicine,32,3,59,False
"medawar, pb",Medicine,33,2,61,False
"medawar, pb",Medicine,38,1,62,False
"medawar, pb",Medicine,40,1,63,False
"medawar, pb",Medicine,41,1,64,False
"medawar, pb",Medicine,42,1,65,False
"medawar, pb",Medicine,44,1,66,False
"medawar, pb",Medicine,45,3,69,False
"medawar, pb",Medicine,46,2,71,False
"medawar, pb",Medicine,47,4,75,False
"medawar, pb",Medicine,48,2,77,False
"medawar, pb",Medicine,49,1,78,False
"mello, cc",Medicine,0,1,1,False
"mello, cc",Medicine,7,1,2,False
"mello, cc",Medicine,8,2,4,False
"mello, cc",Medicine,9,1,5,False
"mello, cc",Medicine,11,3,8,False
"mello, cc",Medicine,12,1,9,False
"mello, cc",Medicine,13,3,12,True
"mello, cc",Medicine,14,4,16,False
"mello, cc",Medicine,15,2,18,False
"mello, cc",Medicine,16,1,19,False
"mello, cc",Medicine,17,5,24,False
"mello, cc",Medicine,18,3,27,False
"mello, cc",Medicine,19,5,32,False
"mello, cc",Medicine,20,4,36,False
"mello, cc",Medicine,21,4,40,False
"mello, cc",Medicine,22,4,44,False
"mello, cc",Medicine,23,1,45,False
"mello, cc",Medicine,24,4,49,False
"mello, cc",Medicine,25,5,54,False
"mello, cc",Medicine,26,1,55,False
"mello, cc",Medicine,27,6,61,False
"mello, cc",Medicine,28,4,65,False
"mello, cc",Medicine,29,4,69,False
"mello, cc",Medicine,30,5,74,False
"mello, cc",Medicine,31,3,77,False
"mello, cc",Medicine,32,1,78,False
merrifie.rb,Chemistry,0,1,1,False
merrifie.rb,Chemistry,1,1,2,False
merrifie.rb,Chemistry,2,1,3,False
merrifie.rb,Chemistry,4,2,5,False
merrifie.rb,Chemistry,9,1,6,True
merrifie.rb,Chemistry,10,3,9,False
merrifie.rb,Chemistry,11,3,12,False
merrifie.rb,Chemistry,12,3,15,False
merrifie.rb,Chemistry,13,1,16,False
merrifie.rb,Chemistry,14,2,18,False
merrifie.rb,Chemistry,15,5,23,False
merrifie.rb,Chemistry,16,1,24,False
merrifie.rb,Chemistry,18,3,27,False
merrifie.rb,Chemistry,19,6,33,False
merrifie.rb,Chemistry,20,6,39,False
merrifie.rb,Chemistry,21,5,44,False
merrifie.rb,Chemistry,22,7,51,False
merrifie.rb,Chemistry,23,8,59,False
merrifie.rb,Chemistry,24,9,68,False
merrifie.rb,Chemistry,25,7,75,False
merrifie.rb,Chemistry,26,11,86,False
merrifie.rb,Chemistry,27,5,91,False
merrifie.rb,Chemistry,28,8,99,False
merrifie.rb,Chemistry,29,5,104,False
merrifie.rb,Chemistry,30,4,108,False
merrifie.rb,Chemistry,31,7,115,False
merrifie.rb,Chemistry,32,3,118,False
merrifie.rb,Chemistry,33,5,123,False
merrifie.rb,Chemistry,34,9,132,False
merrifie.rb,Chemistry,35,4,136,False
merrifie.rb,Chemistry,36,1,137,False
merrifie.rb,Chemistry,38,1,138,False
merrifie.rb,Chemistry,39,2,140,False
merrifie.rb,Chemistry,40,2,142,False
merrifie.rb,Chemistry,41,2,144,False
merrifie.rb,Chemistry,42,2,146,False
merrifie.rb,Chemistry,43,1,147,False
merrifie.rb,Chemistry,44,1,148,False
merrifie.rb,Chemistry,45,2,150,False
merrifie.rb,Chemistry,46,1,151,False
merrifie.rb,Chemistry,47,2,153,False
merrifie.rb,Chemistry,48,1,154,False
merrifie.rb,Chemistry,51,1,155,False
merrifie.rb,Chemistry,55,20,175,False
merrifie.rb,Chemistry,56,3,178,False
"meyerhof, o",Medicine,0,1,1,True
"meyerhof, o",Medicine,2,1,2,False
"meyerhof, o",Medicine,5,1,3,False
"meyerhof, o",Medicine,8,1,4,False
"meyerhof, o",Medicine,12,1,5,False
"meyerhof, o",Medicine,14,1,6,False
"meyerhof, o",Medicine,15,1,7,False
"meyerhof, o",Medicine,16,1,8,False
"meyerhof, o",Medicine,20,1,9,False
"meyerhof, o",Medicine,28,1,10,False
"meyerhof, o",Medicine,29,1,11,False
"meyerhof, o",Medicine,30,1,12,False
"meyerhof, o",Medicine,31,1,13,False
"meyerhof, o",Medicine,32,1,14,False
"michel, h",Chemistry,0,1,1,False
"michel, h",Chemistry,4,4,5,False
"michel, h",Chemistry,6,1,6,True
"michel, h",Chemistry,7,2,8,False
"michel, h",Chemistry,8,2,10,False
"michel, h",Chemistry,9,5,15,False
"michel, h",Chemistry,10,2,17,False
"michel, h",Chemistry,11,2,19,False
"michel, h",Chemistry,12,5,24,False
"michel, h",Chemistry,13,11,35,False
"michel, h",Chemistry,14,4,39,False
"michel, h",Chemistry,15,7,46,False
"michel, h",Chemistry,16,5,51,False
"michel, h",Chemistry,17,8,59,False
"michel, h",Chemistry,18,7,66,False
"michel, h",Chemistry,19,12,78,False
"michel, h",Chemistry,20,17,95,False
"michel, h",Chemistry,21,4,99,False
"michel, h",Chemistry,22,9,108,False
"michel, h",Chemistry,23,12,120,False
"michel, h",Chemistry,24,11,131,False
"michel, h",Chemistry,25,3,134,False
"michel, h",Chemistry,26,4,138,False
"michel, h",Chemistry,27,6,144,False
"michel, h",Chemistry,28,7,151,False
"michel, h",Chemistry,29,8,159,False
"michel, h",Chemistry,30,12,171,False
"michel, h",Chemistry,31,8,179,False
"michel, h",Chemistry,32,13,192,False
"michel, h",Chemistry,33,5,197,False
"michel, h",Chemistry,34,12,209,False
"michel, h",Chemistry,35,7,216,False
"michel, h",Chemistry,36,14,230,False
"michel, h",Chemistry,37,6,236,False
"michel, h",Chemistry,38,12,248,False
"michel, h",Chemistry,39,3,251,False
"michel, h",Chemistry,40,8,259,False
"michel, h",Chemistry,41,3,262,False
"michel, h",Chemistry,42,1,263,False
"millikan, ra",Physics,0,1,1,False
"millikan, ra",Physics,11,2,3,False
"millikan, ra",Physics,15,2,5,True
"millikan, ra",Physics,16,3,8,False
"millikan, ra",Physics,18,3,11,False
"millikan, ra",Physics,19,3,14,False
"millikan, ra",Physics,20,1,15,False
"millikan, ra",Physics,21,8,23,False
"millikan, ra",Physics,22,5,28,False
"millikan, ra",Physics,24,1,29,False
"millikan, ra",Physics,25,2,31,False
"millikan, ra",Physics,26,5,36,False
"millikan, ra",Physics,27,1,37,False
"millikan, ra",Physics,28,4,41,False
"millikan, ra",Physics,29,8,49,False
"millikan, ra",Physics,30,10,59,False
"millikan, ra",Physics,31,8,67,False
"millikan, ra",Physics,32,2,69,False
"millikan, ra",Physics,33,10,79,False
"millikan, ra",Physics,34,3,82,False
"millikan, ra",Physics,35,6,88,False
"millikan, ra",Physics,36,8,96,False
"millikan, ra",Physics,37,4,100,False
"millikan, ra",Physics,38,5,105,False
"millikan, ra",Physics,39,3,108,False
"millikan, ra",Physics,40,3,111,False
"millikan, ra",Physics,41,2,113,False
"millikan, ra",Physics,42,2,115,False
"millikan, ra",Physics,43,3,118,False
"millikan, ra",Physics,44,4,122,False
"millikan, ra",Physics,46,3,125,False
"millikan, ra",Physics,47,1,126,False
"millikan, ra",Physics,48,2,128,False
"millikan, ra",Physics,49,1,129,False
"millikan, ra",Physics,52,1,130,False
"millikan, ra",Physics,53,2,132,False
"millikan, ra",Physics,54,3,135,False
"millikan, ra",Physics,55,1,136,False
"milstein, c",Medicine,0,1,1,False
"milstein, c",Medicine,1,1,2,False
"milstein, c",Medicine,3,3,5,False
"milstein, c",Medicine,6,2,7,False
"milstein, c",Medicine,7,1,8,False
"milstein, c",Medicine,8,1,9,False
"milstein, c",Medicine,9,3,12,False
"milstein, c",Medicine,10,7,19,False
"milstein, c",Medicine,11,1,20,False
"milstein, c",Medicine,12,6,26,False
"milstein, c",Medicine,13,1,27,False
"milstein, c",Medicine,15,4,31,False
"milstein, c",Medicine,16,8,39,False
"milstein, c",Medicine,17,8,47,False
"milstein, c",Medicine,18,4,51,True
"milstein, c",Medicine,19,3,54,False
"milstein, c",Medicine,20,9,63,False
"milstein, c",Medicine,21,6,69,False
"milstein, c",Medicine,22,9,78,False
"milstein, c",Medicine,23,10,88,False
"milstein, c",Medicine,24,8,96,False
"milstein, c",Medicine,25,6,102,False
"milstein, c",Medicine,26,4,106,False
"milstein, c",Medicine,27,7,113,False
"milstein, c",Medicine,28,6,119,False
"milstein, c",Medicine,29,6,125,False
"milstein, c",Medicine,30,6,131,False
"milstein, c",Medicine,31,4,135,False
"milstein, c",Medicine,32,3,138,False
"milstein, c",Medicine,33,9,147,False
"milstein, c",Medicine,34,9,156,False
"milstein, c",Medicine,35,3,159,False
"milstein, c",Medicine,36,7,166,False
"milstein, c",Medicine,37,5,171,False
"milstein, c",Medicine,38,4,175,False
"milstein, c",Medicine,39,4,179,False
"milstein, c",Medicine,40,3,182,False
"milstein, c",Medicine,41,3,185,False
"milstein, c",Medicine,42,2,187,False
"milstein, c",Medicine,43,4,191,False
"milstein, c",Medicine,44,5,196,False
"milstein, c",Medicine,45,1,197,False
"milstein, c",Medicine,47,1,198,False
"minot, gr",Medicine,0,1,1,False
"minot, gr",Medicine,2,1,2,False
"minot, gr",Medicine,3,3,5,False
"minot, gr",Medicine,4,6,11,False
"minot, gr",Medicine,5,4,15,False
"minot, gr",Medicine,6,1,16,False
"minot, gr",Medicine,9,1,17,False
"minot, gr",Medicine,10,1,18,False
"minot, gr",Medicine,11,2,20,False
"minot, gr",Medicine,12,3,23,False
"minot, gr",Medicine,13,2,25,False
"minot, gr",Medicine,14,2,27,True
"minot, gr",Medicine,15,1,28,False
"minot, gr",Medicine,16,3,31,False
"minot, gr",Medicine,17,1,32,False
"minot, gr",Medicine,18,2,34,False
"minot, gr",Medicine,19,1,35,False
"minot, gr",Medicine,20,2,37,False
"minot, gr",Medicine,21,3,40,False
"minot, gr",Medicine,22,4,44,False
"minot, gr",Medicine,23,4,48,False
"minot, gr",Medicine,24,3,51,False
"minot, gr",Medicine,26,1,52,False
"minot, gr",Medicine,27,1,53,False
"minot, gr",Medicine,30,1,54,False
"minot, gr",Medicine,33,2,56,False
"minot, gr",Medicine,34,1,57,False
"minot, gr",Medicine,35,1,58,False
"mitchell, p",Chemistry,0,1,1,False
"mitchell, p",Chemistry,2,3,4,False
"mitchell, p",Chemistry,3,2,6,False
"mitchell, p",Chemistry,4,3,9,False
"mitchell, p",Chemistry,6,3,12,False
"mitchell, p",Chemistry,7,2,14,False
"mitchell, p",Chemistry,9,2,16,False
"mitchell, p",Chemistry,10,2,18,False
"mitchell, p",Chemistry,11,1,19,False
"mitchell, p",Chemistry,12,2,21,False
"mitchell, p",Chemistry,14,1,22,True
"mitchell, p",Chemistry,15,1,23,False
"mitchell, p",Chemistry,18,2,25,False
"mitchell, p",Chemistry,19,2,27,False
"mitchell, p",Chemistry,20,3,30,False
"mitchell, p",Chemistry,21,2,32,False
"mitchell, p",Chemistry,22,2,34,False
"mitchell, p",Chemistry,23,2,36,False
"mitchell, p",Chemistry,25,4,40,False
"mitchell, p",Chemistry,26,3,43,False
"mitchell, p",Chemistry,27,2,45,False
"mitchell, p",Chemistry,28,4,49,False
"mitchell, p",Chemistry,29,1,50,False
"mitchell, p",Chemistry,30,5,55,False
"mitchell, p",Chemistry,31,2,57,False
"mitchell, p",Chemistry,32,2,59,False
"mitchell, p",Chemistry,33,1,60,False
"mitchell, p",Chemistry,35,3,63,False
"mitchell, p",Chemistry,36,1,64,False
"mitchell, p",Chemistry,37,3,67,False
"mitchell, p",Chemistry,38,3,70,False
"mitchell, p",Chemistry,39,2,72,False
"mitchell, p",Chemistry,40,2,74,False
"mitchell, p",Chemistry,41,4,78,False
"mitchell, p",Chemistry,43,1,79,False
"mitchell, p",Chemistry,44,1,80,False
"modrich, p",Chemistry,0,1,1,False
"modrich, p",Chemistry,2,1,2,False
"modrich, p",Chemistry,3,1,3,False
"modrich, p",Chemistry,7,1,4,False
"modrich, p",Chemistry,8,1,5,False
"modrich, p",Chemistry,10,1,6,False
"modrich, p",Chemistry,11,3,9,False
"modrich, p",Chemistry,12,1,10,False
"modrich, p",Chemistry,13,2,12,False
"modrich, p",Chemistry,15,1,13,False
"modrich, p",Chemistry,16,2,15,False
"modrich, p",Chemistry,17,4,19,False
"modrich, p",Chemistry,18,3,22,True
"modrich, p",Chemistry,19,2,24,False
"modrich, p",Chemistry,20,1,25,False
"modrich, p",Chemistry,22,4,29,False
"modrich, p",Chemistry,23,2,31,False
"modrich, p",Chemistry,24,4,35,False
"modrich, p",Chemistry,25,6,41,False
"modrich, p",Chemistry,26,7,48,False
"modrich, p",Chemistry,27,9,57,False
"modrich, p",Chemistry,28,5,62,False
"modrich, p",Chemistry,29,4,66,False
"modrich, p",Chemistry,30,4,70,False
"modrich, p",Chemistry,31,1,71,False
"modrich, p",Chemistry,32,4,75,False
"modrich, p",Chemistry,33,4,79,False
"modrich, p",Chemistry,34,4,83,False
"modrich, p",Chemistry,35,6,89,False
"modrich, p",Chemistry,36,3,92,False
"modrich, p",Chemistry,37,4,96,False
"modrich, p",Chemistry,38,4,100,False
"modrich, p",Chemistry,39,5,105,False
"modrich, p",Chemistry,40,4,109,False
"modrich, p",Chemistry,42,1,110,False
"modrich, p",Chemistry,43,2,112,False
"moerner, w",Chemistry,0,1,1,False
"moerner, w",Chemistry,7,3,4,False
"moerner, w",Chemistry,8,2,6,False
"moerner, w",Chemistry,9,3,9,False
"moerner, w",Chemistry,10,4,13,False
"moerner, w",Chemistry,11,4,17,False
"moerner, w",Chemistry,12,3,20,False
"moerner, w",Chemistry,13,4,24,False
"moerner, w",Chemistry,14,2,26,False
"moerner, w",Chemistry,15,3,29,False
"moerner, w",Chemistry,16,4,33,False
"moerner, w",Chemistry,17,7,40,False
"moerner, w",Chemistry,18,10,50,False
"moerner, w",Chemistry,19,11,61,False
"moerner, w",Chemistry,20,17,78,False
"moerner, w",Chemistry,21,4,82,False
"moerner, w",Chemistry,22,5,87,False
"moerner, w",Chemistry,23,7,94,False
"moerner, w",Chemistry,24,6,100,False
"moerner, w",Chemistry,25,6,106,False
"moerner, w",Chemistry,26,6,112,True
"moerner, w",Chemistry,27,4,116,False
"moerner, w",Chemistry,28,6,122,False
"moerner, w",Chemistry,29,11,133,False
"moerner, w",Chemistry,30,7,140,False
"moerner, w",Chemistry,31,11,151,False
"moerner, w",Chemistry,32,13,164,False
"moerner, w",Chemistry,33,10,174,False
"moerner, w",Chemistry,34,7,181,False
"moerner, w",Chemistry,35,6,187,False
"moerner, w",Chemistry,36,17,204,False
"moerner, w",Chemistry,37,9,213,False
"moerner, w",Chemistry,38,14,227,False
"moerner, w",Chemistry,39,13,240,False
"moerner, w",Chemistry,40,25,265,False
"moerner, w",Chemistry,41,16,281,False
"moerner, w",Chemistry,42,6,287,False
"moerner, w",Chemistry,43,6,293,False
"moerner, w",Chemistry,44,2,295,False
"molina, m",Chemistry,0,2,2,True
"molina, m",Chemistry,1,4,6,False
"molina, m",Chemistry,2,3,9,False
"molina, m",Chemistry,3,7,16,False
"molina, m",Chemistry,4,3,19,False
"molina, m",Chemistry,5,1,20,False
"molina, m",Chemistry,6,3,23,False
"molina, m",Chemistry,7,2,25,False
"molina, m",Chemistry,8,2,27,False
"molina, m",Chemistry,9,2,29,False
"molina, m",Chemistry,10,2,31,False
"molina, m",Chemistry,13,1,32,False
"molina, m",Chemistry,14,1,33,False
"molina, m",Chemistry,16,1,34,False
"molina, m",Chemistry,17,1,35,False
"molina, m",Chemistry,18,3,38,False
"molina, m",Chemistry,19,5,43,False
"molina, m",Chemistry,20,3,46,False
"molina, m",Chemistry,21,4,50,False
"molina, m",Chemistry,22,11,61,False
"molina, m",Chemistry,23,6,67,False
"molina, m",Chemistry,24,6,73,False
"molina, m",Chemistry,25,5,78,False
"molina, m",Chemistry,26,7,85,False
"molina, m",Chemistry,27,7,92,False
"molina, m",Chemistry,28,8,100,False
"molina, m",Chemistry,29,3,103,False
"molina, m",Chemistry,30,8,111,False
"molina, m",Chemistry,31,12,123,False
"molina, m",Chemistry,32,14,137,False
"molina, m",Chemistry,33,10,147,False
"molina, m",Chemistry,34,9,156,False
"molina, m",Chemistry,35,5,161,False
"molina, m",Chemistry,36,5,166,False
"molina, m",Chemistry,37,3,169,False
"molina, m",Chemistry,38,5,174,False
"molina, m",Chemistry,39,5,179,False
"molina, m",Chemistry,40,2,181,False
"molina, m",Chemistry,41,4,185,False
"molina, m",Chemistry,42,7,192,False
"molina, m",Chemistry,43,4,196,False
"moniz, e",Medicine,0,1,1,True
"monod, j",Medicine,0,1,1,False
"monod, j",Medicine,2,2,3,False
"monod, j",Medicine,3,1,4,False
"monod, j",Medicine,6,1,5,False
"monod, j",Medicine,10,3,8,False
"monod, j",Medicine,11,1,9,False
"monod, j",Medicine,12,3,12,True
"monod, j",Medicine,14,2,14,False
"monod, j",Medicine,15,2,16,False
"monod, j",Medicine,16,5,21,False
"monod, j",Medicine,17,2,23,False
"monod, j",Medicine,18,1,24,False
"monod, j",Medicine,19,2,26,False
"monod, j",Medicine,20,1,27,False
"monod, j",Medicine,25,1,28,False
"monod, j",Medicine,27,1,29,False
"montagnier, l",Medicine,0,3,3,False
"montagnier, l",Medicine,2,1,4,False
"montagnier, l",Medicine,4,4,8,False
"montagnier, l",Medicine,5,2,10,False
"montagnier, l",Medicine,6,5,15,False
"montagnier, l",Medicine,7,3,18,False
"montagnier, l",Medicine,8,2,20,True
"montagnier, l",Medicine,9,15,35,False
"montagnier, l",Medicine,10,14,49,False
"montagnier, l",Medicine,11,11,60,False
"montagnier, l",Medicine,12,9,69,False
"montagnier, l",Medicine,13,12,81,False
"montagnier, l",Medicine,14,14,95,False
"montagnier, l",Medicine,15,9,104,False
"montagnier, l",Medicine,16,6,110,False
"montagnier, l",Medicine,17,8,118,False
"montagnier, l",Medicine,18,11,129,False
"montagnier, l",Medicine,19,14,143,False
"montagnier, l",Medicine,20,7,150,False
"montagnier, l",Medicine,21,4,154,False
"montagnier, l",Medicine,22,5,159,False
"montagnier, l",Medicine,23,3,162,False
"montagnier, l",Medicine,24,1,163,False
"montagnier, l",Medicine,27,2,165,False
"montagnier, l",Medicine,29,1,166,False
"montagnier, l",Medicine,34,3,169,False
"montagnier, l",Medicine,35,1,170,False
"moore, s",Chemistry,0,1,1,False
"moore, s",Chemistry,1,1,2,False
"moore, s",Chemistry,2,2,4,False
"moore, s",Chemistry,6,2,6,False
"moore, s",Chemistry,8,1,7,False
"moore, s",Chemistry,10,1,8,False
"moore, s",Chemistry,11,2,10,False
"moore, s",Chemistry,13,2,12,False
"moore, s",Chemistry,14,4,16,False
"moore, s",Chemistry,17,1,17,False
"moore, s",Chemistry,18,2,19,True
"moore, s",Chemistry,20,1,20,False
"moore, s",Chemistry,21,1,21,False
"moore, s",Chemistry,22,1,22,False
"moore, s",Chemistry,23,1,23,False
"moore, s",Chemistry,25,1,24,False
"moore, s",Chemistry,29,2,26,False
"moore, s",Chemistry,33,3,29,False
"moore, s",Chemistry,34,2,31,False
"moore, s",Chemistry,35,2,33,False
"moore, s",Chemistry,36,4,37,False
"moore, s",Chemistry,37,4,41,False
"moore, s",Chemistry,38,3,44,False
"morgan, th",Medicine,0,1,1,False
"morgan, th",Medicine,10,1,2,False
"morgan, th",Medicine,13,1,3,False
"morgan, th",Medicine,14,1,4,False
"morgan, th",Medicine,17,1,5,False
"morgan, th",Medicine,19,1,6,False
"morgan, th",Medicine,20,1,7,False
"morgan, th",Medicine,21,3,10,False
"morgan, th",Medicine,24,1,11,False
"morgan, th",Medicine,25,1,12,False
"morgan, th",Medicine,26,1,13,True
"morgan, th",Medicine,27,1,14,False
"morgan, th",Medicine,28,1,15,False
"morgan, th",Medicine,29,3,18,False
"morgan, th",Medicine,30,1,19,False
"morgan, th",Medicine,31,1,20,False
"morgan, th",Medicine,32,1,21,False
"morgan, th",Medicine,33,2,23,False
"morgan, th",Medicine,37,1,24,False
"morgan, th",Medicine,42,2,26,False
"morgan, th",Medicine,43,1,27,False
"morgan, th",Medicine,46,1,28,False
"morgan, th",Medicine,48,2,30,False
"morgan, th",Medicine,49,2,32,False
"morgan, th",Medicine,50,1,33,False
"morgan, th",Medicine,52,3,36,False
"morgan, th",Medicine,54,2,38,False
"morgan, th",Medicine,55,1,39,False
"moser, ei",Medicine,0,1,1,False
"moser, ei",Medicine,2,1,2,False
"moser, ei",Medicine,5,2,4,False
"moser, ei",Medicine,7,3,7,False
"moser, ei",Medicine,8,2,9,False
"moser, ei",Medicine,10,3,12,False
"moser, ei",Medicine,11,1,13,False
"moser, ei",Medicine,12,1,14,False
"moser, ei",Medicine,13,2,16,False
"moser, ei",Medicine,14,5,21,False
"moser, ei",Medicine,15,3,24,False
"moser, ei",Medicine,16,4,28,False
"moser, ei",Medicine,17,7,35,True
"moser, ei",Medicine,18,6,41,False
"moser, ei",Medicine,19,5,46,False
"moser, ei",Medicine,20,12,58,False
"moser, ei",Medicine,21,3,61,False
"moser, ei",Medicine,22,7,68,False
"moser, ei",Medicine,23,8,76,False
"moser, ei",Medicine,24,3,79,False
"moser, ei",Medicine,25,10,89,False
"moser, ei",Medicine,26,8,97,False
"moser, ei",Medicine,27,7,104,False
"moser, ei",Medicine,28,3,107,False
"moser, ei",Medicine,29,4,111,False
"moser, ei",Medicine,30,1,112,False
"moser, mb",Medicine,0,1,1,False
"moser, mb",Medicine,1,1,2,False
"moser, mb",Medicine,3,1,3,False
"moser, mb",Medicine,4,2,5,False
"moser, mb",Medicine,5,2,7,False
"moser, mb",Medicine,6,1,8,False
"moser, mb",Medicine,7,1,9,False
"moser, mb",Medicine,8,4,13,False
"moser, mb",Medicine,9,1,14,False
"moser, mb",Medicine,10,1,15,False
"moser, mb",Medicine,11,5,20,True
"moser, mb",Medicine,12,1,21,False
"moser, mb",Medicine,13,2,23,False
"moser, mb",Medicine,14,3,26,False
"moser, mb",Medicine,15,2,28,False
"moser, mb",Medicine,16,2,30,False
"moser, mb",Medicine,17,3,33,False
"moser, mb",Medicine,18,2,35,False
"moser, mb",Medicine,19,6,41,False
"moser, mb",Medicine,20,3,44,False
"mossbauer, rl",Physics,0,2,2,True
"mossbauer, rl",Physics,1,1,3,False
"mossbauer, rl",Physics,2,2,5,False
"mossbauer, rl",Physics,4,3,8,False
"mossbauer, rl",Physics,5,1,9,False
"mossbauer, rl",Physics,6,1,10,False
"mossbauer, rl",Physics,15,1,11,False
"mossbauer, rl",Physics,20,1,12,False
"mossbauer, rl",Physics,22,1,13,False
"mossbauer, rl",Physics,26,2,15,False
"mossbauer, rl",Physics,29,2,17,False
"mossbauer, rl",Physics,34,3,20,False
"mossbauer, rl",Physics,43,1,21,False
"mott, n",Physics,0,1,1,False
"mott, n",Physics,1,1,2,False
"mott, n",Physics,5,1,3,False
"mott, n",Physics,7,2,5,False
"mott, n",Physics,8,2,7,False
"mott, n",Physics,9,6,13,False
"mott, n",Physics,10,3,16,False
"mott, n",Physics,11,2,18,False
"mott, n",Physics,18,3,21,False
"mott, n",Physics,19,1,22,False
"mott, n",Physics,20,4,26,True
"mott, n",Physics,21,1,27,False
"mott, n",Physics,22,1,28,False
"mott, n",Physics,23,2,30,False
"mott, n",Physics,24,4,34,False
"mott, n",Physics,26,2,36,False
"mott, n",Physics,27,3,39,False
"mott, n",Physics,28,3,42,False
"mott, n",Physics,29,1,43,False
"mott, n",Physics,30,1,44,False
"mott, n",Physics,32,2,46,False
"mott, n",Physics,33,1,47,False
"mott, n",Physics,34,1,48,False
"mott, n",Physics,35,1,49,False
"mott, n",Physics,37,1,50,False
"mott, n",Physics,38,2,52,False
"mott, n",Physics,39,3,55,False
"mott, n",Physics,40,6,61,False
"mott, n",Physics,41,6,67,False
"mott, n",Physics,42,6,73,False
"mott, n",Physics,43,5,78,False
"mott, n",Physics,44,4,82,False
"mott, n",Physics,45,6,88,False
"mott, n",Physics,46,10,98,False
"mott, n",Physics,47,3,101,False
"mott, n",Physics,48,9,110,False
"mott, n",Physics,49,6,116,False
"mott, n",Physics,50,1,117,False
"mott, n",Physics,51,8,125,False
"mott, n",Physics,52,8,133,False
"mott, n",Physics,53,3,136,False
"mott, n",Physics,54,6,142,False
"mott, n",Physics,55,5,147,False
"mott, n",Physics,56,10,157,False
"mott, n",Physics,58,11,168,False
"mott, n",Physics,59,1,169,False
"mott, n",Physics,60,6,175,False
"mottelson, br",Physics,0,2,2,True
"mottelson, br",Physics,2,2,4,False
"mottelson, br",Physics,3,1,5,False
"mottelson, br",Physics,4,2,7,False
"mottelson, br",Physics,5,1,8,False
"mottelson, br",Physics,7,1,9,False
"mottelson, br",Physics,17,1,10,False
"mottelson, br",Physics,20,1,11,False
"mottelson, br",Physics,21,2,13,False
"mottelson, br",Physics,23,4,17,False
"mottelson, br",Physics,26,1,18,False
"mottelson, br",Physics,27,2,20,False
"mottelson, br",Physics,28,3,23,False
"mottelson, br",Physics,29,3,26,False
"mottelson, br",Physics,30,1,27,False
"mottelson, br",Physics,31,1,28,False
"mottelson, br",Physics,33,1,29,False
"mottelson, br",Physics,37,1,30,False
"mottelson, br",Physics,38,1,31,False
"mottelson, br",Physics,41,1,32,False
"mottelson, br",Physics,42,1,33,False
"mottelson, br",Physics,46,1,34,False
"mottelson, br",Physics,49,1,35,False
"mottelson, br",Physics,50,2,37,False
"mottelson, br",Physics,51,3,40,False
"mottelson, br",Physics,53,1,41,False
"mottelson, br",Physics,55,1,42,False
"mottelson, br",Physics,56,1,43,False
"mottelson, br",Physics,57,1,44,False
"mottelson, br",Physics,59,1,45,False
"muller, hj",Medicine,0,3,3,False
"muller, hj",Medicine,1,1,4,False
"muller, hj",Medicine,2,2,6,False
"muller, hj",Medicine,3,1,7,False
"muller, hj",Medicine,4,1,8,False
"muller, hj",Medicine,6,1,9,False
"muller, hj",Medicine,7,2,11,False
"muller, hj",Medicine,8,4,15,False
"muller, hj",Medicine,9,2,17,False
"muller, hj",Medicine,10,1,18,False
"muller, hj",Medicine,41,4,22,False
"muller, hj",Medicine,43,3,25,False
"muller, hj",Medicine,44,2,27,False
"muller, hj",Medicine,46,1,28,False
"muller, hj",Medicine,47,2,30,False
"muller, hj",Medicine,49,1,31,False
"muller, hj",Medicine,50,2,33,False
"muller, hj",Medicine,52,2,35,False
"muller, hj",Medicine,53,1,36,False
"muller, hj",Medicine,54,2,38,False
"muller, hj",Medicine,55,2,40,True
"muller, hj",Medicine,56,3,43,False
"muller, hj",Medicine,57,4,47,False
"muller, hj",Medicine,59,2,49,False
"muller, ka",Physics,0,1,1,False
"muller, ka",Physics,3,1,2,False
"muller, ka",Physics,5,2,4,False
"muller, ka",Physics,6,3,7,False
"muller, ka",Physics,7,1,8,False
"muller, ka",Physics,9,3,11,False
"muller, ka",Physics,10,2,13,False
"muller, ka",Physics,11,4,17,False
"muller, ka",Physics,12,4,21,False
"muller, ka",Physics,13,5,26,False
"muller, ka",Physics,14,3,29,False
"muller, ka",Physics,15,5,34,False
"muller, ka",Physics,16,3,37,False
"muller, ka",Physics,17,6,43,False
"muller, ka",Physics,18,6,49,False
"muller, ka",Physics,19,2,51,False
"muller, ka",Physics,20,5,56,False
"muller, ka",Physics,21,3,59,False
"muller, ka",Physics,22,5,64,False
"muller, ka",Physics,23,3,67,False
"muller, ka",Physics,24,6,73,False
"muller, ka",Physics,25,3,76,False
"muller, ka",Physics,26,6,82,False
"muller, ka",Physics,27,3,85,True
"muller, ka",Physics,28,28,113,False
"muller, ka",Physics,29,17,130,False
"muller, ka",Physics,30,5,135,False
"muller, ka",Physics,31,4,139,False
"muller, ka",Physics,32,8,147,False
"muller, ka",Physics,33,9,156,False
"muller, ka",Physics,34,6,162,False
"muller, ka",Physics,35,8,170,False
"muller, ka",Physics,36,2,172,False
"muller, ka",Physics,37,8,180,False
"muller, ka",Physics,38,5,185,False
"muller, ka",Physics,39,4,189,False
"muller, ka",Physics,40,6,195,False
"muller, ka",Physics,41,7,202,False
"muller, ka",Physics,42,8,210,False
"muller, ka",Physics,43,15,225,False
"muller, ka",Physics,44,4,229,False
"muller, ka",Physics,45,3,232,False
"muller, ka",Physics,46,2,234,False
"muller, ka",Physics,47,8,242,False
"muller, ka",Physics,48,11,253,False
"muller, ka",Physics,49,7,260,False
"muller, ka",Physics,50,6,266,False
"muller, ka",Physics,51,9,275,False
"muller, ka",Physics,52,6,281,False
"muller, ka",Physics,53,15,296,False
"muller, ka",Physics,54,33,329,False
"muller, ka",Physics,55,22,351,False
"muller, ka",Physics,56,26,377,False
"muller, ka",Physics,57,14,391,False
"muller, ka",Physics,58,25,416,False
"muller, ka",Physics,59,2,418,False
"muller, p",Medicine,0,1,1,True
"muller, p",Medicine,10,1,2,False
"mulliken, r",Chemistry,0,1,1,False
"mulliken, r",Chemistry,2,1,2,False
"mulliken, r",Chemistry,3,5,7,False
"mulliken, r",Chemistry,4,2,9,False
"mulliken, r",Chemistry,5,5,14,False
"mulliken, r",Chemistry,6,7,21,False
"mulliken, r",Chemistry,7,6,27,False
"mulliken, r",Chemistry,8,7,34,False
"mulliken, r",Chemistry,9,5,39,False
"mulliken, r",Chemistry,10,4,43,False
"mulliken, r",Chemistry,11,7,50,False
"mulliken, r",Chemistry,12,7,57,False
"mulliken, r",Chemistry,13,5,62,False
"mulliken, r",Chemistry,14,3,65,False
"mulliken, r",Chemistry,15,6,71,False
"mulliken, r",Chemistry,16,10,81,False
"mulliken, r",Chemistry,17,3,84,False
"mulliken, r",Chemistry,18,4,88,False
"mulliken, r",Chemistry,20,10,98,False
"mulliken, r",Chemistry,21,7,105,False
"mulliken, r",Chemistry,22,4,109,False
"mulliken, r",Chemistry,23,7,116,False
"mulliken, r",Chemistry,28,3,119,False
"mulliken, r",Chemistry,29,2,121,False
"mulliken, r",Chemistry,30,4,125,False
"mulliken, r",Chemistry,31,3,128,False
"mulliken, r",Chemistry,32,4,132,False
"mulliken, r",Chemistry,33,3,135,False
"mulliken, r",Chemistry,34,2,137,False
"mulliken, r",Chemistry,35,3,140,False
"mulliken, r",Chemistry,36,9,149,True
"mulliken, r",Chemistry,37,1,150,False
"mulliken, r",Chemistry,38,4,154,False
"mulliken, r",Chemistry,39,3,157,False
"mulliken, r",Chemistry,40,6,163,False
"mulliken, r",Chemistry,41,8,171,False
"mulliken, r",Chemistry,42,1,172,False
"mulliken, r",Chemistry,43,5,177,False
"mulliken, r",Chemistry,45,3,180,False
"mulliken, r",Chemistry,46,2,182,False
"mulliken, r",Chemistry,47,1,183,False
"mulliken, r",Chemistry,48,2,185,False
"mulliken, r",Chemistry,49,1,186,False
"mulliken, r",Chemistry,50,6,192,False
"mulliken, r",Chemistry,51,4,196,False
"mulliken, r",Chemistry,52,3,199,False
"mulliken, r",Chemistry,53,3,202,False
"mulliken, r",Chemistry,55,4,206,False
"mulliken, r",Chemistry,57,6,212,False
"mulliken, r",Chemistry,58,3,215,False
"mullis, k",Chemistry,0,1,1,False
"mullis, k",Chemistry,3,1,2,False
"mullis, k",Chemistry,6,1,3,False
"mullis, k",Chemistry,7,1,4,False
"mullis, k",Chemistry,8,1,5,False
"mullis, k",Chemistry,12,1,6,False
"mullis, k",Chemistry,14,1,7,False
"mullis, k",Chemistry,16,1,8,False
"mullis, k",Chemistry,17,1,9,True
"mullis, k",Chemistry,18,2,11,False
"mullis, k",Chemistry,20,1,12,False
"mullis, k",Chemistry,22,1,13,False
"mullis, k",Chemistry,23,1,14,False
"mullis, k",Chemistry,27,1,15,False
"murad, f",Medicine,0,1,1,False
"murad, f",Medicine,1,4,5,False
"murad, f",Medicine,3,2,7,False
"murad, f",Medicine,4,2,9,False
"murad, f",Medicine,5,3,12,False
"murad, f",Medicine,6,2,14,False
"murad, f",Medicine,7,8,22,False
"murad, f",Medicine,8,1,23,False
"murad, f",Medicine,9,5,28,True
"murad, f",Medicine,10,2,30,False
"murad, f",Medicine,11,5,35,False
"murad, f",Medicine,12,2,37,False
"murad, f",Medicine,13,2,39,False
"murad, f",Medicine,14,3,42,False
"murad, f",Medicine,15,4,46,False
"murad, f",Medicine,16,6,52,False
"murad, f",Medicine,17,7,59,False
"murad, f",Medicine,18,9,68,False
"murad, f",Medicine,19,4,72,False
"murad, f",Medicine,20,10,82,False
"murad, f",Medicine,21,7,89,False
"murad, f",Medicine,22,8,97,False
"murad, f",Medicine,23,18,115,False
"murad, f",Medicine,24,20,135,False
"murad, f",Medicine,25,4,139,False
"murad, f",Medicine,26,2,141,False
"murad, f",Medicine,27,3,144,False
"murad, f",Medicine,28,4,148,False
"murad, f",Medicine,29,2,150,False
"murad, f",Medicine,30,1,151,False
"murad, f",Medicine,31,5,156,False
"murad, f",Medicine,32,5,161,False
"murad, f",Medicine,33,10,171,False
"murad, f",Medicine,34,2,173,False
"murad, f",Medicine,35,9,182,False
"murad, f",Medicine,36,4,186,False
"murad, f",Medicine,37,8,194,False
"murad, f",Medicine,38,9,203,False
"murad, f",Medicine,39,7,210,False
"murad, f",Medicine,40,6,216,False
"murad, f",Medicine,41,5,221,False
"murad, f",Medicine,42,8,229,False
"murad, f",Medicine,43,8,237,False
"murad, f",Medicine,44,4,241,False
"murad, f",Medicine,45,3,244,False
"murad, f",Medicine,46,1,245,False
"murad, f",Medicine,47,2,247,False
"murad, f",Medicine,48,2,249,False
"murad, f",Medicine,49,4,253,False
"murphy, wp",Medicine,0,2,2,False
"murphy, wp",Medicine,2,1,3,True
"murphy, wp",Medicine,3,2,5,False
"murphy, wp",Medicine,4,2,7,False
"murphy, wp",Medicine,5,1,8,False
"murphy, wp",Medicine,6,2,10,False
"murphy, wp",Medicine,7,2,12,False
"murphy, wp",Medicine,8,2,14,False
"murphy, wp",Medicine,9,8,22,False
"murphy, wp",Medicine,11,1,23,False
"murphy, wp",Medicine,12,3,26,False
"murphy, wp",Medicine,15,2,28,False
"murphy, wp",Medicine,16,1,29,False
"murphy, wp",Medicine,17,1,30,False
"murphy, wp",Medicine,19,2,32,False
"murphy, wp",Medicine,26,2,34,False
"murphy, wp",Medicine,28,3,37,False
"murphy, wp",Medicine,29,1,38,False
"murphy, wp",Medicine,31,1,39,False
"murphy, wp",Medicine,32,1,40,False
"murphy, wp",Medicine,37,1,41,False
"murphy, wp",Medicine,41,1,42,False
"murphy, wp",Medicine,46,1,43,False
"murphy, wp",Medicine,52,1,44,False
"murphy, wp",Medicine,59,1,45,False
"murray, je",Medicine,0,4,4,True
"murray, je",Medicine,1,1,5,False
"murray, je",Medicine,2,3,8,False
"murray, je",Medicine,3,1,9,False
"murray, je",Medicine,4,5,14,False
"murray, je",Medicine,5,1,15,False
"murray, je",Medicine,6,2,17,False
"murray, je",Medicine,7,8,25,False
"murray, je",Medicine,8,4,29,False
"murray, je",Medicine,9,5,34,False
"murray, je",Medicine,10,7,41,False
"murray, je",Medicine,11,12,53,False
"murray, je",Medicine,12,12,65,False
"murray, je",Medicine,13,10,75,False
"murray, je",Medicine,14,5,80,False
"murray, je",Medicine,15,6,86,False
"murray, je",Medicine,16,11,97,False
"murray, je",Medicine,17,8,105,False
"murray, je",Medicine,18,2,107,False
"murray, je",Medicine,19,3,110,False
"murray, je",Medicine,20,2,112,False
"murray, je",Medicine,21,5,117,False
"murray, je",Medicine,22,6,123,False
"murray, je",Medicine,23,4,127,False
"murray, je",Medicine,24,1,128,False
"murray, je",Medicine,25,4,132,False
"murray, je",Medicine,26,5,137,False
"murray, je",Medicine,27,3,140,False
"murray, je",Medicine,28,7,147,False
"murray, je",Medicine,29,4,151,False
"murray, je",Medicine,30,4,155,False
"murray, je",Medicine,31,2,157,False
"murray, je",Medicine,32,1,158,False
"murray, je",Medicine,34,1,159,False
"murray, je",Medicine,35,2,161,False
"murray, je",Medicine,36,2,163,False
"murray, je",Medicine,37,1,164,False
"murray, je",Medicine,38,1,165,False
"murray, je",Medicine,39,1,166,False
"murray, je",Medicine,43,1,167,False
"murray, je",Medicine,44,2,169,False
"murray, je",Medicine,46,1,170,False
"murray, je",Medicine,47,1,171,False
"murray, je",Medicine,50,8,179,False
"murray, je",Medicine,53,1,180,False
"murray, je",Medicine,54,1,181,False
n. n. semenov,Chemistry,0,1,1,True
n. n. semenov,Chemistry,13,1,2,False
"nakamura, shuji",Physics,0,1,1,False
"nakamura, shuji",Physics,3,1,2,False
"nakamura, shuji",Physics,4,1,3,False
"nakamura, shuji",Physics,5,6,9,False
"nakamura, shuji",Physics,6,6,15,False
"nakamura, shuji",Physics,7,4,19,False
"nakamura, shuji",Physics,8,5,24,True
"nakamura, shuji",Physics,9,10,34,False
"nakamura, shuji",Physics,10,23,57,False
"nakamura, shuji",Physics,11,39,96,False
"nakamura, shuji",Physics,12,41,137,False
"nakamura, shuji",Physics,13,39,176,False
"nakamura, shuji",Physics,14,26,202,False
"nakamura, shuji",Physics,15,15,217,False
"nakamura, shuji",Physics,16,8,225,False
"nakamura, shuji",Physics,17,8,233,False
"nakamura, shuji",Physics,18,19,252,False
"nakamura, shuji",Physics,19,25,277,False
"nakamura, shuji",Physics,20,38,315,False
"nakamura, shuji",Physics,21,43,358,False
"nakamura, shuji",Physics,22,50,408,False
"nakamura, shuji",Physics,23,37,445,False
"nakamura, shuji",Physics,24,32,477,False
"nakamura, shuji",Physics,25,37,514,False
"nakamura, shuji",Physics,26,27,541,False
"nakamura, shuji",Physics,27,31,572,False
"nakamura, shuji",Physics,28,19,591,False
"nakamura, shuji",Physics,29,29,620,False
"nakamura, shuji",Physics,30,39,659,False
"nakamura, shuji",Physics,31,31,690,False
"nakamura, shuji",Physics,32,5,695,False
"nambu, yoichiro",Physics,0,1,1,False
"nambu, yoichiro",Physics,1,2,3,False
"nambu, yoichiro",Physics,2,7,10,False
"nambu, yoichiro",Physics,3,2,12,False
"nambu, yoichiro",Physics,4,2,14,False
"nambu, yoichiro",Physics,6,1,15,False
"nambu, yoichiro",Physics,7,2,17,False
"nambu, yoichiro",Physics,9,5,22,False
"nambu, yoichiro",Physics,10,2,24,False
"nambu, yoichiro",Physics,12,4,28,True
"nambu, yoichiro",Physics,13,3,31,False
"nambu, yoichiro",Physics,14,4,35,False
"nambu, yoichiro",Physics,15,3,38,False
"nambu, yoichiro",Physics,16,6,44,False
"nambu, yoichiro",Physics,17,3,47,False
"nambu, yoichiro",Physics,18,4,51,False
"nambu, yoichiro",Physics,19,1,52,False
"nambu, yoichiro",Physics,20,3,55,False
"nambu, yoichiro",Physics,22,1,56,False
"nambu, yoichiro",Physics,23,1,57,False
"nambu, yoichiro",Physics,25,1,58,False
"nambu, yoichiro",Physics,26,2,60,False
"nambu, yoichiro",Physics,27,1,61,False
"nambu, yoichiro",Physics,28,2,63,False
"nambu, yoichiro",Physics,29,1,64,False
"nambu, yoichiro",Physics,30,1,65,False
"nambu, yoichiro",Physics,31,2,67,False
"nambu, yoichiro",Physics,32,1,68,False
"nambu, yoichiro",Physics,33,1,69,False
"nambu, yoichiro",Physics,34,2,71,False
"nambu, yoichiro",Physics,36,1,72,False
"nambu, yoichiro",Physics,37,2,74,False
"nambu, yoichiro",Physics,40,1,75,False
"nambu, yoichiro",Physics,41,1,76,False
"nambu, yoichiro",Physics,43,3,79,False
"nambu, yoichiro",Physics,45,1,80,False
"nambu, yoichiro",Physics,46,1,81,False
"nambu, yoichiro",Physics,50,2,83,False
"nambu, yoichiro",Physics,52,1,84,False
"nambu, yoichiro",Physics,56,1,85,False
"nambu, yoichiro",Physics,58,1,86,False
"nambu, yoichiro",Physics,59,5,91,False
"nambu, yoichiro",Physics,60,4,95,False
"nathans, d",Medicine,0,2,2,False
"nathans, d",Medicine,1,1,3,False
"nathans, d",Medicine,2,1,4,False
"nathans, d",Medicine,4,2,6,False
"nathans, d",Medicine,5,3,9,False
"nathans, d",Medicine,6,2,11,False
"nathans, d",Medicine,7,1,12,False
"nathans, d",Medicine,8,1,13,False
"nathans, d",Medicine,9,1,14,False
"nathans, d",Medicine,11,2,16,True
"nathans, d",Medicine,12,4,20,False
"nathans, d",Medicine,13,7,27,False
"nathans, d",Medicine,14,9,36,False
"nathans, d",Medicine,15,6,42,False
"nathans, d",Medicine,16,2,44,False
"nathans, d",Medicine,17,1,45,False
"nathans, d",Medicine,18,3,48,False
"nathans, d",Medicine,19,6,54,False
"nathans, d",Medicine,20,3,57,False
"nathans, d",Medicine,22,3,60,False
"nathans, d",Medicine,23,3,63,False
"nathans, d",Medicine,24,2,65,False
"nathans, d",Medicine,25,2,67,False
"nathans, d",Medicine,27,2,69,False
"nathans, d",Medicine,28,7,76,False
"nathans, d",Medicine,29,4,80,False
"nathans, d",Medicine,31,2,82,False
"nathans, d",Medicine,32,2,84,False
"nathans, d",Medicine,33,1,85,False
"nathans, d",Medicine,35,3,88,False
"nathans, d",Medicine,36,4,92,False
"nathans, d",Medicine,37,1,93,False
"nathans, d",Medicine,41,1,94,False
"nathans, d",Medicine,42,1,95,False
"natta, g",Chemistry,0,2,2,False
"natta, g",Chemistry,1,1,3,False
"natta, g",Chemistry,22,2,5,False
"natta, g",Chemistry,25,1,6,True
"natta, g",Chemistry,26,5,11,False
"natta, g",Chemistry,27,6,17,False
"natta, g",Chemistry,28,5,22,False
"natta, g",Chemistry,29,8,30,False
"natta, g",Chemistry,30,7,37,False
"natta, g",Chemistry,31,11,48,False
"natta, g",Chemistry,32,8,56,False
"natta, g",Chemistry,33,5,61,False
"natta, g",Chemistry,34,7,68,False
"natta, g",Chemistry,35,9,77,False
"natta, g",Chemistry,36,1,78,False
"natta, g",Chemistry,37,15,93,False
"natta, g",Chemistry,38,1,94,False
"natta, g",Chemistry,39,3,97,False
"natta, g",Chemistry,44,1,98,False
"neel, l",Physics,0,2,2,True
"neel, l",Physics,2,2,4,False
"neel, l",Physics,3,2,6,False
"neel, l",Physics,4,2,8,False
"neel, l",Physics,5,2,10,False
"neel, l",Physics,6,1,11,False
"neel, l",Physics,7,1,12,False
"neel, l",Physics,8,1,13,False
"neel, l",Physics,11,1,14,False
"neel, l",Physics,12,1,15,False
"neel, l",Physics,14,1,16,False
"neel, l",Physics,15,1,17,False
"neel, l",Physics,17,4,21,False
"neel, l",Physics,19,1,22,False
"neel, l",Physics,23,1,23,False
"negishi, e",Chemistry,0,3,3,False
"negishi, e",Chemistry,1,1,4,False
"negishi, e",Chemistry,2,2,6,False
"negishi, e",Chemistry,3,3,9,False
"negishi, e",Chemistry,4,6,15,False
"negishi, e",Chemistry,5,7,22,False
"negishi, e",Chemistry,6,6,28,False
"negishi, e",Chemistry,7,5,33,False
"negishi, e",Chemistry,8,7,40,False
"negishi, e",Chemistry,9,15,55,True
"negishi, e",Chemistry,10,12,67,False
"negishi, e",Chemistry,11,6,73,False
"negishi, e",Chemistry,12,5,78,False
"negishi, e",Chemistry,13,8,86,False
"negishi, e",Chemistry,14,7,93,False
"negishi, e",Chemistry,15,7,100,False
"negishi, e",Chemistry,16,10,110,False
"negishi, e",Chemistry,17,7,117,False
"negishi, e",Chemistry,18,11,128,False
"negishi, e",Chemistry,19,9,137,False
"negishi, e",Chemistry,20,10,147,False
"negishi, e",Chemistry,21,10,157,False
"negishi, e",Chemistry,22,19,176,False
"negishi, e",Chemistry,23,11,187,False
"negishi, e",Chemistry,24,11,198,False
"negishi, e",Chemistry,25,7,205,False
"negishi, e",Chemistry,26,6,211,False
"negishi, e",Chemistry,27,8,219,False
"negishi, e",Chemistry,28,5,224,False
"negishi, e",Chemistry,29,12,236,False
"negishi, e",Chemistry,30,11,247,False
"negishi, e",Chemistry,31,6,253,False
"negishi, e",Chemistry,32,6,259,False
"negishi, e",Chemistry,33,3,262,False
"negishi, e",Chemistry,34,6,268,False
"negishi, e",Chemistry,35,5,273,False
"negishi, e",Chemistry,36,6,279,False
"negishi, e",Chemistry,37,9,288,False
"negishi, e",Chemistry,38,5,293,False
"negishi, e",Chemistry,39,6,299,False
"negishi, e",Chemistry,40,6,305,False
"negishi, e",Chemistry,41,4,309,False
"negishi, e",Chemistry,42,3,312,False
"negishi, e",Chemistry,43,68,380,False
"negishi, e",Chemistry,44,6,386,False
"negishi, e",Chemistry,45,1,387,False
"negishi, e",Chemistry,46,2,389,False
"negishi, e",Chemistry,47,4,393,False
"neher, e",Medicine,0,1,1,False
"neher, e",Medicine,1,1,2,False
"neher, e",Medicine,2,2,4,False
"neher, e",Medicine,3,1,5,False
"neher, e",Medicine,4,3,8,False
"neher, e",Medicine,5,3,11,False
"neher, e",Medicine,6,2,13,False
"neher, e",Medicine,7,3,16,False
"neher, e",Medicine,8,2,18,False
"neher, e",Medicine,9,4,22,False
"neher, e",Medicine,11,3,25,False
"neher, e",Medicine,12,5,30,True
"neher, e",Medicine,13,4,34,False
"neher, e",Medicine,14,1,35,False
"neher, e",Medicine,15,4,39,False
"neher, e",Medicine,16,2,41,False
"neher, e",Medicine,17,1,42,False
"neher, e",Medicine,18,7,49,False
"neher, e",Medicine,19,8,57,False
"neher, e",Medicine,20,4,61,False
"neher, e",Medicine,21,1,62,False
"neher, e",Medicine,22,3,65,False
"neher, e",Medicine,23,15,80,False
"neher, e",Medicine,24,8,88,False
"neher, e",Medicine,25,5,93,False
"neher, e",Medicine,26,6,99,False
"neher, e",Medicine,27,4,103,False
"neher, e",Medicine,28,6,109,False
"neher, e",Medicine,29,8,117,False
"neher, e",Medicine,30,7,124,False
"neher, e",Medicine,31,5,129,False
"neher, e",Medicine,32,8,137,False
"neher, e",Medicine,33,5,142,False
"neher, e",Medicine,34,7,149,False
"neher, e",Medicine,35,3,152,False
"neher, e",Medicine,36,4,156,False
"neher, e",Medicine,37,1,157,False
"neher, e",Medicine,38,5,162,False
"neher, e",Medicine,39,6,168,False
"neher, e",Medicine,40,5,173,False
"neher, e",Medicine,41,5,178,False
"neher, e",Medicine,42,4,182,False
"neher, e",Medicine,43,5,187,False
"neher, e",Medicine,44,5,192,False
"neher, e",Medicine,45,3,195,False
"neher, e",Medicine,46,3,198,False
"neher, e",Medicine,47,6,204,False
"neher, e",Medicine,48,5,209,False
"neher, e",Medicine,49,2,211,False
"nernst, w",Chemistry,0,2,2,True
"nicolle, c",Medicine,0,2,2,True
"nicolle, c",Medicine,21,1,3,False
"nirenberg, m",Medicine,0,5,5,True
"nirenberg, m",Medicine,1,6,11,False
"nirenberg, m",Medicine,2,4,15,False
"nirenberg, m",Medicine,3,5,20,False
"nirenberg, m",Medicine,4,6,26,False
"nirenberg, m",Medicine,5,5,31,False
"nirenberg, m",Medicine,6,2,33,False
"nirenberg, m",Medicine,7,3,36,False
"nirenberg, m",Medicine,8,2,38,False
"nirenberg, m",Medicine,9,2,40,False
"nirenberg, m",Medicine,10,3,43,False
"nirenberg, m",Medicine,11,4,47,False
"nirenberg, m",Medicine,12,4,51,False
"nirenberg, m",Medicine,13,3,54,False
"nirenberg, m",Medicine,14,6,60,False
"nirenberg, m",Medicine,15,6,66,False
"nirenberg, m",Medicine,16,7,73,False
"nirenberg, m",Medicine,17,7,80,False
"nirenberg, m",Medicine,18,2,82,False
"nirenberg, m",Medicine,19,3,85,False
"nirenberg, m",Medicine,21,1,86,False
"nirenberg, m",Medicine,22,4,90,False
"nirenberg, m",Medicine,23,2,92,False
"nirenberg, m",Medicine,24,1,93,False
"nirenberg, m",Medicine,25,4,97,False
"nirenberg, m",Medicine,26,1,98,False
"nirenberg, m",Medicine,28,1,99,False
"nirenberg, m",Medicine,31,3,102,False
"nirenberg, m",Medicine,33,2,104,False
"nirenberg, m",Medicine,34,4,108,False
"nirenberg, m",Medicine,35,2,110,False
"nirenberg, m",Medicine,36,3,113,False
"nirenberg, m",Medicine,37,3,116,False
"nirenberg, m",Medicine,38,1,117,False
"nirenberg, m",Medicine,39,1,118,False
"nirenberg, m",Medicine,40,1,119,False
"nirenberg, m",Medicine,41,2,121,False
"nirenberg, m",Medicine,42,3,124,False
"nirenberg, m",Medicine,43,4,128,False
"nirenberg, m",Medicine,44,1,129,False
"nirenberg, m",Medicine,46,2,131,False
"nirenberg, m",Medicine,47,1,132,False
"nirenberg, m",Medicine,48,2,134,False
"nirenberg, m",Medicine,50,1,135,False
"norrish, r",Chemistry,0,3,3,False
"norrish, r",Chemistry,1,1,4,False
"norrish, r",Chemistry,2,3,7,False
"norrish, r",Chemistry,3,2,9,False
"norrish, r",Chemistry,4,1,10,False
"norrish, r",Chemistry,5,3,13,False
"norrish, r",Chemistry,6,3,16,False
"norrish, r",Chemistry,8,3,19,False
"norrish, r",Chemistry,9,3,22,False
"norrish, r",Chemistry,10,6,28,False
"norrish, r",Chemistry,11,7,35,False
"norrish, r",Chemistry,12,3,38,False
"norrish, r",Chemistry,13,4,42,False
"norrish, r",Chemistry,14,1,43,False
"norrish, r",Chemistry,15,6,49,False
"norrish, r",Chemistry,16,2,51,False
"norrish, r",Chemistry,17,1,52,False
"norrish, r",Chemistry,18,1,53,False
"norrish, r",Chemistry,19,1,54,False
"norrish, r",Chemistry,23,2,56,False
"norrish, r",Chemistry,26,2,58,True
"norrish, r",Chemistry,27,3,61,False
"norrish, r",Chemistry,28,3,64,False
"norrish, r",Chemistry,29,6,70,False
"norrish, r",Chemistry,30,7,77,False
"norrish, r",Chemistry,31,6,83,False
"norrish, r",Chemistry,32,5,88,False
"norrish, r",Chemistry,33,6,94,False
"norrish, r",Chemistry,34,4,98,False
"norrish, r",Chemistry,35,3,101,False
"norrish, r",Chemistry,36,4,105,False
"norrish, r",Chemistry,37,5,110,False
"norrish, r",Chemistry,38,5,115,False
"norrish, r",Chemistry,39,3,118,False
"norrish, r",Chemistry,40,9,127,False
"norrish, r",Chemistry,41,1,128,False
"norrish, r",Chemistry,42,6,134,False
"norrish, r",Chemistry,43,1,135,False
"norrish, r",Chemistry,44,5,140,False
"norrish, r",Chemistry,45,1,141,False
"norrish, r",Chemistry,46,2,143,False
"norrish, r",Chemistry,47,1,144,False
"norrish, r",Chemistry,48,1,145,False
"norrish, r",Chemistry,52,1,146,False
"northrop, j",Chemistry,0,2,2,False
"northrop, j",Chemistry,1,2,4,False
"northrop, j",Chemistry,3,2,6,False
"northrop, j",Chemistry,4,5,11,False
"northrop, j",Chemistry,5,3,14,False
"northrop, j",Chemistry,6,11,25,False
"northrop, j",Chemistry,7,10,35,False
"northrop, j",Chemistry,8,8,43,False
"northrop, j",Chemistry,9,5,48,False
"northrop, j",Chemistry,10,7,55,False
"northrop, j",Chemistry,11,4,59,False
"northrop, j",Chemistry,13,4,63,True
"northrop, j",Chemistry,14,5,68,False
"northrop, j",Chemistry,15,3,71,False
"northrop, j",Chemistry,16,7,78,False
"northrop, j",Chemistry,17,3,81,False
"northrop, j",Chemistry,18,7,88,False
"northrop, j",Chemistry,19,3,91,False
"northrop, j",Chemistry,20,3,94,False
"northrop, j",Chemistry,21,3,97,False
"northrop, j",Chemistry,22,4,101,False
"northrop, j",Chemistry,23,1,102,False
"northrop, j",Chemistry,24,2,104,False
"northrop, j",Chemistry,25,1,105,False
"northrop, j",Chemistry,26,1,106,False
"northrop, j",Chemistry,30,2,108,False
"northrop, j",Chemistry,31,3,111,False
"northrop, j",Chemistry,32,3,114,False
"northrop, j",Chemistry,33,1,115,False
"northrop, j",Chemistry,35,1,116,False
"northrop, j",Chemistry,36,1,117,False
"northrop, j",Chemistry,37,2,119,False
"northrop, j",Chemistry,38,2,121,False
"northrop, j",Chemistry,39,3,124,False
"northrop, j",Chemistry,40,1,125,False
"northrop, j",Chemistry,41,5,130,False
"northrop, j",Chemistry,42,3,133,False
"northrop, j",Chemistry,44,2,135,False
"northrop, j",Chemistry,45,3,138,False
"northrop, j",Chemistry,46,1,139,False
"northrop, j",Chemistry,47,1,140,False
"northrop, j",Chemistry,48,2,142,False
"northrop, j",Chemistry,49,1,143,False
"northrop, j",Chemistry,50,2,145,False
"northrop, j",Chemistry,51,1,146,False
"northrop, j",Chemistry,52,2,148,False
"northrop, j",Chemistry,54,1,149,False
"northrop, j",Chemistry,55,4,153,False
"northrop, j",Chemistry,56,2,155,False
"northrop, j",Chemistry,57,2,157,False
"northrop, j",Chemistry,58,5,162,False
"northrop, j",Chemistry,59,2,164,False
"novoselov, kostya s.",Physics,0,2,2,False
"novoselov, kostya s.",Physics,2,2,4,False
"novoselov, kostya s.",Physics,3,1,5,False
"novoselov, kostya s.",Physics,4,6,11,False
"novoselov, kostya s.",Physics,5,3,14,False
"novoselov, kostya s.",Physics,6,5,19,True
"novoselov, kostya s.",Physics,7,7,26,False
"novoselov, kostya s.",Physics,8,7,33,False
"novoselov, kostya s.",Physics,9,14,47,False
"novoselov, kostya s.",Physics,10,16,63,False
"novoselov, kostya s.",Physics,11,16,79,False
"novoselov, kostya s.",Physics,12,19,98,False
"novoselov, kostya s.",Physics,13,32,130,False
"novoselov, kostya s.",Physics,14,24,154,False
"novoselov, kostya s.",Physics,15,23,177,False
"novoselov, kostya s.",Physics,16,23,200,False
"novoselov, kostya s.",Physics,17,24,224,False
"novoselov, kostya s.",Physics,18,26,250,False
"novoselov, kostya s.",Physics,19,21,271,False
"novoselov, kostya s.",Physics,20,2,273,False
"noyori, r",Chemistry,0,2,2,False
"noyori, r",Chemistry,1,2,4,False
"noyori, r",Chemistry,2,6,10,False
"noyori, r",Chemistry,3,9,19,False
"noyori, r",Chemistry,4,7,26,False
"noyori, r",Chemistry,5,10,36,True
"noyori, r",Chemistry,6,4,40,False
"noyori, r",Chemistry,7,7,47,False
"noyori, r",Chemistry,8,11,58,False
"noyori, r",Chemistry,9,11,69,False
"noyori, r",Chemistry,10,17,86,False
"noyori, r",Chemistry,11,15,101,False
"noyori, r",Chemistry,12,12,113,False
"noyori, r",Chemistry,13,7,120,False
"noyori, r",Chemistry,14,11,131,False
"noyori, r",Chemistry,15,28,159,False
"noyori, r",Chemistry,16,18,177,False
"noyori, r",Chemistry,17,37,214,False
"noyori, r",Chemistry,18,22,236,False
"noyori, r",Chemistry,19,22,258,False
"noyori, r",Chemistry,20,18,276,False
"noyori, r",Chemistry,21,22,298,False
"noyori, r",Chemistry,22,17,315,False
"noyori, r",Chemistry,23,14,329,False
"noyori, r",Chemistry,24,19,348,False
"noyori, r",Chemistry,25,22,370,False
"noyori, r",Chemistry,26,13,383,False
"noyori, r",Chemistry,27,32,415,False
"noyori, r",Chemistry,28,4,419,False
"noyori, r",Chemistry,29,6,425,False
"noyori, r",Chemistry,30,4,429,False
"noyori, r",Chemistry,31,11,440,False
"noyori, r",Chemistry,32,18,458,False
"noyori, r",Chemistry,33,20,478,False
"noyori, r",Chemistry,34,12,490,False
"noyori, r",Chemistry,35,13,503,False
"noyori, r",Chemistry,36,16,519,False
"noyori, r",Chemistry,37,18,537,False
"noyori, r",Chemistry,38,16,553,False
"noyori, r",Chemistry,39,7,560,False
"noyori, r",Chemistry,40,9,569,False
"noyori, r",Chemistry,41,13,582,False
"noyori, r",Chemistry,42,9,591,False
"noyori, r",Chemistry,43,12,603,False
"noyori, r",Chemistry,44,7,610,False
"noyori, r",Chemistry,45,8,618,False
"noyori, r",Chemistry,46,5,623,False
"noyori, r",Chemistry,47,72,695,False
"noyori, r",Chemistry,48,3,698,False
"noyori, r",Chemistry,49,1,699,False
"noyori, r",Chemistry,50,6,705,False
"noyori, r",Chemistry,52,2,707,False
"noyori, r",Chemistry,55,1,708,False
"nurse, p",Medicine,0,1,1,False
"nurse, p",Medicine,1,1,2,False
"nurse, p",Medicine,2,2,4,False
"nurse, p",Medicine,3,2,6,False
"nurse, p",Medicine,6,3,9,False
"nurse, p",Medicine,7,3,12,False
"nurse, p",Medicine,8,1,13,False
"nurse, p",Medicine,9,1,14,False
"nurse, p",Medicine,10,5,19,False
"nurse, p",Medicine,11,7,26,False
"nurse, p",Medicine,12,5,31,True
"nurse, p",Medicine,13,6,37,False
"nurse, p",Medicine,14,11,48,False
"nurse, p",Medicine,15,8,56,False
"nurse, p",Medicine,16,13,69,False
"nurse, p",Medicine,17,6,75,False
"nurse, p",Medicine,18,7,82,False
"nurse, p",Medicine,19,9,91,False
"nurse, p",Medicine,20,7,98,False
"nurse, p",Medicine,21,6,104,False
"nurse, p",Medicine,22,11,115,False
"nurse, p",Medicine,23,9,124,False
"nurse, p",Medicine,24,5,129,False
"nurse, p",Medicine,25,9,138,False
"nurse, p",Medicine,26,4,142,False
"nurse, p",Medicine,27,8,150,False
"nurse, p",Medicine,28,7,157,False
"nurse, p",Medicine,29,4,161,False
"nurse, p",Medicine,30,5,166,False
"nurse, p",Medicine,31,2,168,False
"nurse, p",Medicine,32,6,174,False
"nurse, p",Medicine,33,3,177,False
"nurse, p",Medicine,34,5,182,False
"nurse, p",Medicine,35,8,190,False
"nurse, p",Medicine,36,3,193,False
"nurse, p",Medicine,37,5,198,False
"nurse, p",Medicine,38,4,202,False
"nurse, p",Medicine,39,1,203,False
"nussleinvolhard, c",Medicine,0,1,1,False
"nussleinvolhard, c",Medicine,3,2,3,True
"nussleinvolhard, c",Medicine,7,4,7,False
"nussleinvolhard, c",Medicine,8,3,10,False
"nussleinvolhard, c",Medicine,9,5,15,False
"nussleinvolhard, c",Medicine,10,4,19,False
"nussleinvolhard, c",Medicine,11,4,23,False
"nussleinvolhard, c",Medicine,12,6,29,False
"nussleinvolhard, c",Medicine,13,1,30,False
"nussleinvolhard, c",Medicine,14,2,32,False
"nussleinvolhard, c",Medicine,15,5,37,False
"nussleinvolhard, c",Medicine,16,1,38,False
"nussleinvolhard, c",Medicine,17,6,44,False
"nussleinvolhard, c",Medicine,19,7,51,False
"nussleinvolhard, c",Medicine,20,3,54,False
"nussleinvolhard, c",Medicine,21,4,58,False
"nussleinvolhard, c",Medicine,22,2,60,False
"nussleinvolhard, c",Medicine,23,5,65,False
"nussleinvolhard, c",Medicine,24,1,66,False
"nussleinvolhard, c",Medicine,25,3,69,False
"nussleinvolhard, c",Medicine,26,3,72,False
"nussleinvolhard, c",Medicine,27,7,79,False
"nussleinvolhard, c",Medicine,28,3,82,False
"nussleinvolhard, c",Medicine,29,2,84,False
"nussleinvolhard, c",Medicine,31,5,89,False
"nussleinvolhard, c",Medicine,32,10,99,False
"nussleinvolhard, c",Medicine,33,1,100,False
"nussleinvolhard, c",Medicine,34,1,101,False
"nussleinvolhard, c",Medicine,35,2,103,False
"nussleinvolhard, c",Medicine,36,7,110,False
"nussleinvolhard, c",Medicine,37,9,119,False
"nussleinvolhard, c",Medicine,38,3,122,False
"nussleinvolhard, c",Medicine,39,7,129,False
"nussleinvolhard, c",Medicine,40,4,133,False
"nussleinvolhard, c",Medicine,41,1,134,False
"ochoa, s",Medicine,0,2,2,False
"ochoa, s",Medicine,3,1,3,False
"ochoa, s",Medicine,5,4,7,False
"ochoa, s",Medicine,6,1,8,False
"ochoa, s",Medicine,13,1,9,False
"ochoa, s",Medicine,16,3,12,False
"ochoa, s",Medicine,17,3,15,False
"ochoa, s",Medicine,18,1,16,False
"ochoa, s",Medicine,19,1,17,False
"ochoa, s",Medicine,21,5,22,True
"ochoa, s",Medicine,22,5,27,False
"ochoa, s",Medicine,23,3,30,False
"ochoa, s",Medicine,24,4,34,False
"ochoa, s",Medicine,26,3,37,False
"ochoa, s",Medicine,27,2,39,False
"ochoa, s",Medicine,28,1,40,False
"ochoa, s",Medicine,29,5,45,False
"ochoa, s",Medicine,30,6,51,False
"ochoa, s",Medicine,31,1,52,False
"ochoa, s",Medicine,32,2,54,False
"ochoa, s",Medicine,33,6,60,False
"ochoa, s",Medicine,34,3,63,False
"ochoa, s",Medicine,35,5,68,False
"ochoa, s",Medicine,36,1,69,False
"ochoa, s",Medicine,37,5,74,False
"ochoa, s",Medicine,38,3,77,False
"ochoa, s",Medicine,39,5,82,False
"ochoa, s",Medicine,40,2,84,False
"ochoa, s",Medicine,41,2,86,False
"ochoa, s",Medicine,42,8,94,False
"ochoa, s",Medicine,43,5,99,False
"ochoa, s",Medicine,44,3,102,False
"ochoa, s",Medicine,45,4,106,False
"ochoa, s",Medicine,46,3,109,False
"ochoa, s",Medicine,47,2,111,False
"ochoa, s",Medicine,48,2,113,False
"ochoa, s",Medicine,49,4,117,False
"ochoa, s",Medicine,50,1,118,False
"ochoa, s",Medicine,51,2,120,False
"ochoa, s",Medicine,52,2,122,False
"ohsumi, y",Medicine,0,1,1,False
"ohsumi, y",Medicine,3,1,2,False
"ohsumi, y",Medicine,5,1,3,False
"ohsumi, y",Medicine,15,1,4,False
"ohsumi, y",Medicine,17,2,6,False
"ohsumi, y",Medicine,18,1,7,False
"ohsumi, y",Medicine,19,3,10,False
"ohsumi, y",Medicine,20,2,12,False
"ohsumi, y",Medicine,21,1,13,False
"ohsumi, y",Medicine,22,1,14,False
"ohsumi, y",Medicine,23,3,17,True
"ohsumi, y",Medicine,24,2,19,False
"ohsumi, y",Medicine,25,2,21,False
"ohsumi, y",Medicine,26,2,23,False
"ohsumi, y",Medicine,27,5,28,False
"ohsumi, y",Medicine,28,8,36,False
"ohsumi, y",Medicine,29,3,39,False
"ohsumi, y",Medicine,30,7,46,False
"ohsumi, y",Medicine,31,10,56,False
"ohsumi, y",Medicine,32,8,64,False
"ohsumi, y",Medicine,33,9,73,False
"ohsumi, y",Medicine,34,8,81,False
"ohsumi, y",Medicine,35,11,92,False
"ohsumi, y",Medicine,36,12,104,False
"ohsumi, y",Medicine,37,7,111,False
"ohsumi, y",Medicine,38,11,122,False
"ohsumi, y",Medicine,39,17,139,False
"ohsumi, y",Medicine,40,12,151,False
"ohsumi, y",Medicine,41,8,159,False
"ohsumi, y",Medicine,42,6,165,False
"ohsumi, y",Medicine,43,10,175,False
"ohsumi, y",Medicine,44,6,181,False
"ohsumi, y",Medicine,45,12,193,False
"ohsumi, y",Medicine,46,7,200,False
"ohsumi, y",Medicine,47,2,202,False
"ohsumi, y",Medicine,48,5,207,False
"okeefe, j",Medicine,0,2,2,True
"okeefe, j",Medicine,4,2,4,False
"okeefe, j",Medicine,5,3,7,False
"okeefe, j",Medicine,6,2,9,False
"okeefe, j",Medicine,7,1,10,False
"okeefe, j",Medicine,8,5,15,False
"okeefe, j",Medicine,11,1,16,False
"okeefe, j",Medicine,12,3,19,False
"okeefe, j",Medicine,16,1,20,False
"okeefe, j",Medicine,19,1,21,False
"okeefe, j",Medicine,20,1,22,False
"okeefe, j",Medicine,22,2,24,False
"okeefe, j",Medicine,23,2,26,False
"okeefe, j",Medicine,24,1,27,False
"okeefe, j",Medicine,25,3,30,False
"okeefe, j",Medicine,26,3,33,False
"okeefe, j",Medicine,27,7,40,False
"okeefe, j",Medicine,28,3,43,False
"okeefe, j",Medicine,29,2,45,False
"okeefe, j",Medicine,30,4,49,False
"okeefe, j",Medicine,31,4,53,False
"okeefe, j",Medicine,32,2,55,False
"okeefe, j",Medicine,33,1,56,False
"okeefe, j",Medicine,34,4,60,False
"okeefe, j",Medicine,35,2,62,False
"okeefe, j",Medicine,36,2,64,False
"okeefe, j",Medicine,37,3,67,False
"okeefe, j",Medicine,38,2,69,False
"okeefe, j",Medicine,39,2,71,False
"okeefe, j",Medicine,41,2,73,False
"okeefe, j",Medicine,42,5,78,False
"okeefe, j",Medicine,44,1,79,False
"okeefe, j",Medicine,45,2,81,False
"olah, g",Chemistry,0,11,11,False
"olah, g",Chemistry,1,5,16,False
"olah, g",Chemistry,2,3,19,False
"olah, g",Chemistry,3,1,20,False
"olah, g",Chemistry,4,5,25,False
"olah, g",Chemistry,5,7,32,False
"olah, g",Chemistry,6,13,45,True
"olah, g",Chemistry,7,4,49,False
"olah, g",Chemistry,8,21,70,False
"olah, g",Chemistry,9,14,84,False
"olah, g",Chemistry,10,13,97,False
"olah, g",Chemistry,11,27,124,False
"olah, g",Chemistry,12,25,149,False
"olah, g",Chemistry,13,21,170,False
"olah, g",Chemistry,14,42,212,False
"olah, g",Chemistry,15,38,250,False
"olah, g",Chemistry,16,59,309,False
"olah, g",Chemistry,17,78,387,False
"olah, g",Chemistry,18,81,468,False
"olah, g",Chemistry,19,58,526,False
"olah, g",Chemistry,20,70,596,False
"olah, g",Chemistry,21,59,655,False
"olah, g",Chemistry,22,56,711,False
"olah, g",Chemistry,23,65,776,False
"olah, g",Chemistry,24,58,834,False
"olah, g",Chemistry,25,55,889,False
"olah, g",Chemistry,26,34,923,False
"olah, g",Chemistry,27,47,970,False
"olah, g",Chemistry,28,44,1014,False
"olah, g",Chemistry,29,43,1057,False
"olah, g",Chemistry,30,31,1088,False
"olah, g",Chemistry,31,22,1110,False
"olah, g",Chemistry,32,25,1135,False
"olah, g",Chemistry,33,36,1171,False
"olah, g",Chemistry,34,50,1221,False
"olah, g",Chemistry,35,21,1242,False
"olah, g",Chemistry,36,23,1265,False
"olah, g",Chemistry,37,21,1286,False
"olah, g",Chemistry,38,17,1303,False
"olah, g",Chemistry,39,19,1322,False
"olah, g",Chemistry,40,20,1342,False
"olah, g",Chemistry,41,24,1366,False
"olah, g",Chemistry,42,18,1384,False
"olah, g",Chemistry,43,22,1406,False
"olah, g",Chemistry,44,17,1423,False
"olah, g",Chemistry,45,17,1440,False
"olah, g",Chemistry,46,36,1476,False
"olah, g",Chemistry,47,19,1495,False
"olah, g",Chemistry,48,18,1513,False
"olah, g",Chemistry,49,14,1527,False
"olah, g",Chemistry,50,15,1542,False
"olah, g",Chemistry,51,21,1563,False
"olah, g",Chemistry,52,17,1580,False
"olah, g",Chemistry,53,21,1601,False
"olah, g",Chemistry,54,130,1731,False
"olah, g",Chemistry,55,24,1755,False
"olah, g",Chemistry,56,21,1776,False
"olah, g",Chemistry,57,22,1798,False
"olah, g",Chemistry,58,23,1821,False
"olah, g",Chemistry,59,12,1833,False
"olah, g",Chemistry,60,12,1845,False
"omura, s",Medicine,0,2,2,False
"omura, s",Medicine,1,5,7,False
"omura, s",Medicine,2,5,12,False
"omura, s",Medicine,3,4,16,False
"omura, s",Medicine,4,6,22,False
"omura, s",Medicine,5,11,33,False
"omura, s",Medicine,6,7,40,False
"omura, s",Medicine,7,15,55,False
"omura, s",Medicine,8,13,68,False
"omura, s",Medicine,9,14,82,False
"omura, s",Medicine,10,8,90,False
"omura, s",Medicine,11,9,99,False
"omura, s",Medicine,12,22,121,True
"omura, s",Medicine,13,22,143,False
"omura, s",Medicine,14,17,160,False
"omura, s",Medicine,15,24,184,False
"omura, s",Medicine,16,22,206,False
"omura, s",Medicine,17,22,228,False
"omura, s",Medicine,18,20,248,False
"omura, s",Medicine,19,22,270,False
"omura, s",Medicine,20,17,287,False
"omura, s",Medicine,21,20,307,False
"omura, s",Medicine,22,22,329,False
"omura, s",Medicine,23,21,350,False
"omura, s",Medicine,24,13,363,False
"omura, s",Medicine,25,18,381,False
"omura, s",Medicine,26,27,408,False
"omura, s",Medicine,27,20,428,False
"omura, s",Medicine,28,38,466,False
"omura, s",Medicine,29,38,504,False
"omura, s",Medicine,30,28,532,False
"omura, s",Medicine,31,14,546,False
"omura, s",Medicine,32,31,577,False
"omura, s",Medicine,33,25,602,False
"omura, s",Medicine,34,25,627,False
"omura, s",Medicine,35,17,644,False
"omura, s",Medicine,36,26,670,False
"omura, s",Medicine,37,32,702,False
"omura, s",Medicine,38,27,729,False
"omura, s",Medicine,39,34,763,False
"omura, s",Medicine,40,33,796,False
"omura, s",Medicine,41,55,851,False
"omura, s",Medicine,42,47,898,False
"omura, s",Medicine,43,137,1035,False
"omura, s",Medicine,44,27,1062,False
"omura, s",Medicine,45,25,1087,False
"omura, s",Medicine,46,20,1107,False
"omura, s",Medicine,47,14,1121,False
"omura, s",Medicine,48,7,1128,False
"omura, s",Medicine,49,5,1133,False
"omura, s",Medicine,51,1,1134,False
"onnes, hk",Physics,0,1,1,True
"onsager, l",Chemistry,0,1,1,False
"onsager, l",Chemistry,4,2,3,True
"onsager, l",Chemistry,6,1,4,False
"onsager, l",Chemistry,7,2,6,False
"onsager, l",Chemistry,9,1,7,False
"onsager, l",Chemistry,11,1,8,False
"onsager, l",Chemistry,12,3,11,False
"onsager, l",Chemistry,17,1,12,False
"onsager, l",Chemistry,18,1,13,False
"onsager, l",Chemistry,22,3,16,False
"onsager, l",Chemistry,25,2,18,False
"onsager, l",Chemistry,26,2,20,False
"onsager, l",Chemistry,28,1,21,False
"onsager, l",Chemistry,29,1,22,False
"onsager, l",Chemistry,30,3,25,False
"onsager, l",Chemistry,31,1,26,False
"onsager, l",Chemistry,33,2,28,False
"onsager, l",Chemistry,34,1,29,False
"onsager, l",Chemistry,35,1,30,False
"onsager, l",Chemistry,36,3,33,False
"onsager, l",Chemistry,37,2,35,False
"onsager, l",Chemistry,38,2,37,False
"onsager, l",Chemistry,39,1,38,False
"onsager, l",Chemistry,41,1,39,False
"onsager, l",Chemistry,42,2,41,False
"onsager, l",Chemistry,47,2,43,False
"onsager, l",Chemistry,48,2,45,False
"onsager, l",Chemistry,50,3,48,False
"onsager, l",Chemistry,51,1,49,False
"osheroff, dd",Physics,0,1,1,False
"osheroff, dd",Physics,2,1,2,False
"osheroff, dd",Physics,3,2,4,True
"osheroff, dd",Physics,4,1,5,False
"osheroff, dd",Physics,5,4,9,False
"osheroff, dd",Physics,6,4,13,False
"osheroff, dd",Physics,8,3,16,False
"osheroff, dd",Physics,9,1,17,False
"osheroff, dd",Physics,10,1,18,False
"osheroff, dd",Physics,11,3,21,False
"osheroff, dd",Physics,12,1,22,False
"osheroff, dd",Physics,13,3,25,False
"osheroff, dd",Physics,16,1,26,False
"osheroff, dd",Physics,18,3,29,False
"osheroff, dd",Physics,19,3,32,False
"osheroff, dd",Physics,21,3,35,False
"osheroff, dd",Physics,22,2,37,False
"osheroff, dd",Physics,23,5,42,False
"osheroff, dd",Physics,24,2,44,False
"osheroff, dd",Physics,25,6,50,False
"osheroff, dd",Physics,26,1,51,False
"osheroff, dd",Physics,27,7,58,False
"osheroff, dd",Physics,28,4,62,False
"osheroff, dd",Physics,29,1,63,False
"osheroff, dd",Physics,30,1,64,False
"osheroff, dd",Physics,31,1,65,False
"osheroff, dd",Physics,32,1,66,False
"osheroff, dd",Physics,34,3,69,False
"osheroff, dd",Physics,35,3,72,False
"osheroff, dd",Physics,36,1,73,False
"palade, ge",Medicine,0,2,2,False
"palade, ge",Medicine,2,1,3,False
"palade, ge",Medicine,3,3,6,False
"palade, ge",Medicine,4,2,8,False
"palade, ge",Medicine,5,2,10,False
"palade, ge",Medicine,6,3,13,True
"palade, ge",Medicine,7,4,17,False
"palade, ge",Medicine,8,3,20,False
"palade, ge",Medicine,9,4,24,False
"palade, ge",Medicine,10,2,26,False
"palade, ge",Medicine,11,3,29,False
"palade, ge",Medicine,12,4,33,False
"palade, ge",Medicine,13,3,36,False
"palade, ge",Medicine,14,3,39,False
"palade, ge",Medicine,15,6,45,False
"palade, ge",Medicine,16,5,50,False
"palade, ge",Medicine,17,8,58,False
"palade, ge",Medicine,18,8,66,False
"palade, ge",Medicine,19,5,71,False
"palade, ge",Medicine,20,2,73,False
"palade, ge",Medicine,21,3,76,False
"palade, ge",Medicine,22,9,85,False
"palade, ge",Medicine,23,5,90,False
"palade, ge",Medicine,24,4,94,False
"palade, ge",Medicine,25,2,96,False
"palade, ge",Medicine,26,6,102,False
"palade, ge",Medicine,27,6,108,False
"palade, ge",Medicine,29,7,115,False
"palade, ge",Medicine,31,1,116,False
"palade, ge",Medicine,32,3,119,False
"palade, ge",Medicine,33,10,129,False
"palade, ge",Medicine,34,3,132,False
"palade, ge",Medicine,35,1,133,False
"palade, ge",Medicine,36,8,141,False
"palade, ge",Medicine,37,6,147,False
"palade, ge",Medicine,38,4,151,False
"palade, ge",Medicine,39,3,154,False
"palade, ge",Medicine,40,1,155,False
"palade, ge",Medicine,41,2,157,False
"palade, ge",Medicine,42,2,159,False
"palade, ge",Medicine,43,3,162,False
"palade, ge",Medicine,44,3,165,False
"palade, ge",Medicine,45,2,167,False
"palade, ge",Medicine,47,3,170,False
"palade, ge",Medicine,48,2,172,False
"palade, ge",Medicine,49,3,175,False
"palade, ge",Medicine,50,2,177,False
"palade, ge",Medicine,51,1,178,False
"palade, ge",Medicine,52,2,180,False
"paul, w",Physics,0,1,1,True
"paul, w",Physics,1,1,2,False
"paul, w",Physics,2,2,4,False
"paul, w",Physics,3,1,5,False
"paul, w",Physics,5,1,6,False
"paul, w",Physics,8,2,8,False
"paul, w",Physics,10,1,9,False
"paul, w",Physics,11,3,12,False
"paul, w",Physics,14,1,13,False
"paul, w",Physics,21,1,14,False
"paul, w",Physics,25,1,15,False
"paul, w",Physics,26,1,16,False
"paul, w",Physics,27,1,17,False
"paul, w",Physics,29,1,18,False
"paul, w",Physics,32,2,20,False
"paul, w",Physics,36,2,22,False
"paul, w",Physics,37,1,23,False
"pauli, w",Physics,0,1,1,True
"pauling, l",Chemistry,0,2,2,False
"pauling, l",Chemistry,1,1,3,False
"pauling, l",Chemistry,2,4,7,False
"pauling, l",Chemistry,3,2,9,False
"pauling, l",Chemistry,4,4,13,False
"pauling, l",Chemistry,5,7,20,False
"pauling, l",Chemistry,6,6,26,False
"pauling, l",Chemistry,7,8,34,False
"pauling, l",Chemistry,8,2,36,False
"pauling, l",Chemistry,9,6,42,False
"pauling, l",Chemistry,10,11,53,False
"pauling, l",Chemistry,11,7,60,False
"pauling, l",Chemistry,12,8,68,False
"pauling, l",Chemistry,13,5,73,False
"pauling, l",Chemistry,14,6,79,False
"pauling, l",Chemistry,15,5,84,False
"pauling, l",Chemistry,16,4,88,False
"pauling, l",Chemistry,17,1,89,False
"pauling, l",Chemistry,18,2,91,False
"pauling, l",Chemistry,19,8,99,False
"pauling, l",Chemistry,20,4,103,False
"pauling, l",Chemistry,21,3,106,False
"pauling, l",Chemistry,22,3,109,False
"pauling, l",Chemistry,23,3,112,False
"pauling, l",Chemistry,24,1,113,False
"pauling, l",Chemistry,25,4,117,False
"pauling, l",Chemistry,26,9,126,False
"pauling, l",Chemistry,27,4,130,False
"pauling, l",Chemistry,28,11,141,True
"pauling, l",Chemistry,29,10,151,False
"pauling, l",Chemistry,30,9,160,False
"pauling, l",Chemistry,31,1,161,False
"pauling, l",Chemistry,32,3,164,False
"pauling, l",Chemistry,33,4,168,False
"pauling, l",Chemistry,34,5,173,False
"pauling, l",Chemistry,35,1,174,False
"pauling, l",Chemistry,37,1,175,False
"pauling, l",Chemistry,38,2,177,False
"pauling, l",Chemistry,39,2,179,False
"pauling, l",Chemistry,41,1,180,False
"pauling, l",Chemistry,42,7,187,False
"pauling, l",Chemistry,43,1,188,False
"pauling, l",Chemistry,44,1,189,False
"pauling, l",Chemistry,45,3,192,False
"pauling, l",Chemistry,46,5,197,False
"pauling, l",Chemistry,47,3,200,False
"pauling, l",Chemistry,48,2,202,False
"pauling, l",Chemistry,49,2,204,False
"pauling, l",Chemistry,50,2,206,False
"pauling, l",Chemistry,51,4,210,False
"pauling, l",Chemistry,52,7,217,False
"pauling, l",Chemistry,53,6,223,False
"pauling, l",Chemistry,54,4,227,False
"pauling, l",Chemistry,55,5,232,False
"pauling, l",Chemistry,56,4,236,False
"pauling, l",Chemistry,57,4,240,False
"pauling, l",Chemistry,58,4,244,False
"pauling, l",Chemistry,59,6,250,False
"pauling, l",Chemistry,60,3,253,False
"pedersen, c",Chemistry,0,1,1,False
"pedersen, c",Chemistry,1,2,3,False
"pedersen, c",Chemistry,2,1,4,False
"pedersen, c",Chemistry,11,1,5,True
"pedersen, c",Chemistry,14,2,7,False
"pedersen, c",Chemistry,15,2,9,False
"pedersen, c",Chemistry,16,2,11,False
"pedersen, c",Chemistry,32,5,16,False
"penzias, aa",Physics,0,2,2,True
"penzias, aa",Physics,1,3,5,False
"penzias, aa",Physics,2,1,6,False
"penzias, aa",Physics,3,2,8,False
"penzias, aa",Physics,4,2,10,False
"penzias, aa",Physics,5,6,16,False
"penzias, aa",Physics,6,10,26,False
"penzias, aa",Physics,7,6,32,False
"penzias, aa",Physics,8,6,38,False
"penzias, aa",Physics,9,3,41,False
"penzias, aa",Physics,10,1,42,False
"penzias, aa",Physics,11,3,45,False
"penzias, aa",Physics,12,2,47,False
"penzias, aa",Physics,14,3,50,False
"penzias, aa",Physics,15,1,51,False
"penzias, aa",Physics,16,3,54,False
"penzias, aa",Physics,17,3,57,False
"penzias, aa",Physics,18,1,58,False
"penzias, aa",Physics,20,1,59,False
"penzias, aa",Physics,21,1,60,False
"penzias, aa",Physics,24,1,61,False
"penzias, aa",Physics,25,2,63,False
"penzias, aa",Physics,28,2,65,False
"perl, ml",Physics,0,2,2,False
"perl, ml",Physics,1,1,3,False
"perl, ml",Physics,2,3,6,False
"perl, ml",Physics,3,1,7,False
"perl, ml",Physics,4,1,8,False
"perl, ml",Physics,5,1,9,False
"perl, ml",Physics,6,3,12,False
"perl, ml",Physics,7,3,15,False
"perl, ml",Physics,8,5,20,False
"perl, ml",Physics,9,2,22,False
"perl, ml",Physics,10,1,23,False
"perl, ml",Physics,11,1,24,False
"perl, ml",Physics,12,3,27,False
"perl, ml",Physics,13,6,33,False
"perl, ml",Physics,14,4,37,False
"perl, ml",Physics,15,3,40,False
"perl, ml",Physics,16,4,44,False
"perl, ml",Physics,17,3,47,False
"perl, ml",Physics,18,2,49,False
"perl, ml",Physics,19,4,53,True
"perl, ml",Physics,20,14,67,False
"perl, ml",Physics,21,8,75,False
"perl, ml",Physics,22,13,88,False
"perl, ml",Physics,23,12,100,False
"perl, ml",Physics,24,5,105,False
"perl, ml",Physics,25,7,112,False
"perl, ml",Physics,26,10,122,False
"perl, ml",Physics,27,16,138,False
"perl, ml",Physics,28,8,146,False
"perl, ml",Physics,29,3,149,False
"perl, ml",Physics,30,11,160,False
"perl, ml",Physics,31,15,175,False
"perl, ml",Physics,32,11,186,False
"perl, ml",Physics,33,12,198,False
"perl, ml",Physics,34,16,214,False
"perl, ml",Physics,35,9,223,False
"perl, ml",Physics,36,1,224,False
"perl, ml",Physics,37,6,230,False
"perl, ml",Physics,38,1,231,False
"perl, ml",Physics,39,3,234,False
"perl, ml",Physics,40,3,237,False
"perl, ml",Physics,41,15,252,False
"perl, ml",Physics,42,27,279,False
"perl, ml",Physics,43,31,310,False
"perl, ml",Physics,44,11,321,False
"perl, ml",Physics,45,30,351,False
"perl, ml",Physics,46,16,367,False
"perl, ml",Physics,47,19,386,False
"perl, ml",Physics,48,27,413,False
"perl, ml",Physics,49,63,476,False
"perl, ml",Physics,50,59,535,False
"perl, ml",Physics,51,64,599,False
"perl, ml",Physics,52,68,667,False
"perl, ml",Physics,53,65,732,False
"perl, ml",Physics,54,51,783,False
"perl, ml",Physics,55,32,815,False
"perl, ml",Physics,56,29,844,False
"perl, ml",Physics,57,36,880,False
"perl, ml",Physics,58,29,909,False
"perl, ml",Physics,59,11,920,False
"perl, ml",Physics,60,13,933,False
"perlmutter, s",Physics,0,2,2,False
"perlmutter, s",Physics,5,2,4,False
"perlmutter, s",Physics,6,1,5,False
"perlmutter, s",Physics,8,1,6,False
"perlmutter, s",Physics,9,2,8,False
"perlmutter, s",Physics,10,4,12,False
"perlmutter, s",Physics,11,1,13,False
"perlmutter, s",Physics,12,7,20,False
"perlmutter, s",Physics,13,5,25,False
"perlmutter, s",Physics,14,3,28,False
"perlmutter, s",Physics,15,3,31,True
"perlmutter, s",Physics,16,3,34,False
"perlmutter, s",Physics,17,2,36,False
"perlmutter, s",Physics,18,2,38,False
"perlmutter, s",Physics,19,2,40,False
"perlmutter, s",Physics,20,7,47,False
"perlmutter, s",Physics,21,4,51,False
"perlmutter, s",Physics,22,6,57,False
"perlmutter, s",Physics,23,10,67,False
"perlmutter, s",Physics,24,4,71,False
"perlmutter, s",Physics,25,6,77,False
"perlmutter, s",Physics,26,12,89,False
"perlmutter, s",Physics,27,7,96,False
"perlmutter, s",Physics,28,10,106,False
"perlmutter, s",Physics,29,10,116,False
"perlmutter, s",Physics,30,13,129,False
"perlmutter, s",Physics,31,5,134,False
"perlmutter, s",Physics,32,11,145,False
"perlmutter, s",Physics,33,1,146,False
"perlmutter, s",Physics,34,6,152,False
"perlmutter, s",Physics,35,1,153,False
"perrin, j",Physics,0,1,1,True
"perutz, m",Chemistry,0,2,2,False
"perutz, m",Chemistry,1,1,3,False
"perutz, m",Chemistry,4,2,5,False
"perutz, m",Chemistry,8,2,7,False
"perutz, m",Chemistry,9,2,9,False
"perutz, m",Chemistry,10,1,10,False
"perutz, m",Chemistry,11,1,11,False
"perutz, m",Chemistry,12,4,15,False
"perutz, m",Chemistry,13,2,17,False
"perutz, m",Chemistry,14,3,20,False
"perutz, m",Chemistry,15,2,22,False
"perutz, m",Chemistry,16,5,27,False
"perutz, m",Chemistry,17,1,28,False
"perutz, m",Chemistry,18,2,30,False
"perutz, m",Chemistry,19,1,31,False
"perutz, m",Chemistry,21,1,32,False
"perutz, m",Chemistry,22,1,33,True
"perutz, m",Chemistry,23,2,35,False
"perutz, m",Chemistry,24,2,37,False
"perutz, m",Chemistry,25,5,42,False
"perutz, m",Chemistry,26,1,43,False
"perutz, m",Chemistry,27,1,44,False
"perutz, m",Chemistry,28,2,46,False
"perutz, m",Chemistry,29,1,47,False
"perutz, m",Chemistry,30,4,51,False
"perutz, m",Chemistry,31,3,54,False
"perutz, m",Chemistry,32,3,57,False
"perutz, m",Chemistry,33,3,60,False
"perutz, m",Chemistry,34,5,65,False
"perutz, m",Chemistry,35,4,69,False
"perutz, m",Chemistry,36,7,76,False
"perutz, m",Chemistry,37,1,77,False
"perutz, m",Chemistry,38,7,84,False
"perutz, m",Chemistry,39,6,90,False
"perutz, m",Chemistry,40,6,96,False
"perutz, m",Chemistry,41,2,98,False
"perutz, m",Chemistry,42,4,102,False
"perutz, m",Chemistry,43,2,104,False
"perutz, m",Chemistry,44,4,108,False
"perutz, m",Chemistry,45,4,112,False
"perutz, m",Chemistry,46,3,115,False
"perutz, m",Chemistry,47,4,119,False
"perutz, m",Chemistry,48,5,124,False
"perutz, m",Chemistry,49,10,134,False
"perutz, m",Chemistry,50,5,139,False
"perutz, m",Chemistry,51,2,141,False
"perutz, m",Chemistry,52,5,146,False
"perutz, m",Chemistry,53,1,147,False
"perutz, m",Chemistry,54,4,151,False
"perutz, m",Chemistry,55,4,155,False
"perutz, m",Chemistry,56,7,162,False
"perutz, m",Chemistry,57,2,164,False
"perutz, m",Chemistry,58,2,166,False
"perutz, m",Chemistry,60,2,168,False
"phillips, wd",Physics,0,1,1,False
"phillips, wd",Physics,1,1,2,False
"phillips, wd",Physics,2,1,3,False
"phillips, wd",Physics,3,1,4,False
"phillips, wd",Physics,5,1,5,False
"phillips, wd",Physics,6,1,6,False
"phillips, wd",Physics,7,3,9,False
"phillips, wd",Physics,8,3,12,False
"phillips, wd",Physics,9,3,15,False
"phillips, wd",Physics,10,5,20,False
"phillips, wd",Physics,12,4,24,False
"phillips, wd",Physics,14,5,29,False
"phillips, wd",Physics,15,2,31,False
"phillips, wd",Physics,16,4,35,False
"phillips, wd",Physics,17,2,37,False
"phillips, wd",Physics,18,3,40,False
"phillips, wd",Physics,19,4,44,False
"phillips, wd",Physics,20,2,46,False
"phillips, wd",Physics,21,2,48,False
"phillips, wd",Physics,22,1,49,False
"phillips, wd",Physics,23,1,50,False
"phillips, wd",Physics,24,1,51,False
"phillips, wd",Physics,25,2,53,False
"phillips, wd",Physics,26,2,55,False
"phillips, wd",Physics,27,2,57,False
"phillips, wd",Physics,29,2,59,False
"phillips, wd",Physics,30,6,65,False
"phillips, wd",Physics,31,1,66,False
"phillips, wd",Physics,33,5,71,True
"phillips, wd",Physics,34,3,74,False
"phillips, wd",Physics,35,3,77,False
"phillips, wd",Physics,36,7,84,False
"phillips, wd",Physics,37,4,88,False
"phillips, wd",Physics,38,4,92,False
"phillips, wd",Physics,39,9,101,False
"phillips, wd",Physics,40,6,107,False
"phillips, wd",Physics,41,4,111,False
"phillips, wd",Physics,42,8,119,False
"phillips, wd",Physics,43,2,121,False
"phillips, wd",Physics,44,9,130,False
"phillips, wd",Physics,45,4,134,False
"phillips, wd",Physics,46,3,137,False
"phillips, wd",Physics,47,4,141,False
"phillips, wd",Physics,48,2,143,False
"phillips, wd",Physics,49,3,146,False
"phillips, wd",Physics,50,3,149,False
"phillips, wd",Physics,51,5,154,False
"phillips, wd",Physics,52,6,160,False
"phillips, wd",Physics,53,3,163,False
"phillips, wd",Physics,54,4,167,False
"phillips, wd",Physics,55,2,169,False
"phillips, wd",Physics,56,4,173,False
"phillips, wd",Physics,57,3,176,False
"phillips, wd",Physics,58,3,179,False
"phillips, wd",Physics,59,1,180,False
"phillips, wd",Physics,60,1,181,False
"planck, m",Physics,0,2,2,True
"planck, m",Physics,1,1,3,False
"polanyi, j",Chemistry,0,2,2,False
"polanyi, j",Chemistry,1,1,3,False
"polanyi, j",Chemistry,3,3,6,False
"polanyi, j",Chemistry,4,3,9,False
"polanyi, j",Chemistry,5,3,12,False
"polanyi, j",Chemistry,6,3,15,False
"polanyi, j",Chemistry,7,4,19,False
"polanyi, j",Chemistry,8,2,21,False
"polanyi, j",Chemistry,9,3,24,False
"polanyi, j",Chemistry,10,1,25,False
"polanyi, j",Chemistry,11,1,26,False
"polanyi, j",Chemistry,12,6,32,False
"polanyi, j",Chemistry,13,3,35,False
"polanyi, j",Chemistry,14,6,41,True
"polanyi, j",Chemistry,15,6,47,False
"polanyi, j",Chemistry,16,6,53,False
"polanyi, j",Chemistry,17,7,60,False
"polanyi, j",Chemistry,18,4,64,False
"polanyi, j",Chemistry,19,4,68,False
"polanyi, j",Chemistry,20,3,71,False
"polanyi, j",Chemistry,21,7,78,False
"polanyi, j",Chemistry,22,6,84,False
"polanyi, j",Chemistry,23,6,90,False
"polanyi, j",Chemistry,24,9,99,False
"polanyi, j",Chemistry,25,4,103,False
"polanyi, j",Chemistry,26,6,109,False
"polanyi, j",Chemistry,27,3,112,False
"polanyi, j",Chemistry,28,4,116,False
"polanyi, j",Chemistry,29,4,120,False
"polanyi, j",Chemistry,30,4,124,False
"polanyi, j",Chemistry,31,1,125,False
"polanyi, j",Chemistry,32,6,131,False
"polanyi, j",Chemistry,33,7,138,False
"polanyi, j",Chemistry,34,7,145,False
"polanyi, j",Chemistry,35,5,150,False
"polanyi, j",Chemistry,36,9,159,False
"polanyi, j",Chemistry,37,3,162,False
"polanyi, j",Chemistry,38,7,169,False
"polanyi, j",Chemistry,39,1,170,False
"polanyi, j",Chemistry,40,5,175,False
"polanyi, j",Chemistry,41,1,176,False
"polanyi, j",Chemistry,42,8,184,False
"polanyi, j",Chemistry,43,2,186,False
"polanyi, j",Chemistry,44,4,190,False
"polanyi, j",Chemistry,45,4,194,False
"polanyi, j",Chemistry,46,1,195,False
"polanyi, j",Chemistry,47,1,196,False
"polanyi, j",Chemistry,48,5,201,False
"polanyi, j",Chemistry,49,4,205,False
"polanyi, j",Chemistry,50,1,206,False
"polanyi, j",Chemistry,51,7,213,False
"polanyi, j",Chemistry,52,2,215,False
"polanyi, j",Chemistry,53,6,221,False
"polanyi, j",Chemistry,54,1,222,False
"polanyi, j",Chemistry,55,2,224,False
"polanyi, j",Chemistry,56,8,232,False
"polanyi, j",Chemistry,57,7,239,False
"polanyi, j",Chemistry,58,5,244,False
"polanyi, j",Chemistry,59,3,247,False
"polanyi, j",Chemistry,60,2,249,False
"politzer, hd",Physics,0,1,1,True
"politzer, hd",Physics,1,6,7,False
"politzer, hd",Physics,2,3,10,False
"politzer, hd",Physics,3,5,15,False
"politzer, hd",Physics,4,4,19,False
"politzer, hd",Physics,5,4,23,False
"politzer, hd",Physics,6,2,25,False
"politzer, hd",Physics,7,1,26,False
"politzer, hd",Physics,8,2,28,False
"politzer, hd",Physics,9,2,30,False
"politzer, hd",Physics,10,1,31,False
"politzer, hd",Physics,11,1,32,False
"politzer, hd",Physics,12,1,33,False
"politzer, hd",Physics,13,4,37,False
"politzer, hd",Physics,14,2,39,False
"politzer, hd",Physics,15,3,42,False
"politzer, hd",Physics,17,1,43,False
"politzer, hd",Physics,18,3,46,False
"politzer, hd",Physics,19,2,48,False
"politzer, hd",Physics,21,1,49,False
"politzer, hd",Physics,22,2,51,False
"politzer, hd",Physics,23,1,52,False
"politzer, hd",Physics,24,1,53,False
"pople, j",Chemistry,0,2,2,False
"pople, j",Chemistry,1,4,6,False
"pople, j",Chemistry,2,3,9,False
"pople, j",Chemistry,3,9,18,False
"pople, j",Chemistry,4,4,22,False
"pople, j",Chemistry,5,7,29,False
"pople, j",Chemistry,6,4,33,False
"pople, j",Chemistry,7,11,44,False
"pople, j",Chemistry,8,10,54,False
"pople, j",Chemistry,9,1,55,False
"pople, j",Chemistry,10,5,60,False
"pople, j",Chemistry,12,6,66,False
"pople, j",Chemistry,13,2,68,False
"pople, j",Chemistry,14,5,73,False
"pople, j",Chemistry,15,8,81,False
"pople, j",Chemistry,16,2,83,False
"pople, j",Chemistry,17,3,86,False
"pople, j",Chemistry,18,8,94,False
"pople, j",Chemistry,19,5,99,False
"pople, j",Chemistry,20,25,124,False
"pople, j",Chemistry,21,17,141,False
"pople, j",Chemistry,22,25,166,False
"pople, j",Chemistry,23,10,176,True
"pople, j",Chemistry,24,11,187,False
"pople, j",Chemistry,25,17,204,False
"pople, j",Chemistry,26,24,228,False
"pople, j",Chemistry,27,21,249,False
"pople, j",Chemistry,28,20,269,False
"pople, j",Chemistry,29,2,271,False
"pople, j",Chemistry,30,13,284,False
"pople, j",Chemistry,31,22,306,False
"pople, j",Chemistry,32,23,329,False
"pople, j",Chemistry,33,22,351,False
"pople, j",Chemistry,34,4,355,False
"pople, j",Chemistry,35,6,361,False
"pople, j",Chemistry,36,17,378,False
"pople, j",Chemistry,37,10,388,False
"pople, j",Chemistry,38,11,399,False
"pople, j",Chemistry,39,15,414,False
"pople, j",Chemistry,40,13,427,False
"pople, j",Chemistry,41,15,442,False
"pople, j",Chemistry,42,10,452,False
"pople, j",Chemistry,43,13,465,False
"pople, j",Chemistry,44,6,471,False
"pople, j",Chemistry,45,4,475,False
"pople, j",Chemistry,46,4,479,False
"pople, j",Chemistry,47,7,486,False
"pople, j",Chemistry,48,15,501,False
"pople, j",Chemistry,49,10,511,False
"pople, j",Chemistry,50,7,518,False
"pople, j",Chemistry,51,9,527,False
"pople, j",Chemistry,52,6,533,False
"pople, j",Chemistry,53,3,536,False
"pople, j",Chemistry,54,2,538,False
"pople, j",Chemistry,55,3,541,False
"pople, j",Chemistry,56,2,543,False
"pople, j",Chemistry,58,2,545,False
"pople, j",Chemistry,59,13,558,False
"pople, j",Chemistry,60,4,562,False
"porter, g",Chemistry,0,1,1,True
"porter, g",Chemistry,1,2,3,False
"porter, g",Chemistry,2,1,4,False
"porter, g",Chemistry,3,5,9,False
"porter, g",Chemistry,4,7,16,False
"porter, g",Chemistry,5,6,22,False
"porter, g",Chemistry,6,5,27,False
"porter, g",Chemistry,7,1,28,False
"porter, g",Chemistry,8,1,29,False
"porter, g",Chemistry,9,7,36,False
"porter, g",Chemistry,10,5,41,False
"porter, g",Chemistry,11,2,43,False
"porter, g",Chemistry,12,5,48,False
"porter, g",Chemistry,13,5,53,False
"porter, g",Chemistry,14,5,58,False
"porter, g",Chemistry,15,5,63,False
"porter, g",Chemistry,16,4,67,False
"porter, g",Chemistry,17,4,71,False
"porter, g",Chemistry,18,4,75,False
"porter, g",Chemistry,19,5,80,False
"porter, g",Chemistry,20,4,84,False
"porter, g",Chemistry,21,5,89,False
"porter, g",Chemistry,22,4,93,False
"porter, g",Chemistry,23,3,96,False
"porter, g",Chemistry,24,6,102,False
"porter, g",Chemistry,25,4,106,False
"porter, g",Chemistry,26,3,109,False
"porter, g",Chemistry,27,6,115,False
"porter, g",Chemistry,28,8,123,False
"porter, g",Chemistry,29,11,134,False
"porter, g",Chemistry,30,6,140,False
"porter, g",Chemistry,31,4,144,False
"porter, g",Chemistry,32,7,151,False
"porter, g",Chemistry,33,5,156,False
"porter, g",Chemistry,34,3,159,False
"porter, g",Chemistry,35,4,163,False
"porter, g",Chemistry,37,3,166,False
"porter, g",Chemistry,38,1,167,False
"porter, g",Chemistry,40,2,169,False
"porter, g",Chemistry,41,3,172,False
"porter, g",Chemistry,42,1,173,False
"porter, g",Chemistry,43,4,177,False
"porter, g",Chemistry,44,4,181,False
"porter, g",Chemistry,45,3,184,False
"porter, g",Chemistry,46,3,187,False
"porter, g",Chemistry,47,4,191,False
"porter, g",Chemistry,49,1,192,False
"porter, g",Chemistry,53,2,194,False
"porter, rr",Medicine,0,1,1,False
"porter, rr",Medicine,4,1,2,False
"porter, rr",Medicine,9,1,3,False
"porter, rr",Medicine,10,1,4,False
"porter, rr",Medicine,11,1,5,True
"porter, rr",Medicine,12,2,7,False
"porter, rr",Medicine,15,2,9,False
"porter, rr",Medicine,18,4,13,False
"porter, rr",Medicine,19,1,14,False
"porter, rr",Medicine,21,1,15,False
"porter, rr",Medicine,25,1,16,False
"porter, rr",Medicine,30,1,17,False
"porter, rr",Medicine,31,1,18,False
"porter, rr",Medicine,32,2,20,False
"porter, rr",Medicine,33,1,21,False
"porter, rr",Medicine,35,2,23,False
"porter, rr",Medicine,36,6,29,False
"porter, rr",Medicine,37,4,33,False
"porter, rr",Medicine,38,2,35,False
"porter, rr",Medicine,39,1,36,False
"porter, rr",Medicine,40,1,37,False
"porter, rr",Medicine,43,1,38,False
"powell, cf",Physics,0,2,2,False
"powell, cf",Physics,7,3,5,True
"powell, cf",Physics,8,1,6,False
"powell, cf",Physics,9,2,8,False
"powell, cf",Physics,11,1,9,False
"powell, cf",Physics,14,1,10,False
"prelog, v",Chemistry,0,3,3,False
"prelog, v",Chemistry,1,2,5,False
"prelog, v",Chemistry,3,1,6,False
"prelog, v",Chemistry,5,2,8,False
"prelog, v",Chemistry,7,3,11,False
"prelog, v",Chemistry,8,1,12,False
"prelog, v",Chemistry,10,2,14,False
"prelog, v",Chemistry,12,1,15,False
"prelog, v",Chemistry,13,2,17,False
"prelog, v",Chemistry,14,4,21,False
"prelog, v",Chemistry,15,5,26,False
"prelog, v",Chemistry,16,13,39,False
"prelog, v",Chemistry,17,7,46,False
"prelog, v",Chemistry,18,11,57,False
"prelog, v",Chemistry,19,16,73,False
"prelog, v",Chemistry,20,14,87,False
"prelog, v",Chemistry,21,11,98,False
"prelog, v",Chemistry,22,12,110,False
"prelog, v",Chemistry,23,6,116,False
"prelog, v",Chemistry,24,10,126,False
"prelog, v",Chemistry,25,7,133,False
"prelog, v",Chemistry,26,12,145,False
"prelog, v",Chemistry,27,9,154,True
"prelog, v",Chemistry,28,7,161,False
"prelog, v",Chemistry,29,10,171,False
"prelog, v",Chemistry,30,10,181,False
"prelog, v",Chemistry,31,7,188,False
"prelog, v",Chemistry,32,3,191,False
"prelog, v",Chemistry,33,7,198,False
"prelog, v",Chemistry,34,6,204,False
"prelog, v",Chemistry,35,4,208,False
"prelog, v",Chemistry,36,1,209,False
"prelog, v",Chemistry,37,2,211,False
"prelog, v",Chemistry,38,2,213,False
"prelog, v",Chemistry,39,4,217,False
"prelog, v",Chemistry,40,1,218,False
"prelog, v",Chemistry,42,5,223,False
"prelog, v",Chemistry,43,3,226,False
"prelog, v",Chemistry,44,4,230,False
"prelog, v",Chemistry,45,3,233,False
"prelog, v",Chemistry,47,2,235,False
"prelog, v",Chemistry,48,1,236,False
"prelog, v",Chemistry,50,2,238,False
"prelog, v",Chemistry,52,1,239,False
"prelog, v",Chemistry,53,5,244,False
"prelog, v",Chemistry,54,4,248,False
"prelog, v",Chemistry,55,1,249,False
"prelog, v",Chemistry,56,2,251,False
"prelog, v",Chemistry,57,2,253,False
"prelog, v",Chemistry,60,3,256,False
"prigogine, i",Chemistry,0,2,2,False
"prigogine, i",Chemistry,2,2,4,False
"prigogine, i",Chemistry,3,3,7,False
"prigogine, i",Chemistry,4,5,12,False
"prigogine, i",Chemistry,5,3,15,False
"prigogine, i",Chemistry,6,5,20,False
"prigogine, i",Chemistry,7,11,31,False
"prigogine, i",Chemistry,8,3,34,False
"prigogine, i",Chemistry,9,1,35,False
"prigogine, i",Chemistry,10,4,39,False
"prigogine, i",Chemistry,11,5,44,False
"prigogine, i",Chemistry,12,4,48,False
"prigogine, i",Chemistry,13,5,53,False
"prigogine, i",Chemistry,14,3,56,False
"prigogine, i",Chemistry,15,1,57,False
"prigogine, i",Chemistry,16,3,60,False
"prigogine, i",Chemistry,17,1,61,False
"prigogine, i",Chemistry,18,1,62,False
"prigogine, i",Chemistry,19,4,66,False
"prigogine, i",Chemistry,20,6,72,False
"prigogine, i",Chemistry,21,2,74,False
"prigogine, i",Chemistry,22,1,75,False
"prigogine, i",Chemistry,23,2,77,True
"prigogine, i",Chemistry,24,3,80,False
"prigogine, i",Chemistry,25,3,83,False
"prigogine, i",Chemistry,26,5,88,False
"prigogine, i",Chemistry,27,2,90,False
"prigogine, i",Chemistry,28,3,93,False
"prigogine, i",Chemistry,29,1,94,False
"prigogine, i",Chemistry,30,1,95,False
"prigogine, i",Chemistry,31,2,97,False
"prigogine, i",Chemistry,32,2,99,False
"prigogine, i",Chemistry,33,6,105,False
"prigogine, i",Chemistry,34,1,106,False
"prigogine, i",Chemistry,36,1,107,False
"prigogine, i",Chemistry,37,3,110,False
"prigogine, i",Chemistry,40,3,113,False
"prigogine, i",Chemistry,41,2,115,False
"prigogine, i",Chemistry,42,3,118,False
"prigogine, i",Chemistry,43,4,122,False
"prigogine, i",Chemistry,44,2,124,False
"prigogine, i",Chemistry,45,4,128,False
"prigogine, i",Chemistry,46,1,129,False
"prigogine, i",Chemistry,47,4,133,False
"prigogine, i",Chemistry,48,1,134,False
"prigogine, i",Chemistry,49,3,137,False
"prigogine, i",Chemistry,50,1,138,False
"prigogine, i",Chemistry,51,4,142,False
"prigogine, i",Chemistry,52,2,144,False
"prigogine, i",Chemistry,53,2,146,False
"prigogine, i",Chemistry,54,5,151,False
"prigogine, i",Chemistry,55,3,154,False
"prigogine, i",Chemistry,56,2,156,False
"prigogine, i",Chemistry,57,3,159,False
"prokhorov, am",Physics,0,1,1,True
"prokhorov, am",Physics,8,1,2,False
"prokhorov, am",Physics,19,3,5,False
"prokhorov, am",Physics,20,1,6,False
"prokhorov, am",Physics,21,6,12,False
"prokhorov, am",Physics,22,21,33,False
"prokhorov, am",Physics,23,12,45,False
"prokhorov, am",Physics,24,19,64,False
"prokhorov, am",Physics,25,16,80,False
"prokhorov, am",Physics,26,15,95,False
"prokhorov, am",Physics,27,30,125,False
"prokhorov, am",Physics,28,17,142,False
"prokhorov, am",Physics,29,19,161,False
"prokhorov, am",Physics,30,19,180,False
"prokhorov, am",Physics,31,14,194,False
"prokhorov, am",Physics,32,19,213,False
"prokhorov, am",Physics,33,20,233,False
"prokhorov, am",Physics,34,16,249,False
"prokhorov, am",Physics,35,21,270,False
"prokhorov, am",Physics,36,11,281,False
"prokhorov, am",Physics,37,11,292,False
"prokhorov, am",Physics,38,6,298,False
"prokhorov, am",Physics,39,4,302,False
"prokhorov, am",Physics,41,1,303,False
"prokhorov, am",Physics,42,3,306,False
"prokhorov, am",Physics,43,4,310,False
"prokhorov, am",Physics,44,1,311,False
"prokhorov, am",Physics,45,5,316,False
"prokhorov, am",Physics,47,8,324,False
"prokhorov, am",Physics,48,3,327,False
"prokhorov, am",Physics,49,1,328,False
"prusiner, sb",Medicine,0,1,1,False
"prusiner, sb",Medicine,3,6,7,False
"prusiner, sb",Medicine,5,3,10,False
"prusiner, sb",Medicine,6,2,12,False
"prusiner, sb",Medicine,7,1,13,False
"prusiner, sb",Medicine,8,1,14,False
"prusiner, sb",Medicine,11,1,15,False
"prusiner, sb",Medicine,12,2,17,False
"prusiner, sb",Medicine,13,8,25,False
"prusiner, sb",Medicine,14,1,26,False
"prusiner, sb",Medicine,15,7,33,False
"prusiner, sb",Medicine,16,8,41,False
"prusiner, sb",Medicine,17,9,50,True
"prusiner, sb",Medicine,18,5,55,False
"prusiner, sb",Medicine,19,6,61,False
"prusiner, sb",Medicine,20,8,69,False
"prusiner, sb",Medicine,21,15,84,False
"prusiner, sb",Medicine,22,16,100,False
"prusiner, sb",Medicine,23,11,111,False
"prusiner, sb",Medicine,24,10,121,False
"prusiner, sb",Medicine,25,27,148,False
"prusiner, sb",Medicine,26,15,163,False
"prusiner, sb",Medicine,27,20,183,False
"prusiner, sb",Medicine,28,16,199,False
"prusiner, sb",Medicine,29,24,223,False
"prusiner, sb",Medicine,30,19,242,False
"prusiner, sb",Medicine,31,22,264,False
"prusiner, sb",Medicine,32,20,284,False
"prusiner, sb",Medicine,33,10,294,False
"prusiner, sb",Medicine,34,13,307,False
"prusiner, sb",Medicine,35,12,319,False
"prusiner, sb",Medicine,36,24,343,False
"prusiner, sb",Medicine,37,11,354,False
"prusiner, sb",Medicine,38,9,363,False
"prusiner, sb",Medicine,39,16,379,False
"prusiner, sb",Medicine,40,13,392,False
"prusiner, sb",Medicine,41,13,405,False
"prusiner, sb",Medicine,42,12,417,False
"prusiner, sb",Medicine,43,11,428,False
"prusiner, sb",Medicine,44,11,439,False
"prusiner, sb",Medicine,45,11,450,False
"prusiner, sb",Medicine,46,11,461,False
"prusiner, sb",Medicine,47,11,472,False
"prusiner, sb",Medicine,48,15,487,False
"prusiner, sb",Medicine,49,5,492,False
"prusiner, sb",Medicine,50,8,500,False
"prusiner, sb",Medicine,51,6,506,False
"prusiner, sb",Medicine,52,9,515,False
"prusiner, sb",Medicine,53,4,519,False
"purcell, em",Physics,0,1,1,False
"purcell, em",Physics,1,1,2,False
"purcell, em",Physics,9,3,5,True
"purcell, em",Physics,11,3,8,False
"purcell, em",Physics,12,3,11,False
"purcell, em",Physics,13,1,12,False
"purcell, em",Physics,14,2,14,False
"purcell, em",Physics,15,3,17,False
"purcell, em",Physics,16,3,20,False
"purcell, em",Physics,17,3,23,False
"purcell, em",Physics,19,1,24,False
"purcell, em",Physics,26,1,25,False
"purcell, em",Physics,30,1,26,False
"purcell, em",Physics,32,1,27,False
"purcell, em",Physics,34,1,28,False
"purcell, em",Physics,36,1,29,False
"purcell, em",Physics,40,1,30,False
"purcell, em",Physics,41,1,31,False
"purcell, em",Physics,46,13,44,False
"purcell, em",Physics,47,5,49,False
"purcell, em",Physics,48,1,50,False
"purcell, em",Physics,50,2,52,False
"purcell, em",Physics,51,11,63,False
"purcell, em",Physics,52,1,64,False
"purcell, em",Physics,53,1,65,False
"purcell, em",Physics,57,1,66,False
"purcell, em",Physics,60,3,69,False
"rabi, ii",Physics,0,1,1,False
"rabi, ii",Physics,1,2,3,False
"rabi, ii",Physics,3,2,5,False
"rabi, ii",Physics,5,1,6,False
"rabi, ii",Physics,7,1,7,False
"rabi, ii",Physics,8,4,11,False
"rabi, ii",Physics,9,2,13,False
"rabi, ii",Physics,10,2,15,False
"rabi, ii",Physics,11,1,16,False
"rabi, ii",Physics,12,2,18,True
"rabi, ii",Physics,13,5,23,False
"rabi, ii",Physics,14,2,25,False
"rabi, ii",Physics,19,1,26,False
"rabi, ii",Physics,21,2,28,False
"rabi, ii",Physics,22,1,29,False
"rabi, ii",Physics,28,1,30,False
"rabi, ii",Physics,30,1,31,False
"rabi, ii",Physics,31,1,32,False
"rabi, ii",Physics,35,1,33,False
"rabi, ii",Physics,41,1,34,False
"rainwater, j",Physics,0,2,2,False
"rainwater, j",Physics,4,1,3,True
"rainwater, j",Physics,5,1,4,False
"rainwater, j",Physics,7,1,5,False
"rainwater, j",Physics,8,2,7,False
"rainwater, j",Physics,9,1,8,False
"rainwater, j",Physics,10,2,10,False
"rainwater, j",Physics,11,1,11,False
"rainwater, j",Physics,12,2,13,False
"rainwater, j",Physics,14,3,16,False
"rainwater, j",Physics,15,1,17,False
"rainwater, j",Physics,16,1,18,False
"rainwater, j",Physics,17,1,19,False
"rainwater, j",Physics,18,3,22,False
"rainwater, j",Physics,19,1,23,False
"rainwater, j",Physics,20,5,28,False
"rainwater, j",Physics,21,3,31,False
"rainwater, j",Physics,22,2,33,False
"rainwater, j",Physics,23,2,35,False
"rainwater, j",Physics,24,1,36,False
"rainwater, j",Physics,25,2,38,False
"rainwater, j",Physics,26,3,41,False
"rainwater, j",Physics,27,4,45,False
"rainwater, j",Physics,28,8,53,False
"rainwater, j",Physics,29,7,60,False
"rainwater, j",Physics,30,4,64,False
"rainwater, j",Physics,31,3,67,False
"rainwater, j",Physics,32,1,68,False
"ramakrishnan, v",Chemistry,0,1,1,False
"ramakrishnan, v",Chemistry,1,2,3,False
"ramakrishnan, v",Chemistry,3,1,4,False
"ramakrishnan, v",Chemistry,4,2,6,False
"ramakrishnan, v",Chemistry,6,3,9,False
"ramakrishnan, v",Chemistry,7,2,11,False
"ramakrishnan, v",Chemistry,8,3,14,False
"ramakrishnan, v",Chemistry,9,1,15,False
"ramakrishnan, v",Chemistry,10,3,18,False
"ramakrishnan, v",Chemistry,11,1,19,False
"ramakrishnan, v",Chemistry,12,1,20,False
"ramakrishnan, v",Chemistry,13,4,24,False
"ramakrishnan, v",Chemistry,14,3,27,False
"ramakrishnan, v",Chemistry,15,3,30,False
"ramakrishnan, v",Chemistry,16,6,36,False
"ramakrishnan, v",Chemistry,17,4,40,False
"ramakrishnan, v",Chemistry,18,5,45,False
"ramakrishnan, v",Chemistry,19,5,50,False
"ramakrishnan, v",Chemistry,20,6,56,True
"ramakrishnan, v",Chemistry,21,5,61,False
"ramakrishnan, v",Chemistry,22,3,64,False
"ramakrishnan, v",Chemistry,23,4,68,False
"ramakrishnan, v",Chemistry,24,2,70,False
"ramakrishnan, v",Chemistry,25,3,73,False
"ramakrishnan, v",Chemistry,26,1,74,False
"ramakrishnan, v",Chemistry,27,4,78,False
"ramakrishnan, v",Chemistry,28,4,82,False
"ramakrishnan, v",Chemistry,29,7,89,False
"ramakrishnan, v",Chemistry,30,7,96,False
"ramakrishnan, v",Chemistry,31,4,100,False
"ramakrishnan, v",Chemistry,32,3,103,False
"ramakrishnan, v",Chemistry,33,7,110,False
"ramakrishnan, v",Chemistry,34,9,119,False
"ramakrishnan, v",Chemistry,35,4,123,False
"ramakrishnan, v",Chemistry,36,6,129,False
"ramakrishnan, v",Chemistry,37,2,131,False
"raman, cv",Physics,0,3,3,False
"raman, cv",Physics,2,1,4,False
"raman, cv",Physics,3,5,9,False
"raman, cv",Physics,4,2,11,False
"raman, cv",Physics,5,7,18,False
"raman, cv",Physics,6,9,27,False
"raman, cv",Physics,11,2,29,True
"raman, cv",Physics,14,1,30,False
"raman, cv",Physics,19,1,31,False
"raman, cv",Physics,21,1,32,False
"raman, cv",Physics,22,1,33,False
"raman, cv",Physics,23,1,34,False
"raman, cv",Physics,24,2,36,False
"raman, cv",Physics,27,1,37,False
"raman, cv",Physics,28,2,39,False
"raman, cv",Physics,34,2,41,False
"ramsey, nf",Physics,0,2,2,False
"ramsey, nf",Physics,1,2,4,False
"ramsey, nf",Physics,7,1,5,False
"ramsey, nf",Physics,8,2,7,False
"ramsey, nf",Physics,10,1,8,False
"ramsey, nf",Physics,11,8,16,True
"ramsey, nf",Physics,12,12,28,False
"ramsey, nf",Physics,13,9,37,False
"ramsey, nf",Physics,14,5,42,False
"ramsey, nf",Physics,15,3,45,False
"ramsey, nf",Physics,16,2,47,False
"ramsey, nf",Physics,17,2,49,False
"ramsey, nf",Physics,18,5,54,False
"ramsey, nf",Physics,19,7,61,False
"ramsey, nf",Physics,20,2,63,False
"ramsey, nf",Physics,21,2,65,False
"ramsey, nf",Physics,22,4,69,False
"ramsey, nf",Physics,23,4,73,False
"ramsey, nf",Physics,24,5,78,False
"ramsey, nf",Physics,25,8,86,False
"ramsey, nf",Physics,26,4,90,False
"ramsey, nf",Physics,27,10,100,False
"ramsey, nf",Physics,28,4,104,False
"ramsey, nf",Physics,29,5,109,False
"ramsey, nf",Physics,30,3,112,False
"ramsey, nf",Physics,31,6,118,False
"ramsey, nf",Physics,32,5,123,False
"ramsey, nf",Physics,33,7,130,False
"ramsey, nf",Physics,34,1,131,False
"ramsey, nf",Physics,35,3,134,False
"ramsey, nf",Physics,36,1,135,False
"ramsey, nf",Physics,37,2,137,False
"ramsey, nf",Physics,38,6,143,False
"ramsey, nf",Physics,39,1,144,False
"ramsey, nf",Physics,40,4,148,False
"ramsey, nf",Physics,41,4,152,False
"ramsey, nf",Physics,42,2,154,False
"ramsey, nf",Physics,43,4,158,False
"ramsey, nf",Physics,44,1,159,False
"ramsey, nf",Physics,45,4,163,False
"ramsey, nf",Physics,46,1,164,False
"ramsey, nf",Physics,47,1,165,False
"ramsey, nf",Physics,48,2,167,False
"ramsey, nf",Physics,49,3,170,False
"ramsey, nf",Physics,51,4,174,False
"ramsey, nf",Physics,52,2,176,False
"ramsey, nf",Physics,53,1,177,False
"ramsey, nf",Physics,54,4,181,False
"ramsey, nf",Physics,56,3,184,False
"ramsey, nf",Physics,58,1,185,False
"ramsey, nf",Physics,60,1,186,False
raymond davis jr.,Physics,0,1,1,False
raymond davis jr.,Physics,5,1,2,False
raymond davis jr.,Physics,9,1,3,False
raymond davis jr.,Physics,13,1,4,True
raymond davis jr.,Physics,16,2,6,False
raymond davis jr.,Physics,17,1,7,False
raymond davis jr.,Physics,19,1,8,False
raymond davis jr.,Physics,21,1,9,False
raymond davis jr.,Physics,23,1,10,False
raymond davis jr.,Physics,29,1,11,False
raymond davis jr.,Physics,30,1,12,False
raymond davis jr.,Physics,33,1,13,False
raymond davis jr.,Physics,36,1,14,False
raymond davis jr.,Physics,37,1,15,False
raymond davis jr.,Physics,38,2,17,False
raymond davis jr.,Physics,39,3,20,False
raymond davis jr.,Physics,40,1,21,False
raymond davis jr.,Physics,41,2,23,False
raymond davis jr.,Physics,43,1,24,False
raymond davis jr.,Physics,45,1,25,False
raymond davis jr.,Physics,48,3,28,False
"reichstein, t",Medicine,0,3,3,False
"reichstein, t",Medicine,1,2,5,False
"reichstein, t",Medicine,4,1,6,False
"reichstein, t",Medicine,6,1,7,False
"reichstein, t",Medicine,7,1,8,False
"reichstein, t",Medicine,8,3,11,True
"reichstein, t",Medicine,9,4,15,False
"reichstein, t",Medicine,10,2,17,False
"reichstein, t",Medicine,11,8,25,False
"reichstein, t",Medicine,12,11,36,False
"reichstein, t",Medicine,13,3,39,False
"reichstein, t",Medicine,14,3,42,False
"reichstein, t",Medicine,15,7,49,False
"reichstein, t",Medicine,16,1,50,False
"reichstein, t",Medicine,18,5,55,False
"reichstein, t",Medicine,19,8,63,False
"reichstein, t",Medicine,20,8,71,False
"reichstein, t",Medicine,21,9,80,False
"reichstein, t",Medicine,22,14,94,False
"reichstein, t",Medicine,23,9,103,False
"reichstein, t",Medicine,24,9,112,False
"reichstein, t",Medicine,25,12,124,False
"reichstein, t",Medicine,26,13,137,False
"reichstein, t",Medicine,27,14,151,False
"reichstein, t",Medicine,28,20,171,False
"reichstein, t",Medicine,29,14,185,False
"reichstein, t",Medicine,30,9,194,False
"reichstein, t",Medicine,31,11,205,False
"reichstein, t",Medicine,32,11,216,False
"reichstein, t",Medicine,33,20,236,False
"reichstein, t",Medicine,34,13,249,False
"reichstein, t",Medicine,35,7,256,False
"reichstein, t",Medicine,36,19,275,False
"reichstein, t",Medicine,37,11,286,False
"reichstein, t",Medicine,38,10,296,False
"reichstein, t",Medicine,39,4,300,False
"reichstein, t",Medicine,40,6,306,False
"reichstein, t",Medicine,41,9,315,False
"reichstein, t",Medicine,42,1,316,False
"reichstein, t",Medicine,43,3,319,False
"reichstein, t",Medicine,44,5,324,False
"reichstein, t",Medicine,45,5,329,False
"reichstein, t",Medicine,46,6,335,False
"reichstein, t",Medicine,47,4,339,False
"reichstein, t",Medicine,49,3,342,False
"reichstein, t",Medicine,50,2,344,False
"reichstein, t",Medicine,53,2,346,False
"reichstein, t",Medicine,59,2,348,False
"reines, f",Physics,0,4,4,True
"reines, f",Physics,1,5,9,False
"reines, f",Physics,3,2,11,False
"reines, f",Physics,4,3,14,False
"reines, f",Physics,5,2,16,False
"reines, f",Physics,6,3,19,False
"reines, f",Physics,7,1,20,False
"reines, f",Physics,9,1,21,False
"reines, f",Physics,10,1,22,False
"reines, f",Physics,11,3,25,False
"reines, f",Physics,12,4,29,False
"reines, f",Physics,13,4,33,False
"reines, f",Physics,14,1,34,False
"reines, f",Physics,15,1,35,False
"reines, f",Physics,16,2,37,False
"reines, f",Physics,17,2,39,False
"reines, f",Physics,18,3,42,False
"reines, f",Physics,19,1,43,False
"reines, f",Physics,20,3,46,False
"reines, f",Physics,21,5,51,False
"reines, f",Physics,22,1,52,False
"reines, f",Physics,23,1,53,False
"reines, f",Physics,25,1,54,False
"reines, f",Physics,26,3,57,False
"reines, f",Physics,27,2,59,False
"reines, f",Physics,29,1,60,False
"reines, f",Physics,30,3,63,False
"reines, f",Physics,31,2,65,False
"reines, f",Physics,32,6,71,False
"reines, f",Physics,33,1,72,False
"reines, f",Physics,34,7,79,False
"reines, f",Physics,35,4,83,False
"reines, f",Physics,36,1,84,False
"reines, f",Physics,37,3,87,False
"reines, f",Physics,38,3,90,False
"reines, f",Physics,39,2,92,False
"reines, f",Physics,40,4,96,False
"reines, f",Physics,41,3,99,False
"reines, f",Physics,42,2,101,False
"reines, f",Physics,43,2,103,False
"reines, f",Physics,44,2,105,False
"reines, f",Physics,45,6,111,False
"reines, f",Physics,46,6,117,False
"reines, f",Physics,50,1,118,False
"richards, dw",Medicine,0,3,3,False
"richards, dw",Medicine,1,2,5,False
"richards, dw",Medicine,3,2,7,False
"richards, dw",Medicine,4,2,9,False
"richards, dw",Medicine,5,2,11,False
"richards, dw",Medicine,6,1,12,False
"richards, dw",Medicine,8,2,14,False
"richards, dw",Medicine,9,1,15,False
"richards, dw",Medicine,10,2,17,False
"richards, dw",Medicine,12,1,18,False
"richards, dw",Medicine,13,4,22,False
"richards, dw",Medicine,14,1,23,False
"richards, dw",Medicine,15,1,24,False
"richards, dw",Medicine,17,2,26,False
"richards, dw",Medicine,18,2,28,False
"richards, dw",Medicine,19,2,30,False
"richards, dw",Medicine,20,3,33,True
"richards, dw",Medicine,21,4,37,False
"richards, dw",Medicine,22,5,42,False
"richards, dw",Medicine,23,2,44,False
"richards, dw",Medicine,24,3,47,False
"richards, dw",Medicine,25,1,48,False
"richards, dw",Medicine,26,5,53,False
"richards, dw",Medicine,27,2,55,False
"richards, dw",Medicine,28,6,61,False
"richards, dw",Medicine,29,3,64,False
"richards, dw",Medicine,30,2,66,False
"richards, dw",Medicine,33,1,67,False
"richards, dw",Medicine,34,2,69,False
"richards, dw",Medicine,35,1,70,False
"richards, dw",Medicine,36,3,73,False
"richards, dw",Medicine,37,1,74,False
"richards, dw",Medicine,38,1,75,False
"richards, dw",Medicine,39,1,76,False
"richards, dw",Medicine,41,1,77,False
"richards, dw",Medicine,51,1,78,False
"richards, rc",Physics,0,1,1,False
"richards, rc",Physics,2,1,2,False
"richards, rc",Physics,3,1,3,False
"richards, rc",Physics,4,1,4,False
"richards, rc",Physics,6,2,6,False
"richards, rc",Physics,7,1,7,False
"richards, rc",Physics,8,3,10,False
"richards, rc",Physics,9,6,16,True
"richards, rc",Physics,10,4,20,False
"richards, rc",Physics,11,3,23,False
"richards, rc",Physics,12,2,25,False
"richards, rc",Physics,13,5,30,False
"richards, rc",Physics,14,1,31,False
"richards, rc",Physics,15,3,34,False
"richards, rc",Physics,16,1,35,False
"richards, rc",Physics,17,1,36,False
"richards, rc",Physics,18,6,42,False
"richards, rc",Physics,20,1,43,False
"richards, rc",Physics,21,3,46,False
"richards, rc",Physics,22,2,48,False
"richards, rc",Physics,23,1,49,False
"richards, rc",Physics,25,1,50,False
"richards, rc",Physics,27,5,55,False
"richards, rc",Physics,28,1,56,False
"richards, rc",Physics,29,3,59,False
"richards, rc",Physics,31,3,62,False
"richards, rc",Physics,32,3,65,False
"richards, rc",Physics,33,2,67,False
"richards, rc",Physics,34,2,69,False
"richards, t",Chemistry,0,2,2,False
"richards, t",Chemistry,1,1,3,False
"richards, t",Chemistry,2,1,4,False
"richards, t",Chemistry,3,3,7,False
"richards, t",Chemistry,4,1,8,False
"richards, t",Chemistry,5,2,10,False
"richards, t",Chemistry,6,6,16,False
"richards, t",Chemistry,7,4,20,False
"richards, t",Chemistry,8,5,25,False
"richards, t",Chemistry,9,2,27,False
"richards, t",Chemistry,10,7,34,False
"richards, t",Chemistry,11,6,40,True
"richards, t",Chemistry,12,6,46,False
"richards, t",Chemistry,13,3,49,False
"richards, t",Chemistry,14,2,51,False
"richards, t",Chemistry,15,11,62,False
"richards, t",Chemistry,16,7,69,False
"richards, t",Chemistry,17,7,76,False
"richards, t",Chemistry,18,14,90,False
"richards, t",Chemistry,19,5,95,False
"richards, t",Chemistry,20,3,98,False
"richards, t",Chemistry,21,2,100,False
"richards, t",Chemistry,22,10,110,False
"richards, t",Chemistry,23,14,124,False
"richards, t",Chemistry,24,9,133,False
"richards, t",Chemistry,25,7,140,False
"richards, t",Chemistry,26,6,146,False
"richards, t",Chemistry,27,6,152,False
"richards, t",Chemistry,28,6,158,False
"richards, t",Chemistry,29,5,163,False
"richards, t",Chemistry,30,6,169,False
"richards, t",Chemistry,31,7,176,False
"richards, t",Chemistry,32,7,183,False
"richards, t",Chemistry,33,4,187,False
"richards, t",Chemistry,34,3,190,False
"richards, t",Chemistry,36,5,195,False
"richards, t",Chemistry,37,9,204,False
"richardson, ow",Physics,0,1,1,True
"richardson, ow",Physics,12,1,2,False
"richter, b",Physics,0,1,1,False
"richter, b",Physics,4,1,2,False
"richter, b",Physics,7,1,3,False
"richter, b",Physics,9,1,4,False
"richter, b",Physics,10,4,8,False
"richter, b",Physics,11,4,12,False
"richter, b",Physics,12,2,14,False
"richter, b",Physics,13,7,21,False
"richter, b",Physics,14,2,23,False
"richter, b",Physics,16,2,25,True
"richter, b",Physics,17,13,38,False
"richter, b",Physics,18,11,49,False
"richter, b",Physics,19,14,63,False
"richter, b",Physics,20,4,67,False
"richter, b",Physics,21,6,73,False
"richter, b",Physics,22,7,80,False
"richter, b",Physics,23,6,86,False
"richter, b",Physics,24,15,101,False
"richter, b",Physics,25,9,110,False
"richter, b",Physics,26,2,112,False
"richter, b",Physics,27,10,122,False
"richter, b",Physics,28,5,127,False
"richter, b",Physics,29,9,136,False
"richter, b",Physics,30,5,141,False
"richter, b",Physics,31,5,146,False
"richter, b",Physics,32,5,151,False
"richter, b",Physics,34,1,152,False
"richter, b",Physics,35,1,153,False
"richter, b",Physics,36,2,155,False
"richter, b",Physics,37,2,157,False
"richter, b",Physics,38,1,158,False
"richter, b",Physics,41,1,159,False
"richter, b",Physics,43,1,160,False
"richter, b",Physics,45,1,161,False
"richter, b",Physics,46,2,163,False
"richter, b",Physics,48,1,164,False
"richter, b",Physics,49,1,165,False
"richter, b",Physics,50,1,166,False
"richter, b",Physics,52,1,167,False
"richter, b",Physics,54,1,168,False
"richter, b",Physics,56,1,169,False
"richter, b",Physics,57,1,170,False
"riess, adam g.",Physics,0,2,2,False
"riess, adam g.",Physics,1,3,5,False
"riess, adam g.",Physics,2,2,7,False
"riess, adam g.",Physics,3,7,14,True
"riess, adam g.",Physics,4,6,20,False
"riess, adam g.",Physics,5,4,24,False
"riess, adam g.",Physics,6,7,31,False
"riess, adam g.",Physics,7,4,35,False
"riess, adam g.",Physics,8,4,39,False
"riess, adam g.",Physics,9,9,48,False
"riess, adam g.",Physics,10,7,55,False
"riess, adam g.",Physics,11,8,63,False
"riess, adam g.",Physics,12,7,70,False
"riess, adam g.",Physics,13,9,79,False
"riess, adam g.",Physics,14,7,86,False
"riess, adam g.",Physics,15,10,96,False
"riess, adam g.",Physics,16,8,104,False
"riess, adam g.",Physics,17,14,118,False
"riess, adam g.",Physics,18,10,128,False
"riess, adam g.",Physics,19,12,140,False
"riess, adam g.",Physics,20,12,152,False
"riess, adam g.",Physics,21,13,165,False
"riess, adam g.",Physics,22,3,168,False
"riess, adam g.",Physics,23,2,170,False
"robbins, fc",Medicine,0,1,1,False
"robbins, fc",Medicine,2,1,2,False
"robbins, fc",Medicine,3,2,4,True
"robbins, fc",Medicine,4,3,7,False
"robbins, fc",Medicine,5,1,8,False
"robbins, fc",Medicine,6,2,10,False
"robbins, fc",Medicine,11,1,11,False
"robbins, fc",Medicine,12,2,13,False
"robbins, fc",Medicine,14,1,14,False
"robbins, fc",Medicine,15,3,17,False
"robbins, fc",Medicine,16,8,25,False
"robbins, fc",Medicine,17,1,26,False
"robbins, fc",Medicine,18,3,29,False
"robbins, fc",Medicine,21,3,32,False
"robbins, fc",Medicine,22,2,34,False
"robbins, fc",Medicine,23,2,36,False
"robbins, fc",Medicine,26,1,37,False
"robbins, fc",Medicine,35,2,39,False
"robbins, fc",Medicine,36,1,40,False
"robbins, fc",Medicine,37,3,43,False
"robbins, fc",Medicine,38,1,44,False
"robbins, fc",Medicine,39,1,45,False
"robbins, fc",Medicine,40,1,46,False
"robbins, fc",Medicine,47,1,47,False
"robbins, fc",Medicine,48,1,48,False
"robbins, fc",Medicine,49,1,49,False
"robbins, fc",Medicine,51,1,50,False
"roberts, rj",Medicine,0,2,2,False
"roberts, rj",Medicine,3,1,3,False
"roberts, rj",Medicine,4,1,4,False
"roberts, rj",Medicine,5,1,5,False
"roberts, rj",Medicine,6,6,11,False
"roberts, rj",Medicine,7,8,19,False
"roberts, rj",Medicine,8,15,34,False
"roberts, rj",Medicine,9,21,55,True
"roberts, rj",Medicine,10,21,76,False
"roberts, rj",Medicine,11,11,87,False
"roberts, rj",Medicine,12,14,101,False
"roberts, rj",Medicine,13,8,109,False
"roberts, rj",Medicine,14,8,117,False
"roberts, rj",Medicine,15,10,127,False
"roberts, rj",Medicine,16,15,142,False
"roberts, rj",Medicine,17,11,153,False
"roberts, rj",Medicine,18,13,166,False
"roberts, rj",Medicine,19,24,190,False
"roberts, rj",Medicine,20,15,205,False
"roberts, rj",Medicine,21,15,220,False
"roberts, rj",Medicine,22,13,233,False
"roberts, rj",Medicine,23,10,243,False
"roberts, rj",Medicine,24,17,260,False
"roberts, rj",Medicine,25,9,269,False
"roberts, rj",Medicine,26,16,285,False
"roberts, rj",Medicine,27,13,298,False
"roberts, rj",Medicine,28,7,305,False
"roberts, rj",Medicine,29,14,319,False
"roberts, rj",Medicine,30,14,333,False
"roberts, rj",Medicine,31,9,342,False
"roberts, rj",Medicine,32,20,362,False
"roberts, rj",Medicine,33,22,384,False
"roberts, rj",Medicine,34,9,393,False
"roberts, rj",Medicine,35,10,403,False
"roberts, rj",Medicine,36,11,414,False
"roberts, rj",Medicine,37,9,423,False
"roberts, rj",Medicine,38,6,429,False
"roberts, rj",Medicine,39,5,434,False
"roberts, rj",Medicine,40,3,437,False
"roberts, rj",Medicine,41,2,439,False
"roberts, rj",Medicine,42,7,446,False
"roberts, rj",Medicine,43,5,451,False
"roberts, rj",Medicine,44,5,456,False
"roberts, rj",Medicine,45,4,460,False
"roberts, rj",Medicine,46,5,465,False
"roberts, rj",Medicine,47,13,478,False
"roberts, rj",Medicine,48,13,491,False
"roberts, rj",Medicine,49,14,505,False
"robinson, r",Chemistry,0,1,1,False
"robinson, r",Chemistry,1,3,4,False
"robinson, r",Chemistry,2,4,8,False
"robinson, r",Chemistry,3,2,10,False
"robinson, r",Chemistry,4,3,13,False
"robinson, r",Chemistry,5,5,18,False
"robinson, r",Chemistry,6,3,21,False
"robinson, r",Chemistry,7,5,26,False
"robinson, r",Chemistry,10,5,31,True
"robinson, r",Chemistry,11,3,34,False
"robinson, r",Chemistry,12,2,36,False
"robinson, r",Chemistry,14,1,37,False
"robinson, r",Chemistry,15,9,46,False
"robinson, r",Chemistry,16,5,51,False
"robinson, r",Chemistry,17,13,64,False
"robinson, r",Chemistry,18,16,80,False
"robinson, r",Chemistry,46,1,81,False
"rodbell, m",Medicine,0,1,1,False
"rodbell, m",Medicine,7,2,3,False
"rodbell, m",Medicine,11,3,6,True
"rodbell, m",Medicine,13,7,13,False
"rodbell, m",Medicine,15,1,14,False
"rodbell, m",Medicine,16,3,17,False
"rodbell, m",Medicine,17,1,18,False
"rodbell, m",Medicine,18,4,22,False
"rodbell, m",Medicine,20,3,25,False
"rodbell, m",Medicine,21,3,28,False
"rodbell, m",Medicine,22,6,34,False
"rodbell, m",Medicine,23,2,36,False
"rodbell, m",Medicine,24,1,37,False
"rodbell, m",Medicine,25,1,38,False
"rodbell, m",Medicine,26,1,39,False
"rodbell, m",Medicine,27,1,40,False
"rodbell, m",Medicine,29,1,41,False
"rodbell, m",Medicine,31,1,42,False
"rodbell, m",Medicine,32,3,45,False
"rodbell, m",Medicine,33,2,47,False
"rodbell, m",Medicine,34,1,48,False
"rodbell, m",Medicine,35,1,49,False
"rodbell, m",Medicine,36,1,50,False
"rodbell, m",Medicine,37,3,53,False
"rodbell, m",Medicine,39,1,54,False
"rodbell, m",Medicine,47,1,55,False
"rohrer, h",Physics,0,1,1,False
"rohrer, h",Physics,1,2,3,False
"rohrer, h",Physics,7,2,5,False
"rohrer, h",Physics,8,1,6,False
"rohrer, h",Physics,12,4,10,True
"rohrer, h",Physics,13,5,15,False
"rohrer, h",Physics,14,4,19,False
"rohrer, h",Physics,15,7,26,False
"rohrer, h",Physics,16,3,29,False
"rohrer, h",Physics,17,10,39,False
"rohrer, h",Physics,18,2,41,False
"rohrer, h",Physics,19,3,44,False
"rohrer, h",Physics,21,3,47,False
"rohrer, h",Physics,22,3,50,False
"rohrer, h",Physics,23,3,53,False
"rohrer, h",Physics,24,4,57,False
"rohrer, h",Physics,25,1,58,False
"rohrer, h",Physics,26,1,59,False
"rohrer, h",Physics,28,1,60,False
"rohrer, h",Physics,29,2,62,False
"rohrer, h",Physics,30,2,64,False
"rohrer, h",Physics,41,1,65,False
"rose, i",Chemistry,0,1,1,False
"rose, i",Chemistry,1,1,2,False
"rose, i",Chemistry,4,1,3,False
"rose, i",Chemistry,6,1,4,False
"rose, i",Chemistry,7,2,6,False
"rose, i",Chemistry,9,1,7,False
"rose, i",Chemistry,12,1,8,False
"rose, i",Chemistry,13,3,11,False
"rose, i",Chemistry,14,1,12,False
"rose, i",Chemistry,15,1,13,False
"rose, i",Chemistry,16,1,14,False
"rose, i",Chemistry,17,2,16,False
"rose, i",Chemistry,18,2,18,False
"rose, i",Chemistry,19,2,20,False
"rose, i",Chemistry,20,6,26,False
"rose, i",Chemistry,21,2,28,False
"rose, i",Chemistry,22,2,30,False
"rose, i",Chemistry,23,3,33,False
"rose, i",Chemistry,24,2,35,False
"rose, i",Chemistry,25,1,36,False
"rose, i",Chemistry,26,2,38,False
"rose, i",Chemistry,27,2,40,False
"rose, i",Chemistry,28,3,43,False
"rose, i",Chemistry,29,3,46,True
"rose, i",Chemistry,30,4,50,False
"rose, i",Chemistry,31,3,53,False
"rose, i",Chemistry,32,4,57,False
"rose, i",Chemistry,33,3,60,False
"rose, i",Chemistry,34,2,62,False
"rose, i",Chemistry,36,3,65,False
"rose, i",Chemistry,38,1,66,False
"rose, i",Chemistry,39,1,67,False
"rose, i",Chemistry,40,2,69,False
"rose, i",Chemistry,41,2,71,False
"rose, i",Chemistry,42,2,73,False
"rose, i",Chemistry,44,1,74,False
"rose, i",Chemistry,46,1,75,False
"rose, i",Chemistry,47,1,76,False
"rose, i",Chemistry,51,1,77,False
"rose, i",Chemistry,53,1,78,False
"rose, i",Chemistry,54,4,82,False
"rose, i",Chemistry,55,2,84,False
"rothman, je",Medicine,0,2,2,False
"rothman, je",Medicine,1,1,3,False
"rothman, je",Medicine,3,1,4,False
"rothman, je",Medicine,4,3,7,False
"rothman, je",Medicine,5,5,12,False
"rothman, je",Medicine,6,1,13,False
"rothman, je",Medicine,7,1,14,False
"rothman, je",Medicine,8,3,17,False
"rothman, je",Medicine,9,5,22,False
"rothman, je",Medicine,10,3,25,False
"rothman, je",Medicine,11,1,26,False
"rothman, je",Medicine,12,10,36,False
"rothman, je",Medicine,13,6,42,False
"rothman, je",Medicine,14,6,48,False
"rothman, je",Medicine,15,5,53,False
"rothman, je",Medicine,16,2,55,False
"rothman, je",Medicine,17,10,65,False
"rothman, je",Medicine,18,7,72,False
"rothman, je",Medicine,19,7,79,False
"rothman, je",Medicine,20,5,84,False
"rothman, je",Medicine,21,11,95,True
"rothman, je",Medicine,22,9,104,False
"rothman, je",Medicine,23,4,108,False
"rothman, je",Medicine,24,8,116,False
"rothman, je",Medicine,25,7,123,False
"rothman, je",Medicine,26,6,129,False
"rothman, je",Medicine,27,4,133,False
"rothman, je",Medicine,28,11,144,False
"rothman, je",Medicine,29,2,146,False
"rothman, je",Medicine,30,3,149,False
"rothman, je",Medicine,31,2,151,False
"rothman, je",Medicine,32,5,156,False
"rothman, je",Medicine,33,5,161,False
"rothman, je",Medicine,34,4,165,False
"rothman, je",Medicine,35,2,167,False
"rothman, je",Medicine,36,4,171,False
"rothman, je",Medicine,37,4,175,False
"rothman, je",Medicine,38,5,180,False
"rothman, je",Medicine,39,8,188,False
"rothman, je",Medicine,40,3,191,False
"rothman, je",Medicine,41,9,200,False
"rothman, je",Medicine,42,9,209,False
"rothman, je",Medicine,43,6,215,False
"rothman, je",Medicine,44,12,227,False
"rothman, je",Medicine,45,18,245,False
"rothman, je",Medicine,46,1,246,False
"rous, p",Medicine,0,2,2,False
"rous, p",Medicine,1,2,4,True
"rous, p",Medicine,2,2,6,False
"rous, p",Medicine,3,7,13,False
"rous, p",Medicine,4,5,18,False
"rous, p",Medicine,5,6,24,False
"rous, p",Medicine,6,4,28,False
"rous, p",Medicine,7,4,32,False
"rous, p",Medicine,8,4,36,False
"rous, p",Medicine,9,4,40,False
"rous, p",Medicine,10,3,43,False
"rous, p",Medicine,11,6,49,False
"rous, p",Medicine,12,3,52,False
"rous, p",Medicine,13,5,57,False
"rous, p",Medicine,14,10,67,False
"rous, p",Medicine,15,3,70,False
"rous, p",Medicine,16,6,76,False
"rous, p",Medicine,17,5,81,False
"rous, p",Medicine,20,5,86,False
"rous, p",Medicine,21,2,88,False
"rous, p",Medicine,22,3,91,False
"rous, p",Medicine,23,2,93,False
"rous, p",Medicine,24,2,95,False
"rous, p",Medicine,25,5,100,False
"rous, p",Medicine,26,5,105,False
"rous, p",Medicine,27,7,112,False
"rous, p",Medicine,28,1,113,False
"rous, p",Medicine,29,4,117,False
"rous, p",Medicine,30,1,118,False
"rous, p",Medicine,31,4,122,False
"rous, p",Medicine,32,3,125,False
"rous, p",Medicine,34,1,126,False
"rous, p",Medicine,35,3,129,False
"rous, p",Medicine,36,2,131,False
"rous, p",Medicine,37,1,132,False
"rous, p",Medicine,38,2,134,False
"rous, p",Medicine,39,2,136,False
"rous, p",Medicine,40,2,138,False
"rous, p",Medicine,41,1,139,False
"rous, p",Medicine,42,1,140,False
"rous, p",Medicine,43,2,142,False
"rous, p",Medicine,46,1,143,False
"rous, p",Medicine,48,1,144,False
"rous, p",Medicine,49,1,145,False
"rous, p",Medicine,50,1,146,False
"rous, p",Medicine,51,2,148,False
"rous, p",Medicine,53,1,149,False
"rous, p",Medicine,55,2,151,False
"rous, p",Medicine,56,2,153,False
"rous, p",Medicine,57,1,154,False
"rous, p",Medicine,58,2,156,False
"rowland, f",Chemistry,0,1,1,False
"rowland, f",Chemistry,2,2,3,False
"rowland, f",Chemistry,3,3,6,False
"rowland, f",Chemistry,4,1,7,False
"rowland, f",Chemistry,5,6,13,False
"rowland, f",Chemistry,6,5,18,False
"rowland, f",Chemistry,7,6,24,False
"rowland, f",Chemistry,8,1,25,False
"rowland, f",Chemistry,9,8,33,False
"rowland, f",Chemistry,10,6,39,False
"rowland, f",Chemistry,11,10,49,False
"rowland, f",Chemistry,12,5,54,False
"rowland, f",Chemistry,13,4,58,False
"rowland, f",Chemistry,14,7,65,False
"rowland, f",Chemistry,15,13,78,False
"rowland, f",Chemistry,16,10,88,False
"rowland, f",Chemistry,17,14,102,False
"rowland, f",Chemistry,18,13,115,False
"rowland, f",Chemistry,19,13,128,False
"rowland, f",Chemistry,20,9,137,False
"rowland, f",Chemistry,21,6,143,True
"rowland, f",Chemistry,22,7,150,False
"rowland, f",Chemistry,23,3,153,False
"rowland, f",Chemistry,24,7,160,False
"rowland, f",Chemistry,25,3,163,False
"rowland, f",Chemistry,26,2,165,False
"rowland, f",Chemistry,27,3,168,False
"rowland, f",Chemistry,28,7,175,False
"rowland, f",Chemistry,29,9,184,False
"rowland, f",Chemistry,30,4,188,False
"rowland, f",Chemistry,31,1,189,False
"rowland, f",Chemistry,32,4,193,False
"rowland, f",Chemistry,33,7,200,False
"rowland, f",Chemistry,34,3,203,False
"rowland, f",Chemistry,35,11,214,False
"rowland, f",Chemistry,36,1,215,False
"rowland, f",Chemistry,37,5,220,False
"rowland, f",Chemistry,38,2,222,False
"rowland, f",Chemistry,39,2,224,False
"rowland, f",Chemistry,40,3,227,False
"rowland, f",Chemistry,41,4,231,False
"rowland, f",Chemistry,42,3,234,False
"rowland, f",Chemistry,43,14,248,False
"rowland, f",Chemistry,44,6,254,False
"rowland, f",Chemistry,45,6,260,False
"rowland, f",Chemistry,46,6,266,False
"rowland, f",Chemistry,47,3,269,False
"rowland, f",Chemistry,48,4,273,False
"rowland, f",Chemistry,49,7,280,False
"rowland, f",Chemistry,50,13,293,False
"rowland, f",Chemistry,51,4,297,False
"rowland, f",Chemistry,52,4,301,False
"rowland, f",Chemistry,53,4,305,False
"rowland, f",Chemistry,54,7,312,False
"rowland, f",Chemistry,55,4,316,False
"rowland, f",Chemistry,56,4,320,False
"rowland, f",Chemistry,57,5,325,False
"rowland, f",Chemistry,58,2,327,False
"rowland, f",Chemistry,59,3,330,False
"rubbia, c",Physics,0,1,1,False
"rubbia, c",Physics,1,3,4,False
"rubbia, c",Physics,2,2,6,False
"rubbia, c",Physics,4,2,8,False
"rubbia, c",Physics,7,1,9,False
"rubbia, c",Physics,8,2,11,False
"rubbia, c",Physics,9,7,18,False
"rubbia, c",Physics,10,5,23,False
"rubbia, c",Physics,11,4,27,False
"rubbia, c",Physics,12,3,30,False
"rubbia, c",Physics,13,3,33,False
"rubbia, c",Physics,14,9,42,False
"rubbia, c",Physics,15,12,54,False
"rubbia, c",Physics,16,8,62,False
"rubbia, c",Physics,17,6,68,False
"rubbia, c",Physics,18,9,77,False
"rubbia, c",Physics,19,7,84,False
"rubbia, c",Physics,20,2,86,False
"rubbia, c",Physics,21,5,91,False
"rubbia, c",Physics,22,4,95,False
"rubbia, c",Physics,23,13,108,True
"rubbia, c",Physics,24,9,117,False
"rubbia, c",Physics,25,5,122,False
"rubbia, c",Physics,26,7,129,False
"rubbia, c",Physics,27,11,140,False
"rubbia, c",Physics,28,11,151,False
"rubbia, c",Physics,29,9,160,False
"rubbia, c",Physics,30,6,166,False
"rubbia, c",Physics,31,9,175,False
"rubbia, c",Physics,32,3,178,False
"rubbia, c",Physics,33,8,186,False
"rubbia, c",Physics,34,9,195,False
"rubbia, c",Physics,35,5,200,False
"rubbia, c",Physics,36,3,203,False
"rubbia, c",Physics,37,1,204,False
"rubbia, c",Physics,38,2,206,False
"rubbia, c",Physics,39,3,209,False
"rubbia, c",Physics,40,5,214,False
"rubbia, c",Physics,41,2,216,False
"rubbia, c",Physics,42,2,218,False
"rubbia, c",Physics,43,3,221,False
"rubbia, c",Physics,44,9,230,False
"rubbia, c",Physics,45,4,234,False
"rubbia, c",Physics,46,9,243,False
"rubbia, c",Physics,47,6,249,False
"rubbia, c",Physics,48,8,257,False
"rubbia, c",Physics,49,6,263,False
"rubbia, c",Physics,50,13,276,False
"rubbia, c",Physics,51,18,294,False
"rubbia, c",Physics,52,12,306,False
"rubbia, c",Physics,53,11,317,False
"rubbia, c",Physics,54,26,343,False
"rubbia, c",Physics,55,7,350,False
"rubbia, c",Physics,56,15,365,False
"rubbia, c",Physics,57,18,383,False
"ruska, e",Physics,0,1,1,True
"ruska, e",Physics,7,1,2,False
"ruska, e",Physics,9,1,3,False
"ruska, e",Physics,10,1,4,False
"ruska, e",Physics,12,1,5,False
"ruska, e",Physics,18,1,6,False
"ruska, e",Physics,54,1,7,False
"ruska, e",Physics,55,3,10,False
"rutherford, e",Chemistry,0,2,2,True
"ruzicka, l",Chemistry,0,1,1,False
"ruzicka, l",Chemistry,2,1,2,False
"ruzicka, l",Chemistry,3,4,6,False
"ruzicka, l",Chemistry,4,3,9,True
"ruzicka, l",Chemistry,5,1,10,False
"ruzicka, l",Chemistry,6,3,13,False
"ruzicka, l",Chemistry,7,2,15,False
"ruzicka, l",Chemistry,8,1,16,False
"ruzicka, l",Chemistry,9,3,19,False
"ruzicka, l",Chemistry,12,9,28,False
"ruzicka, l",Chemistry,13,2,30,False
"ruzicka, l",Chemistry,14,4,34,False
"ruzicka, l",Chemistry,15,6,40,False
"ruzicka, l",Chemistry,16,9,49,False
"ruzicka, l",Chemistry,17,8,57,False
"ruzicka, l",Chemistry,18,15,72,False
"ruzicka, l",Chemistry,19,9,81,False
"ruzicka, l",Chemistry,20,7,88,False
"ruzicka, l",Chemistry,21,7,95,False
"ruzicka, l",Chemistry,22,7,102,False
"ruzicka, l",Chemistry,23,10,112,False
"ruzicka, l",Chemistry,24,9,121,False
"ruzicka, l",Chemistry,25,10,131,False
"ruzicka, l",Chemistry,26,11,142,False
"ruzicka, l",Chemistry,27,12,154,False
"ruzicka, l",Chemistry,28,17,171,False
"ruzicka, l",Chemistry,29,19,190,False
"ruzicka, l",Chemistry,30,13,203,False
"ruzicka, l",Chemistry,31,14,217,False
"ruzicka, l",Chemistry,32,8,225,False
"ruzicka, l",Chemistry,33,12,237,False
"ruzicka, l",Chemistry,34,1,238,False
"ruzicka, l",Chemistry,35,3,241,False
"ruzicka, l",Chemistry,36,6,247,False
"ruzicka, l",Chemistry,37,1,248,False
"ruzicka, l",Chemistry,38,3,251,False
"ruzicka, l",Chemistry,52,1,252,False
"ryle, m",Physics,0,1,1,True
"ryle, m",Physics,1,1,2,False
"ryle, m",Physics,2,3,5,False
"ryle, m",Physics,3,2,7,False
"ryle, m",Physics,4,3,10,False
"ryle, m",Physics,5,1,11,False
"ryle, m",Physics,6,2,13,False
"ryle, m",Physics,7,1,14,False
"ryle, m",Physics,9,2,16,False
"ryle, m",Physics,11,1,17,False
"ryle, m",Physics,12,2,19,False
"ryle, m",Physics,13,1,20,False
"ryle, m",Physics,14,2,22,False
"ryle, m",Physics,15,4,26,False
"ryle, m",Physics,16,2,28,False
"ryle, m",Physics,18,1,29,False
"ryle, m",Physics,19,2,31,False
"ryle, m",Physics,20,3,34,False
"ryle, m",Physics,21,3,37,False
"ryle, m",Physics,22,5,42,False
"ryle, m",Physics,23,1,43,False
"ryle, m",Physics,25,1,44,False
"ryle, m",Physics,26,2,46,False
"ryle, m",Physics,27,6,52,False
"ryle, m",Physics,28,2,54,False
"ryle, m",Physics,29,6,60,False
"ryle, m",Physics,30,3,63,False
"ryle, m",Physics,31,3,66,False
"ryle, m",Physics,32,3,69,False
"ryle, m",Physics,33,2,71,False
"ryle, m",Physics,36,1,72,False
"sakmann, b",Medicine,0,3,3,False
"sakmann, b",Medicine,1,2,5,False
"sakmann, b",Medicine,2,1,6,False
"sakmann, b",Medicine,4,1,7,False
"sakmann, b",Medicine,5,2,9,False
"sakmann, b",Medicine,6,3,12,False
"sakmann, b",Medicine,7,2,14,False
"sakmann, b",Medicine,9,5,19,False
"sakmann, b",Medicine,10,1,20,False
"sakmann, b",Medicine,11,3,23,False
"sakmann, b",Medicine,12,4,27,True
"sakmann, b",Medicine,13,2,29,False
"sakmann, b",Medicine,14,4,33,False
"sakmann, b",Medicine,15,3,36,False
"sakmann, b",Medicine,16,2,38,False
"sakmann, b",Medicine,17,4,42,False
"sakmann, b",Medicine,18,4,46,False
"sakmann, b",Medicine,19,4,50,False
"sakmann, b",Medicine,20,3,53,False
"sakmann, b",Medicine,21,14,67,False
"sakmann, b",Medicine,22,5,72,False
"sakmann, b",Medicine,23,17,89,False
"sakmann, b",Medicine,24,3,92,False
"sakmann, b",Medicine,25,5,97,False
"sakmann, b",Medicine,26,13,110,False
"sakmann, b",Medicine,27,10,120,False
"sakmann, b",Medicine,28,7,127,False
"sakmann, b",Medicine,29,9,136,False
"sakmann, b",Medicine,30,10,146,False
"sakmann, b",Medicine,31,5,151,False
"sakmann, b",Medicine,32,5,156,False
"sakmann, b",Medicine,33,6,162,False
"sakmann, b",Medicine,34,9,171,False
"sakmann, b",Medicine,35,6,177,False
"sakmann, b",Medicine,36,5,182,False
"sakmann, b",Medicine,37,6,188,False
"sakmann, b",Medicine,38,12,200,False
"sakmann, b",Medicine,39,9,209,False
"sakmann, b",Medicine,40,7,216,False
"sakmann, b",Medicine,41,5,221,False
"sakmann, b",Medicine,42,8,229,False
"sakmann, b",Medicine,43,4,233,False
"sakmann, b",Medicine,44,2,235,False
"sakmann, b",Medicine,45,1,236,False
"sakmann, b",Medicine,46,5,241,False
"sakmann, b",Medicine,47,2,243,False
"sakmann, b",Medicine,48,5,248,False
"salam, a",Physics,0,1,1,False
"salam, a",Physics,1,3,4,False
"salam, a",Physics,2,3,7,False
"salam, a",Physics,3,4,11,False
"salam, a",Physics,4,2,13,False
"salam, a",Physics,5,6,19,False
"salam, a",Physics,6,3,22,False
"salam, a",Physics,7,3,25,False
"salam, a",Physics,8,8,33,False
"salam, a",Physics,9,4,37,False
"salam, a",Physics,10,4,41,False
"salam, a",Physics,11,11,52,False
"salam, a",Physics,12,5,57,False
"salam, a",Physics,13,2,59,False
"salam, a",Physics,14,10,69,False
"salam, a",Physics,15,5,74,False
"salam, a",Physics,16,7,81,False
"salam, a",Physics,17,6,87,False
"salam, a",Physics,18,3,90,False
"salam, a",Physics,19,8,98,False
"salam, a",Physics,20,6,104,False
"salam, a",Physics,21,6,110,False
"salam, a",Physics,22,5,115,False
"salam, a",Physics,23,7,122,False
"salam, a",Physics,24,12,134,False
"salam, a",Physics,25,16,150,False
"salam, a",Physics,26,7,157,False
"salam, a",Physics,27,10,167,False
"salam, a",Physics,28,13,180,False
"salam, a",Physics,29,7,187,False
"salam, a",Physics,30,6,193,False
"salam, a",Physics,31,2,195,False
"salam, a",Physics,32,4,199,False
"salam, a",Physics,33,9,208,False
"salam, a",Physics,34,6,214,False
"salam, a",Physics,35,5,219,False
"salam, a",Physics,36,4,223,False
"salam, a",Physics,37,3,226,False
"salam, a",Physics,38,3,229,False
"salam, a",Physics,39,3,232,False
"salam, a",Physics,40,3,235,False
"salam, a",Physics,41,4,239,False
"salam, a",Physics,42,1,240,False
"salam, a",Physics,43,2,242,False
"salam, a",Physics,49,2,244,False
"salam, a",Physics,50,2,246,False
"salam, a",Physics,53,1,247,False
"salam, a",Physics,56,1,248,False
"salam, a",Physics,59,1,249,False
samuelss.b,Medicine,0,1,1,False
samuelss.b,Medicine,6,4,5,False
samuelss.b,Medicine,7,3,8,False
samuelss.b,Medicine,8,6,14,False
samuelss.b,Medicine,9,3,17,False
samuelss.b,Medicine,11,4,21,False
samuelss.b,Medicine,12,8,29,False
samuelss.b,Medicine,13,4,33,False
samuelss.b,Medicine,14,5,38,False
samuelss.b,Medicine,15,4,42,False
samuelss.b,Medicine,16,1,43,False
samuelss.b,Medicine,17,9,52,True
samuelss.b,Medicine,18,11,63,False
samuelss.b,Medicine,19,16,79,False
samuelss.b,Medicine,20,2,81,False
samuelss.b,Medicine,21,2,83,False
samuelss.b,Medicine,22,5,88,False
samuelss.b,Medicine,23,19,107,False
samuelss.b,Medicine,24,10,117,False
samuelss.b,Medicine,25,5,122,False
samuelss.b,Medicine,26,6,128,False
samuelss.b,Medicine,27,11,139,False
samuelss.b,Medicine,28,5,144,False
samuelss.b,Medicine,29,8,152,False
samuelss.b,Medicine,30,14,166,False
samuelss.b,Medicine,31,3,169,False
samuelss.b,Medicine,32,3,172,False
samuelss.b,Medicine,33,4,176,False
samuelss.b,Medicine,34,3,179,False
samuelss.b,Medicine,35,4,183,False
samuelss.b,Medicine,36,5,188,False
samuelss.b,Medicine,37,2,190,False
samuelss.b,Medicine,38,7,197,False
samuelss.b,Medicine,39,2,199,False
samuelss.b,Medicine,41,4,203,False
samuelss.b,Medicine,42,2,205,False
samuelss.b,Medicine,43,3,208,False
samuelss.b,Medicine,44,5,213,False
samuelss.b,Medicine,45,8,221,False
samuelss.b,Medicine,46,2,223,False
samuelss.b,Medicine,47,1,224,False
samuelss.b,Medicine,48,4,228,False
samuelss.b,Medicine,49,2,230,False
samuelss.b,Medicine,50,3,233,False
samuelss.b,Medicine,51,1,234,False
samuelss.b,Medicine,52,4,238,False
samuelss.b,Medicine,53,4,242,False
samuelss.b,Medicine,54,2,244,False
samuelss.b,Medicine,55,1,245,False
samuelss.b,Medicine,57,3,248,False
"sancar, a",Chemistry,0,3,3,False
"sancar, a",Chemistry,1,2,5,False
"sancar, a",Chemistry,2,2,7,False
"sancar, a",Chemistry,3,5,12,False
"sancar, a",Chemistry,4,4,16,False
"sancar, a",Chemistry,5,2,18,True
"sancar, a",Chemistry,6,5,23,False
"sancar, a",Chemistry,7,5,28,False
"sancar, a",Chemistry,8,4,32,False
"sancar, a",Chemistry,9,7,39,False
"sancar, a",Chemistry,10,6,45,False
"sancar, a",Chemistry,11,6,51,False
"sancar, a",Chemistry,12,9,60,False
"sancar, a",Chemistry,13,14,74,False
"sancar, a",Chemistry,14,10,84,False
"sancar, a",Chemistry,15,13,97,False
"sancar, a",Chemistry,16,13,110,False
"sancar, a",Chemistry,17,16,126,False
"sancar, a",Chemistry,18,14,140,False
"sancar, a",Chemistry,19,15,155,False
"sancar, a",Chemistry,20,5,160,False
"sancar, a",Chemistry,21,10,170,False
"sancar, a",Chemistry,22,6,176,False
"sancar, a",Chemistry,23,4,180,False
"sancar, a",Chemistry,24,9,189,False
"sancar, a",Chemistry,25,9,198,False
"sancar, a",Chemistry,26,11,209,False
"sancar, a",Chemistry,27,10,219,False
"sancar, a",Chemistry,28,8,227,False
"sancar, a",Chemistry,29,9,236,False
"sancar, a",Chemistry,30,8,244,False
"sancar, a",Chemistry,31,10,254,False
"sancar, a",Chemistry,32,9,263,False
"sancar, a",Chemistry,33,11,274,False
"sancar, a",Chemistry,34,8,282,False
"sancar, a",Chemistry,35,7,289,False
"sancar, a",Chemistry,36,7,296,False
"sancar, a",Chemistry,37,9,305,False
"sancar, a",Chemistry,38,9,314,False
"sancar, a",Chemistry,39,11,325,False
"sanger, f",Chemistry,0,1,1,True
"sanger, f",Chemistry,4,2,3,False
"sanger, f",Chemistry,7,2,5,False
"sanger, f",Chemistry,8,2,7,False
"sanger, f",Chemistry,10,3,10,False
"sanger, f",Chemistry,11,2,12,False
"sanger, f",Chemistry,14,2,14,False
"sanger, f",Chemistry,15,4,18,False
"sanger, f",Chemistry,16,2,20,False
"sanger, f",Chemistry,17,2,22,False
"sanger, f",Chemistry,18,2,24,False
"sanger, f",Chemistry,19,4,28,False
"sanger, f",Chemistry,20,4,32,False
"sanger, f",Chemistry,22,4,36,False
"sanger, f",Chemistry,23,4,40,False
"sanger, f",Chemistry,24,10,50,False
"sanger, f",Chemistry,25,2,52,False
"sanger, f",Chemistry,28,2,54,False
"sanger, f",Chemistry,29,2,56,False
"sanger, f",Chemistry,30,6,62,False
"sanger, f",Chemistry,31,4,66,False
"sanger, f",Chemistry,32,6,72,False
"sanger, f",Chemistry,33,3,75,False
"sanger, f",Chemistry,35,4,79,False
"sanger, f",Chemistry,36,8,87,False
"sanger, f",Chemistry,37,4,91,False
"sanger, f",Chemistry,43,2,93,False
"sanger, f",Chemistry,59,2,95,False
"sauvage, j",Chemistry,0,1,1,False
"sauvage, j",Chemistry,1,4,5,False
"sauvage, j",Chemistry,2,1,6,False
"sauvage, j",Chemistry,3,1,7,False
"sauvage, j",Chemistry,4,3,10,False
"sauvage, j",Chemistry,6,1,11,False
"sauvage, j",Chemistry,7,1,12,False
"sauvage, j",Chemistry,10,2,14,False
"sauvage, j",Chemistry,13,2,16,False
"sauvage, j",Chemistry,14,3,19,True
"sauvage, j",Chemistry,15,3,22,False
"sauvage, j",Chemistry,16,7,29,False
"sauvage, j",Chemistry,17,10,39,False
"sauvage, j",Chemistry,18,8,47,False
"sauvage, j",Chemistry,19,7,54,False
"sauvage, j",Chemistry,20,10,64,False
"sauvage, j",Chemistry,21,13,77,False
"sauvage, j",Chemistry,22,12,89,False
"sauvage, j",Chemistry,23,8,97,False
"sauvage, j",Chemistry,24,16,113,False
"sauvage, j",Chemistry,25,22,135,False
"sauvage, j",Chemistry,26,5,140,False
"sauvage, j",Chemistry,27,22,162,False
"sauvage, j",Chemistry,28,18,180,False
"sauvage, j",Chemistry,29,12,192,False
"sauvage, j",Chemistry,30,18,210,False
"sauvage, j",Chemistry,31,13,223,False
"sauvage, j",Chemistry,32,9,232,False
"sauvage, j",Chemistry,33,11,243,False
"sauvage, j",Chemistry,34,19,262,False
"sauvage, j",Chemistry,35,11,273,False
"sauvage, j",Chemistry,36,9,282,False
"sauvage, j",Chemistry,37,9,291,False
"sauvage, j",Chemistry,38,16,307,False
"sauvage, j",Chemistry,39,9,316,False
"sauvage, j",Chemistry,40,15,331,False
"sauvage, j",Chemistry,41,11,342,False
"sauvage, j",Chemistry,42,16,358,False
"sauvage, j",Chemistry,43,10,368,False
"sauvage, j",Chemistry,44,6,374,False
"sauvage, j",Chemistry,45,7,381,False
"schally, av",Medicine,0,1,1,False
"schally, av",Medicine,1,4,5,False
"schally, av",Medicine,2,3,8,False
"schally, av",Medicine,5,3,11,False
"schally, av",Medicine,6,2,13,False
"schally, av",Medicine,7,1,14,False
"schally, av",Medicine,8,4,18,False
"schally, av",Medicine,9,1,19,False
"schally, av",Medicine,10,10,29,False
"schally, av",Medicine,11,9,38,False
"schally, av",Medicine,12,18,56,False
"schally, av",Medicine,13,29,85,False
"schally, av",Medicine,14,18,103,False
"schally, av",Medicine,15,20,123,True
"schally, av",Medicine,16,25,148,False
"schally, av",Medicine,17,35,183,False
"schally, av",Medicine,18,44,227,False
"schally, av",Medicine,19,52,279,False
"schally, av",Medicine,20,52,331,False
"schally, av",Medicine,21,43,374,False
"schally, av",Medicine,22,48,422,False
"schally, av",Medicine,23,30,452,False
"schally, av",Medicine,24,36,488,False
"schally, av",Medicine,25,18,506,False
"schally, av",Medicine,26,19,525,False
"schally, av",Medicine,27,32,557,False
"schally, av",Medicine,28,21,578,False
"schally, av",Medicine,29,21,599,False
"schally, av",Medicine,30,27,626,False
"schally, av",Medicine,31,32,658,False
"schally, av",Medicine,32,20,678,False
"schally, av",Medicine,33,20,698,False
"schally, av",Medicine,34,19,717,False
"schally, av",Medicine,35,18,735,False
"schally, av",Medicine,36,17,752,False
"schally, av",Medicine,37,13,765,False
"schally, av",Medicine,38,30,795,False
"schally, av",Medicine,39,18,813,False
"schally, av",Medicine,40,29,842,False
"schally, av",Medicine,41,20,862,False
"schally, av",Medicine,42,18,880,False
"schally, av",Medicine,43,19,899,False
"schally, av",Medicine,44,10,909,False
"schally, av",Medicine,45,27,936,False
"schally, av",Medicine,46,25,961,False
"schally, av",Medicine,47,25,986,False
"schally, av",Medicine,48,25,1011,False
"schally, av",Medicine,49,12,1023,False
"schally, av",Medicine,50,13,1036,False
"schally, av",Medicine,51,30,1066,False
"schally, av",Medicine,52,11,1077,False
"schally, av",Medicine,53,10,1087,False
"schally, av",Medicine,54,17,1104,False
"schally, av",Medicine,55,34,1138,False
"schally, av",Medicine,56,27,1165,False
"schally, av",Medicine,57,17,1182,False
"schally, av",Medicine,58,29,1211,False
"schally, av",Medicine,59,31,1242,False
"schally, av",Medicine,60,24,1266,False
"schawlow, al",Physics,0,2,2,False
"schawlow, al",Physics,2,1,3,False
"schawlow, al",Physics,3,2,5,False
"schawlow, al",Physics,4,1,6,False
"schawlow, al",Physics,5,4,10,False
"schawlow, al",Physics,6,1,11,False
"schawlow, al",Physics,9,1,12,True
"schawlow, al",Physics,10,4,16,False
"schawlow, al",Physics,11,2,18,False
"schawlow, al",Physics,12,3,21,False
"schawlow, al",Physics,13,2,23,False
"schawlow, al",Physics,14,5,28,False
"schawlow, al",Physics,15,4,32,False
"schawlow, al",Physics,16,3,35,False
"schawlow, al",Physics,17,2,37,False
"schawlow, al",Physics,18,5,42,False
"schawlow, al",Physics,19,1,43,False
"schawlow, al",Physics,20,3,46,False
"schawlow, al",Physics,21,4,50,False
"schawlow, al",Physics,22,9,59,False
"schawlow, al",Physics,23,5,64,False
"schawlow, al",Physics,24,2,66,False
"schawlow, al",Physics,25,2,68,False
"schawlow, al",Physics,26,4,72,False
"schawlow, al",Physics,27,5,77,False
"schawlow, al",Physics,28,3,80,False
"schawlow, al",Physics,29,2,82,False
"schawlow, al",Physics,30,7,89,False
"schawlow, al",Physics,31,3,92,False
"schawlow, al",Physics,32,6,98,False
"schawlow, al",Physics,33,6,104,False
"schawlow, al",Physics,34,1,105,False
"schawlow, al",Physics,35,6,111,False
"schawlow, al",Physics,36,2,113,False
"schawlow, al",Physics,37,2,115,False
"schawlow, al",Physics,38,3,118,False
"schawlow, al",Physics,39,2,120,False
"schawlow, al",Physics,40,2,122,False
"schawlow, al",Physics,41,2,124,False
"schawlow, al",Physics,43,2,126,False
"schawlow, al",Physics,44,1,127,False
"schawlow, al",Physics,45,1,128,False
"schawlow, al",Physics,46,1,129,False
"schawlow, al",Physics,48,1,130,False
"schekman, r",Medicine,0,2,2,True
"schekman, r",Medicine,1,2,4,False
"schekman, r",Medicine,2,2,6,False
"schekman, r",Medicine,3,4,10,False
"schekman, r",Medicine,4,2,12,False
"schekman, r",Medicine,5,5,17,False
"schekman, r",Medicine,6,4,21,False
"schekman, r",Medicine,7,4,25,False
"schekman, r",Medicine,8,3,28,False
"schekman, r",Medicine,9,9,37,False
"schekman, r",Medicine,10,4,41,False
"schekman, r",Medicine,11,6,47,False
"schekman, r",Medicine,12,8,55,False
"schekman, r",Medicine,13,8,63,False
"schekman, r",Medicine,14,7,70,False
"schekman, r",Medicine,15,8,78,False
"schekman, r",Medicine,16,7,85,False
"schekman, r",Medicine,17,12,97,False
"schekman, r",Medicine,18,7,104,False
"schekman, r",Medicine,19,9,113,False
"schekman, r",Medicine,20,2,115,False
"schekman, r",Medicine,21,5,120,False
"schekman, r",Medicine,22,5,125,False
"schekman, r",Medicine,23,8,133,False
"schekman, r",Medicine,24,3,136,False
"schekman, r",Medicine,25,6,142,False
"schekman, r",Medicine,26,5,147,False
"schekman, r",Medicine,27,3,150,False
"schekman, r",Medicine,28,7,157,False
"schekman, r",Medicine,29,2,159,False
"schekman, r",Medicine,30,4,163,False
"schekman, r",Medicine,31,3,166,False
"schekman, r",Medicine,32,6,172,False
"schekman, r",Medicine,33,6,178,False
"schekman, r",Medicine,34,10,188,False
"schekman, r",Medicine,35,4,192,False
"schmidt, bp",Physics,0,1,1,False
"schmidt, bp",Physics,1,3,4,False
"schmidt, bp",Physics,2,4,8,False
"schmidt, bp",Physics,3,3,11,False
"schmidt, bp",Physics,4,2,13,False
"schmidt, bp",Physics,5,1,14,False
"schmidt, bp",Physics,6,5,19,True
"schmidt, bp",Physics,7,7,26,False
"schmidt, bp",Physics,8,5,31,False
"schmidt, bp",Physics,9,5,36,False
"schmidt, bp",Physics,10,7,43,False
"schmidt, bp",Physics,11,7,50,False
"schmidt, bp",Physics,12,7,57,False
"schmidt, bp",Physics,13,11,68,False
"schmidt, bp",Physics,14,14,82,False
"schmidt, bp",Physics,15,18,100,False
"schmidt, bp",Physics,16,10,110,False
"schmidt, bp",Physics,17,5,115,False
"schmidt, bp",Physics,18,1,116,False
"schmidt, bp",Physics,19,3,119,False
"schmidt, bp",Physics,20,10,129,False
"schmidt, bp",Physics,21,16,145,False
"schmidt, bp",Physics,22,12,157,False
"schmidt, bp",Physics,23,16,173,False
"schmidt, bp",Physics,24,12,185,False
"schmidt, bp",Physics,25,2,187,False
"schrieffer, jr",Physics,0,2,2,True
"schrieffer, jr",Physics,1,1,3,False
"schrieffer, jr",Physics,4,2,5,False
"schrieffer, jr",Physics,5,2,7,False
"schrieffer, jr",Physics,6,3,10,False
"schrieffer, jr",Physics,7,1,11,False
"schrieffer, jr",Physics,9,2,13,False
"schrieffer, jr",Physics,12,1,14,False
"schrieffer, jr",Physics,18,4,18,False
"schrieffer, jr",Physics,21,2,20,False
"schrieffer, jr",Physics,22,1,21,False
"schrieffer, jr",Physics,23,2,23,False
"schrieffer, jr",Physics,24,2,25,False
"schrieffer, jr",Physics,25,2,27,False
"schrieffer, jr",Physics,26,4,31,False
"schrieffer, jr",Physics,27,6,37,False
"schrieffer, jr",Physics,28,3,40,False
"schrieffer, jr",Physics,29,1,41,False
"schrieffer, jr",Physics,30,2,43,False
"schrieffer, jr",Physics,31,5,48,False
"schrieffer, jr",Physics,32,2,50,False
"schrieffer, jr",Physics,33,3,53,False
"schrieffer, jr",Physics,34,3,56,False
"schrieffer, jr",Physics,35,2,58,False
"schrieffer, jr",Physics,36,2,60,False
"schrieffer, jr",Physics,37,3,63,False
"schrieffer, jr",Physics,38,3,66,False
"schrieffer, jr",Physics,40,2,68,False
"schrieffer, jr",Physics,41,6,74,False
"schrieffer, jr",Physics,42,3,77,False
"schrieffer, jr",Physics,44,2,79,False
"schrieffer, jr",Physics,45,2,81,False
"schrieffer, jr",Physics,46,1,82,False
"schrieffer, jr",Physics,47,2,84,False
"schrieffer, jr",Physics,48,1,85,False
"schrock, r",Chemistry,0,1,1,False
"schrock, r",Chemistry,3,1,2,False
"schrock, r",Chemistry,4,3,5,False
"schrock, r",Chemistry,5,4,9,False
"schrock, r",Chemistry,7,2,11,False
"schrock, r",Chemistry,8,5,16,False
"schrock, r",Chemistry,9,5,21,False
"schrock, r",Chemistry,10,14,35,False
"schrock, r",Chemistry,11,2,37,False
"schrock, r",Chemistry,12,15,52,False
"schrock, r",Chemistry,13,16,68,False
"schrock, r",Chemistry,14,17,85,False
"schrock, r",Chemistry,15,20,105,False
"schrock, r",Chemistry,16,25,130,False
"schrock, r",Chemistry,17,20,150,False
"schrock, r",Chemistry,18,21,171,False
"schrock, r",Chemistry,19,16,187,False
"schrock, r",Chemistry,20,17,204,False
"schrock, r",Chemistry,21,12,216,False
"schrock, r",Chemistry,22,20,236,False
"schrock, r",Chemistry,23,14,250,False
"schrock, r",Chemistry,24,20,270,True
"schrock, r",Chemistry,25,28,298,False
"schrock, r",Chemistry,26,22,320,False
"schrock, r",Chemistry,27,22,342,False
"schrock, r",Chemistry,28,17,359,False
"schrock, r",Chemistry,29,13,372,False
"schrock, r",Chemistry,30,16,388,False
"schrock, r",Chemistry,31,12,400,False
"schrock, r",Chemistry,32,15,415,False
"schrock, r",Chemistry,33,14,429,False
"schrock, r",Chemistry,34,9,438,False
"schrock, r",Chemistry,35,20,458,False
"schrock, r",Chemistry,36,9,467,False
"schrock, r",Chemistry,37,14,481,False
"schrock, r",Chemistry,38,14,495,False
"schrock, r",Chemistry,39,13,508,False
"schrock, r",Chemistry,40,30,538,False
"schrock, r",Chemistry,41,21,559,False
"schrock, r",Chemistry,42,18,577,False
"schrock, r",Chemistry,43,20,597,False
"schrock, r",Chemistry,44,28,625,False
"schrock, r",Chemistry,45,15,640,False
"schrock, r",Chemistry,46,14,654,False
"schrock, r",Chemistry,47,21,675,False
"schrock, r",Chemistry,48,10,685,False
"schrock, r",Chemistry,49,13,698,False
"schrock, r",Chemistry,50,13,711,False
"schrock, r",Chemistry,51,11,722,False
"schrodinger, e",Physics,0,2,2,False
"schrodinger, e",Physics,1,8,10,False
"schrodinger, e",Physics,2,3,13,False
"schrodinger, e",Physics,3,1,14,False
"schrodinger, e",Physics,5,2,16,False
"schrodinger, e",Physics,8,3,19,False
"schrodinger, e",Physics,9,2,21,False
"schrodinger, e",Physics,10,1,22,False
"schrodinger, e",Physics,11,1,23,False
"schrodinger, e",Physics,12,3,26,False
"schrodinger, e",Physics,13,1,27,False
"schrodinger, e",Physics,14,4,31,True
"schrodinger, e",Physics,15,3,34,False
"schrodinger, e",Physics,17,2,36,False
"schrodinger, e",Physics,19,1,37,False
"schrodinger, e",Physics,20,1,38,False
"schrodinger, e",Physics,22,1,39,False
"schrodinger, e",Physics,23,4,43,False
"schrodinger, e",Physics,24,4,47,False
"schrodinger, e",Physics,26,3,50,False
"schrodinger, e",Physics,27,1,51,False
"schrodinger, e",Physics,28,1,52,False
"schrodinger, e",Physics,29,1,53,False
"schrodinger, e",Physics,32,1,54,False
"schrodinger, e",Physics,36,1,55,False
"schrodinger, e",Physics,39,2,57,False
"schrodinger, e",Physics,40,3,60,False
"schrodinger, e",Physics,41,2,62,False
"schrodinger, e",Physics,42,1,63,False
"schrodinger, e",Physics,43,6,69,False
"schrodinger, e",Physics,46,1,70,False
"schrodinger, e",Physics,47,2,72,False
"schrodinger, e",Physics,49,1,73,False
"schrodinger, e",Physics,54,1,74,False
"schwartz, m",Physics,0,1,1,False
"schwartz, m",Physics,2,1,2,True
"schwartz, m",Physics,3,1,3,False
"schwartz, m",Physics,5,1,4,False
"schwartz, m",Physics,29,1,5,False
"schwinger, j",Physics,0,2,2,False
"schwinger, j",Physics,2,4,6,False
"schwinger, j",Physics,4,4,10,False
"schwinger, j",Physics,5,4,14,False
"schwinger, j",Physics,6,5,19,False
"schwinger, j",Physics,7,1,20,False
"schwinger, j",Physics,13,6,26,True
"schwinger, j",Physics,14,5,31,False
"schwinger, j",Physics,15,3,34,False
"schwinger, j",Physics,16,4,38,False
"schwinger, j",Physics,17,1,39,False
"schwinger, j",Physics,18,3,42,False
"schwinger, j",Physics,19,4,46,False
"schwinger, j",Physics,21,1,47,False
"schwinger, j",Physics,22,1,48,False
"schwinger, j",Physics,23,2,50,False
"schwinger, j",Physics,24,4,54,False
"schwinger, j",Physics,25,6,60,False
"schwinger, j",Physics,26,4,64,False
"schwinger, j",Physics,27,5,69,False
"schwinger, j",Physics,28,5,74,False
"schwinger, j",Physics,29,6,80,False
"schwinger, j",Physics,30,1,81,False
"schwinger, j",Physics,31,5,86,False
"schwinger, j",Physics,32,3,89,False
"schwinger, j",Physics,33,4,93,False
"schwinger, j",Physics,34,2,95,False
"schwinger, j",Physics,36,2,97,False
"schwinger, j",Physics,38,4,101,False
"schwinger, j",Physics,39,6,107,False
"schwinger, j",Physics,40,10,117,False
"schwinger, j",Physics,41,5,122,False
"schwinger, j",Physics,42,4,126,False
"schwinger, j",Physics,43,3,129,False
"schwinger, j",Physics,44,1,130,False
"schwinger, j",Physics,45,1,131,False
"schwinger, j",Physics,46,1,132,False
"schwinger, j",Physics,47,3,135,False
"schwinger, j",Physics,48,1,136,False
"schwinger, j",Physics,49,3,139,False
"schwinger, j",Physics,50,2,141,False
"schwinger, j",Physics,53,2,143,False
"schwinger, j",Physics,54,3,146,False
"schwinger, j",Physics,55,2,148,False
"schwinger, j",Physics,56,3,151,False
"schwinger, j",Physics,57,3,154,False
"schwinger, j",Physics,58,5,159,False
"schwinger, j",Physics,59,2,161,False
"seaborg, g",Chemistry,0,1,1,False
"seaborg, g",Chemistry,1,3,4,False
"seaborg, g",Chemistry,2,8,12,False
"seaborg, g",Chemistry,3,10,22,False
"seaborg, g",Chemistry,4,7,29,False
"seaborg, g",Chemistry,5,3,32,False
"seaborg, g",Chemistry,10,3,35,True
"seaborg, g",Chemistry,11,4,39,False
"seaborg, g",Chemistry,12,9,48,False
"seaborg, g",Chemistry,13,5,53,False
"seaborg, g",Chemistry,14,17,70,False
"seaborg, g",Chemistry,15,6,76,False
"seaborg, g",Chemistry,16,5,81,False
"seaborg, g",Chemistry,17,2,83,False
"seaborg, g",Chemistry,18,3,86,False
"seaborg, g",Chemistry,19,6,92,False
"seaborg, g",Chemistry,20,6,98,False
"seaborg, g",Chemistry,21,3,101,False
"seaborg, g",Chemistry,22,4,105,False
"seaborg, g",Chemistry,23,5,110,False
"seaborg, g",Chemistry,24,3,113,False
"seaborg, g",Chemistry,25,1,114,False
"seaborg, g",Chemistry,26,4,118,False
"seaborg, g",Chemistry,27,4,122,False
"seaborg, g",Chemistry,28,2,124,False
"seaborg, g",Chemistry,30,3,127,False
"seaborg, g",Chemistry,31,3,130,False
"seaborg, g",Chemistry,32,3,133,False
"seaborg, g",Chemistry,33,1,134,False
"seaborg, g",Chemistry,34,4,138,False
"seaborg, g",Chemistry,35,3,141,False
"seaborg, g",Chemistry,36,7,148,False
"seaborg, g",Chemistry,37,3,151,False
"seaborg, g",Chemistry,38,3,154,False
"seaborg, g",Chemistry,40,3,157,False
"seaborg, g",Chemistry,41,5,162,False
"seaborg, g",Chemistry,42,7,169,False
"seaborg, g",Chemistry,43,4,173,False
"seaborg, g",Chemistry,44,4,177,False
"seaborg, g",Chemistry,45,5,182,False
"seaborg, g",Chemistry,46,3,185,False
"seaborg, g",Chemistry,47,7,192,False
"seaborg, g",Chemistry,48,5,197,False
"seaborg, g",Chemistry,49,3,200,False
"seaborg, g",Chemistry,50,4,204,False
"seaborg, g",Chemistry,51,5,209,False
"seaborg, g",Chemistry,52,6,215,False
"seaborg, g",Chemistry,53,8,223,False
"seaborg, g",Chemistry,54,4,227,False
"seaborg, g",Chemistry,55,1,228,False
"seaborg, g",Chemistry,56,3,231,False
"seaborg, g",Chemistry,57,4,235,False
"seaborg, g",Chemistry,58,7,242,False
"seaborg, g",Chemistry,59,7,249,False
"seaborg, g",Chemistry,60,6,255,False
"segre, e",Physics,0,2,2,False
"segre, e",Physics,1,1,3,False
"segre, e",Physics,2,1,4,False
"segre, e",Physics,3,2,6,False
"segre, e",Physics,4,1,7,False
"segre, e",Physics,7,3,10,False
"segre, e",Physics,8,1,11,False
"segre, e",Physics,9,6,17,False
"segre, e",Physics,10,2,19,False
"segre, e",Physics,16,1,20,False
"segre, e",Physics,17,5,25,False
"segre, e",Physics,19,4,29,False
"segre, e",Physics,24,3,32,False
"segre, e",Physics,25,2,34,True
"segre, e",Physics,26,4,38,False
"segre, e",Physics,27,3,41,False
"segre, e",Physics,28,2,43,False
"segre, e",Physics,30,1,44,False
"segre, e",Physics,51,1,45,False
"sharp, pa",Medicine,0,4,4,False
"sharp, pa",Medicine,2,1,5,False
"sharp, pa",Medicine,4,2,7,False
"sharp, pa",Medicine,5,3,10,False
"sharp, pa",Medicine,6,7,17,False
"sharp, pa",Medicine,7,4,21,False
"sharp, pa",Medicine,8,3,24,False
"sharp, pa",Medicine,9,4,28,True
"sharp, pa",Medicine,10,4,32,False
"sharp, pa",Medicine,11,6,38,False
"sharp, pa",Medicine,12,5,43,False
"sharp, pa",Medicine,13,9,52,False
"sharp, pa",Medicine,14,8,60,False
"sharp, pa",Medicine,15,9,69,False
"sharp, pa",Medicine,16,9,78,False
"sharp, pa",Medicine,17,10,88,False
"sharp, pa",Medicine,18,10,98,False
"sharp, pa",Medicine,19,12,110,False
"sharp, pa",Medicine,20,17,127,False
"sharp, pa",Medicine,21,14,141,False
"sharp, pa",Medicine,22,10,151,False
"sharp, pa",Medicine,23,11,162,False
"sharp, pa",Medicine,24,9,171,False
"sharp, pa",Medicine,25,6,177,False
"sharp, pa",Medicine,26,8,185,False
"sharp, pa",Medicine,27,7,192,False
"sharp, pa",Medicine,28,5,197,False
"sharp, pa",Medicine,29,6,203,False
"sharp, pa",Medicine,30,4,207,False
"sharp, pa",Medicine,31,10,217,False
"sharp, pa",Medicine,32,5,222,False
"sharp, pa",Medicine,33,4,226,False
"sharp, pa",Medicine,34,7,233,False
"sharp, pa",Medicine,35,7,240,False
"sharp, pa",Medicine,36,11,251,False
"sharp, pa",Medicine,37,9,260,False
"sharp, pa",Medicine,38,8,268,False
"sharp, pa",Medicine,39,9,277,False
"sharp, pa",Medicine,40,9,286,False
"sharp, pa",Medicine,41,4,290,False
"sharp, pa",Medicine,42,7,297,False
"sharp, pa",Medicine,43,10,307,False
"sharp, pa",Medicine,44,6,313,False
"sharp, pa",Medicine,45,8,321,False
"sharp, pa",Medicine,46,15,336,False
"sharp, pa",Medicine,47,7,343,False
"sharp, pa",Medicine,48,5,348,False
"sharp, pa",Medicine,49,8,356,False
"sharp, pa",Medicine,50,1,357,False
"sharpless, k",Chemistry,0,1,1,False
"sharpless, k",Chemistry,3,2,3,False
"sharpless, k",Chemistry,4,3,6,False
"sharpless, k",Chemistry,5,3,9,False
"sharpless, k",Chemistry,6,2,11,False
"sharpless, k",Chemistry,7,2,13,False
"sharpless, k",Chemistry,8,4,17,False
"sharpless, k",Chemistry,9,2,19,False
"sharpless, k",Chemistry,11,13,32,False
"sharpless, k",Chemistry,12,11,43,False
"sharpless, k",Chemistry,13,12,55,False
"sharpless, k",Chemistry,14,17,72,False
"sharpless, k",Chemistry,15,5,77,False
"sharpless, k",Chemistry,16,7,84,True
"sharpless, k",Chemistry,17,6,90,False
"sharpless, k",Chemistry,18,10,100,False
"sharpless, k",Chemistry,19,5,105,False
"sharpless, k",Chemistry,20,5,110,False
"sharpless, k",Chemistry,21,12,122,False
"sharpless, k",Chemistry,22,8,130,False
"sharpless, k",Chemistry,23,12,142,False
"sharpless, k",Chemistry,24,11,153,False
"sharpless, k",Chemistry,25,17,170,False
"sharpless, k",Chemistry,26,8,178,False
"sharpless, k",Chemistry,27,10,188,False
"sharpless, k",Chemistry,28,10,198,False
"sharpless, k",Chemistry,29,23,221,False
"sharpless, k",Chemistry,30,18,239,False
"sharpless, k",Chemistry,31,5,244,False
"sharpless, k",Chemistry,32,17,261,False
"sharpless, k",Chemistry,33,9,270,False
"sharpless, k",Chemistry,34,8,278,False
"sharpless, k",Chemistry,35,7,285,False
"sharpless, k",Chemistry,36,4,289,False
"sharpless, k",Chemistry,37,8,297,False
"sharpless, k",Chemistry,38,11,308,False
"sharpless, k",Chemistry,39,8,316,False
"sharpless, k",Chemistry,40,9,325,False
"sharpless, k",Chemistry,41,15,340,False
"sharpless, k",Chemistry,42,8,348,False
"sharpless, k",Chemistry,43,9,357,False
"sharpless, k",Chemistry,44,7,364,False
"sharpless, k",Chemistry,45,8,372,False
"sharpless, k",Chemistry,46,31,403,False
"sharpless, k",Chemistry,47,4,407,False
"sharpless, k",Chemistry,48,3,410,False
"sharpless, k",Chemistry,49,5,415,False
"sharpless, k",Chemistry,50,7,422,False
"sharpless, k",Chemistry,51,4,426,False
"sharpless, k",Chemistry,52,7,433,False
"sharpless, k",Chemistry,53,8,441,False
"sharpless, k",Chemistry,54,2,443,False
"shechtman, d",Chemistry,0,1,1,False
"shechtman, d",Chemistry,2,2,3,False
"shechtman, d",Chemistry,3,1,4,False
"shechtman, d",Chemistry,5,1,5,False
"shechtman, d",Chemistry,7,1,6,False
"shechtman, d",Chemistry,10,1,7,False
"shechtman, d",Chemistry,11,4,11,True
"shechtman, d",Chemistry,12,3,14,False
"shechtman, d",Chemistry,13,6,20,False
"shechtman, d",Chemistry,14,1,21,False
"shechtman, d",Chemistry,15,2,23,False
"shechtman, d",Chemistry,16,1,24,False
"shechtman, d",Chemistry,17,3,27,False
"shechtman, d",Chemistry,18,3,30,False
"shechtman, d",Chemistry,19,4,34,False
"shechtman, d",Chemistry,20,6,40,False
"shechtman, d",Chemistry,21,4,44,False
"shechtman, d",Chemistry,22,1,45,False
"shechtman, d",Chemistry,23,2,47,False
"shechtman, d",Chemistry,24,2,49,False
"shechtman, d",Chemistry,25,4,53,False
"shechtman, d",Chemistry,26,2,55,False
"shechtman, d",Chemistry,27,2,57,False
"shechtman, d",Chemistry,32,1,58,False
"shechtman, d",Chemistry,33,1,59,False
"shechtman, d",Chemistry,38,1,60,False
"shechtman, d",Chemistry,39,1,61,False
"shechtman, d",Chemistry,40,1,62,False
"shechtman, d",Chemistry,41,1,63,False
"shechtman, d",Chemistry,43,1,64,False
"shechtman, d",Chemistry,44,1,65,False
shimomur.o,Chemistry,0,1,1,False
shimomur.o,Chemistry,2,1,2,False
shimomur.o,Chemistry,4,4,6,False
shimomur.o,Chemistry,5,3,9,True
shimomur.o,Chemistry,6,4,13,False
shimomur.o,Chemistry,7,1,14,False
shimomur.o,Chemistry,9,1,15,False
shimomur.o,Chemistry,10,1,16,False
shimomur.o,Chemistry,11,6,22,False
shimomur.o,Chemistry,12,3,25,False
shimomur.o,Chemistry,13,2,27,False
shimomur.o,Chemistry,14,2,29,False
shimomur.o,Chemistry,15,3,32,False
shimomur.o,Chemistry,16,4,36,False
shimomur.o,Chemistry,17,3,39,False
shimomur.o,Chemistry,18,5,44,False
shimomur.o,Chemistry,19,1,45,False
shimomur.o,Chemistry,20,2,47,False
shimomur.o,Chemistry,21,2,49,False
shimomur.o,Chemistry,22,3,52,False
shimomur.o,Chemistry,23,3,55,False
shimomur.o,Chemistry,24,2,57,False
shimomur.o,Chemistry,25,3,60,False
shimomur.o,Chemistry,26,1,61,False
shimomur.o,Chemistry,27,1,62,False
shimomur.o,Chemistry,29,3,65,False
shimomur.o,Chemistry,30,2,67,False
shimomur.o,Chemistry,31,5,72,False
shimomur.o,Chemistry,32,1,73,False
shimomur.o,Chemistry,33,2,75,False
shimomur.o,Chemistry,34,3,78,False
shimomur.o,Chemistry,35,1,79,False
shimomur.o,Chemistry,36,6,85,False
shimomur.o,Chemistry,38,5,90,False
shimomur.o,Chemistry,39,1,91,False
shimomur.o,Chemistry,40,4,95,False
shimomur.o,Chemistry,41,2,97,False
shimomur.o,Chemistry,42,1,98,False
shimomur.o,Chemistry,43,3,101,False
shimomur.o,Chemistry,44,3,104,False
shimomur.o,Chemistry,45,4,108,False
shimomur.o,Chemistry,48,3,111,False
shimomur.o,Chemistry,49,1,112,False
shimomur.o,Chemistry,51,3,115,False
shimomur.o,Chemistry,52,5,120,False
shimomur.o,Chemistry,53,4,124,False
shimomur.o,Chemistry,54,5,129,False
shimomur.o,Chemistry,55,2,131,False
shimomur.o,Chemistry,56,3,134,False
shimomur.o,Chemistry,57,11,145,False
shimomur.o,Chemistry,58,1,146,False
shimomur.o,Chemistry,59,5,151,False
shimomur.o,Chemistry,60,2,153,False
shirakaw.h,Chemistry,0,1,1,False
shirakaw.h,Chemistry,2,1,2,False
shirakaw.h,Chemistry,3,2,4,False
shirakaw.h,Chemistry,4,1,5,False
shirakaw.h,Chemistry,5,1,6,False
shirakaw.h,Chemistry,6,2,8,True
shirakaw.h,Chemistry,7,5,13,False
shirakaw.h,Chemistry,8,4,17,False
shirakaw.h,Chemistry,9,7,24,False
shirakaw.h,Chemistry,10,3,27,False
shirakaw.h,Chemistry,11,10,37,False
shirakaw.h,Chemistry,12,16,53,False
shirakaw.h,Chemistry,13,13,66,False
shirakaw.h,Chemistry,14,15,81,False
shirakaw.h,Chemistry,15,14,95,False
shirakaw.h,Chemistry,16,20,115,False
shirakaw.h,Chemistry,17,4,119,False
shirakaw.h,Chemistry,18,8,127,False
shirakaw.h,Chemistry,19,2,129,False
shirakaw.h,Chemistry,20,11,140,False
shirakaw.h,Chemistry,21,7,147,False
shirakaw.h,Chemistry,22,11,158,False
shirakaw.h,Chemistry,23,5,163,False
shirakaw.h,Chemistry,24,9,172,False
shirakaw.h,Chemistry,25,4,176,False
shirakaw.h,Chemistry,26,21,197,False
shirakaw.h,Chemistry,27,10,207,False
shirakaw.h,Chemistry,28,23,230,False
shirakaw.h,Chemistry,29,8,238,False
shirakaw.h,Chemistry,30,20,258,False
shirakaw.h,Chemistry,31,3,261,False
shirakaw.h,Chemistry,32,2,263,False
shirakaw.h,Chemistry,33,2,265,False
shirakaw.h,Chemistry,34,2,267,False
shirakaw.h,Chemistry,45,1,268,False
"shockley, w",Physics,0,2,2,False
"shockley, w",Physics,1,2,4,False
"shockley, w",Physics,2,4,8,False
"shockley, w",Physics,3,3,11,False
"shockley, w",Physics,10,1,12,False
"shockley, w",Physics,11,2,14,False
"shockley, w",Physics,12,1,15,False
"shockley, w",Physics,13,5,20,True
"shockley, w",Physics,14,8,28,False
"shockley, w",Physics,15,6,34,False
"shockley, w",Physics,16,7,41,False
"shockley, w",Physics,17,4,45,False
"shockley, w",Physics,18,3,48,False
"shockley, w",Physics,21,3,51,False
"shockley, w",Physics,22,4,55,False
"shockley, w",Physics,24,2,57,False
"shockley, w",Physics,25,4,61,False
"shockley, w",Physics,27,2,63,False
"shockley, w",Physics,28,1,64,False
"shockley, w",Physics,29,1,65,False
"shockley, w",Physics,30,2,67,False
"shockley, w",Physics,31,2,69,False
"shockley, w",Physics,32,5,74,False
"shockley, w",Physics,35,1,75,False
"shockley, w",Physics,36,1,76,False
"shockley, w",Physics,37,1,77,False
"shockley, w",Physics,40,1,78,False
"shull, cg",Physics,0,1,1,False
"shull, cg",Physics,6,1,2,False
"shull, cg",Physics,7,1,3,False
"shull, cg",Physics,9,5,8,False
"shull, cg",Physics,10,4,12,False
"shull, cg",Physics,11,3,15,False
"shull, cg",Physics,12,4,19,True
"shull, cg",Physics,13,1,20,False
"shull, cg",Physics,14,1,21,False
"shull, cg",Physics,17,2,23,False
"shull, cg",Physics,18,1,24,False
"shull, cg",Physics,19,1,25,False
"shull, cg",Physics,20,2,27,False
"shull, cg",Physics,21,1,28,False
"shull, cg",Physics,23,1,29,False
"shull, cg",Physics,24,2,31,False
"shull, cg",Physics,25,2,33,False
"shull, cg",Physics,27,3,36,False
"shull, cg",Physics,28,2,38,False
"shull, cg",Physics,29,2,40,False
"shull, cg",Physics,30,2,42,False
"shull, cg",Physics,31,1,43,False
"shull, cg",Physics,32,1,44,False
"shull, cg",Physics,33,2,46,False
"shull, cg",Physics,34,4,50,False
"shull, cg",Physics,36,2,52,False
"shull, cg",Physics,40,1,53,False
"shull, cg",Physics,41,2,55,False
"shull, cg",Physics,42,1,56,False
"shull, cg",Physics,43,1,57,False
"shull, cg",Physics,44,1,58,False
"shull, cg",Physics,45,3,61,False
"shull, cg",Physics,46,1,62,False
"shull, cg",Physics,47,3,65,False
"shull, cg",Physics,49,2,67,False
"shull, cg",Physics,56,1,68,False
"shull, cg",Physics,57,2,70,False
"siegbahn, k",Physics,0,1,1,False
"siegbahn, k",Physics,2,1,2,False
"siegbahn, k",Physics,3,3,5,False
"siegbahn, k",Physics,4,2,7,False
"siegbahn, k",Physics,10,3,10,True
"siegbahn, k",Physics,11,1,11,False
"siegbahn, k",Physics,12,2,13,False
"siegbahn, k",Physics,14,3,16,False
"siegbahn, k",Physics,15,1,17,False
"siegbahn, k",Physics,16,1,18,False
"siegbahn, k",Physics,18,5,23,False
"siegbahn, k",Physics,19,2,25,False
"siegbahn, k",Physics,20,11,36,False
"siegbahn, k",Physics,21,5,41,False
"siegbahn, k",Physics,22,3,44,False
"siegbahn, k",Physics,23,1,45,False
"siegbahn, k",Physics,24,11,56,False
"siegbahn, k",Physics,25,3,59,False
"siegbahn, k",Physics,26,10,69,False
"siegbahn, k",Physics,27,10,79,False
"siegbahn, k",Physics,28,7,86,False
"siegbahn, k",Physics,29,5,91,False
"siegbahn, k",Physics,30,11,102,False
"siegbahn, k",Physics,31,13,115,False
"siegbahn, k",Physics,32,5,120,False
"siegbahn, k",Physics,33,3,123,False
"siegbahn, k",Physics,34,3,126,False
"siegbahn, k",Physics,35,2,128,False
"siegbahn, k",Physics,36,8,136,False
"siegbahn, k",Physics,37,4,140,False
"siegbahn, k",Physics,38,4,144,False
"siegbahn, k",Physics,39,2,146,False
"siegbahn, k",Physics,40,4,150,False
"siegbahn, k",Physics,44,1,151,False
"siegbahn, k",Physics,45,1,152,False
"siegbahn, k",Physics,46,1,153,False
"siegbahn, k",Physics,50,1,154,False
"siegbahn, k",Physics,54,3,157,False
"siegbahn, k",Physics,55,2,159,False
"siegbahn, k",Physics,56,2,161,False
"siegbahn, k",Physics,57,3,164,False
"siegbahn, k",Physics,58,1,165,False
"siegbahn, k",Physics,59,1,166,False
"siegbahn, m",Physics,0,4,4,True
"skou, j",Chemistry,0,1,1,True
"skou, j",Chemistry,1,1,2,False
"skou, j",Chemistry,2,2,4,False
"skou, j",Chemistry,3,1,5,False
"skou, j",Chemistry,4,1,6,False
"skou, j",Chemistry,5,1,7,False
"skou, j",Chemistry,6,1,8,False
"skou, j",Chemistry,7,1,9,False
"skou, j",Chemistry,8,2,11,False
"skou, j",Chemistry,10,1,12,False
"skou, j",Chemistry,12,2,14,False
"skou, j",Chemistry,14,3,17,False
"skou, j",Chemistry,16,2,19,False
"skou, j",Chemistry,17,5,24,False
"skou, j",Chemistry,18,1,25,False
"skou, j",Chemistry,20,1,26,False
"skou, j",Chemistry,22,3,29,False
"skou, j",Chemistry,23,3,32,False
"skou, j",Chemistry,24,1,33,False
"skou, j",Chemistry,25,2,35,False
"skou, j",Chemistry,26,3,38,False
"skou, j",Chemistry,27,3,41,False
"skou, j",Chemistry,28,3,44,False
"skou, j",Chemistry,30,1,45,False
"skou, j",Chemistry,31,2,47,False
"skou, j",Chemistry,32,1,48,False
"skou, j",Chemistry,33,1,49,False
"skou, j",Chemistry,34,1,50,False
"skou, j",Chemistry,35,1,51,False
"skou, j",Chemistry,41,2,53,False
"skou, j",Chemistry,46,1,54,False
"skou, j",Chemistry,47,1,55,False
"skou, j",Chemistry,58,1,56,False
"smalley, r",Chemistry,0,1,1,False
"smalley, r",Chemistry,24,1,2,False
"smalley, r",Chemistry,25,1,3,False
"smalley, r",Chemistry,26,3,6,False
"smalley, r",Chemistry,27,6,12,False
"smalley, r",Chemistry,28,4,16,False
"smalley, r",Chemistry,29,10,26,False
"smalley, r",Chemistry,30,12,38,False
"smalley, r",Chemistry,31,15,53,False
"smalley, r",Chemistry,32,8,61,False
"smalley, r",Chemistry,33,8,69,False
"smalley, r",Chemistry,34,4,73,False
"smalley, r",Chemistry,35,10,83,True
"smalley, r",Chemistry,36,14,97,False
"smalley, r",Chemistry,37,7,104,False
"smalley, r",Chemistry,38,9,113,False
"smalley, r",Chemistry,40,8,121,False
"smalley, r",Chemistry,41,21,142,False
"smalley, r",Chemistry,42,15,157,False
"smalley, r",Chemistry,43,12,169,False
"smalley, r",Chemistry,44,7,176,False
"smalley, r",Chemistry,45,7,183,False
"smalley, r",Chemistry,46,3,186,False
"smalley, r",Chemistry,47,17,203,False
"smalley, r",Chemistry,48,24,227,False
"smalley, r",Chemistry,49,12,239,False
"smalley, r",Chemistry,50,10,249,False
"smalley, r",Chemistry,51,17,266,False
"smalley, r",Chemistry,52,10,276,False
"smalley, r",Chemistry,53,22,298,False
"smalley, r",Chemistry,54,15,313,False
"smalley, r",Chemistry,55,18,331,False
"smalley, r",Chemistry,56,13,344,False
"smalley, r",Chemistry,57,10,354,False
"smalley, r",Chemistry,58,1,355,False
"smalley, r",Chemistry,59,2,357,False
"smalley, r",Chemistry,60,17,374,False
"smith, ge",Physics,0,1,1,False
"smith, ge",Physics,6,3,4,True
"smith, ge",Physics,7,2,6,False
"smith, ge",Physics,8,1,7,False
"smith, ge",Physics,10,1,8,False
"smith, ge",Physics,12,1,9,False
"smith, ge",Physics,37,1,10,False
"smith, ge",Physics,45,1,11,False
"smith, ge",Physics,46,1,12,False
"smith, ge",Physics,47,2,14,False
"smith, ho",Medicine,0,2,2,False
"smith, ho",Medicine,2,2,4,False
"smith, ho",Medicine,3,3,7,False
"smith, ho",Medicine,4,5,12,False
"smith, ho",Medicine,6,2,14,False
"smith, ho",Medicine,7,1,15,False
"smith, ho",Medicine,8,3,18,False
"smith, ho",Medicine,9,1,19,False
"smith, ho",Medicine,10,4,23,False
"smith, ho",Medicine,11,5,28,False
"smith, ho",Medicine,12,1,29,False
"smith, ho",Medicine,13,1,30,False
"smith, ho",Medicine,14,8,38,False
"smith, ho",Medicine,15,1,39,False
"smith, ho",Medicine,16,6,45,True
"smith, ho",Medicine,17,4,49,False
"smith, ho",Medicine,18,6,55,False
"smith, ho",Medicine,19,4,59,False
"smith, ho",Medicine,20,4,63,False
"smith, ho",Medicine,21,3,66,False
"smith, ho",Medicine,22,8,74,False
"smith, ho",Medicine,23,12,86,False
"smith, ho",Medicine,24,9,95,False
"smith, ho",Medicine,25,11,106,False
"smith, ho",Medicine,26,11,117,False
"smith, ho",Medicine,27,7,124,False
"smith, ho",Medicine,28,12,136,False
"smith, ho",Medicine,29,11,147,False
"smith, ho",Medicine,30,9,156,False
"smith, ho",Medicine,31,6,162,False
"smith, ho",Medicine,32,5,167,False
"smith, ho",Medicine,33,5,172,False
"smith, ho",Medicine,34,12,184,False
"smith, ho",Medicine,35,7,191,False
"smith, ho",Medicine,36,6,197,False
"smith, ho",Medicine,37,6,203,False
"smith, ho",Medicine,38,5,208,False
"smith, ho",Medicine,39,3,211,False
"smith, ho",Medicine,40,3,214,False
"smith, ho",Medicine,41,5,219,False
"smith, ho",Medicine,42,4,223,False
"smith, ho",Medicine,43,6,229,False
"smith, ho",Medicine,44,9,238,False
"smith, ho",Medicine,45,6,244,False
"smith, ho",Medicine,46,9,253,False
"smith, ho",Medicine,47,4,257,False
"smith, ho",Medicine,48,8,265,False
"smith, ho",Medicine,49,6,271,False
"smith, ho",Medicine,50,1,272,False
"smith, ho",Medicine,51,6,278,False
"smith, ho",Medicine,52,1,279,False
"smith, ho",Medicine,53,2,281,False
"smith, ho",Medicine,54,2,283,False
"smith, ho",Medicine,55,5,288,False
"smith, ho",Medicine,56,3,291,False
"smith, ho",Medicine,57,5,296,False
"smith, ho",Medicine,58,3,299,False
"smith, ho",Medicine,59,3,302,False
"smith, ho",Medicine,60,3,305,False
"smith, m",Chemistry,0,1,1,False
"smith, m",Chemistry,1,3,4,False
"smith, m",Chemistry,2,1,5,False
"smith, m",Chemistry,4,1,6,False
"smith, m",Chemistry,5,1,7,False
"smith, m",Chemistry,6,2,9,False
"smith, m",Chemistry,7,4,13,False
"smith, m",Chemistry,8,1,14,False
"smith, m",Chemistry,9,4,18,False
"smith, m",Chemistry,10,1,19,False
"smith, m",Chemistry,11,1,20,False
"smith, m",Chemistry,12,5,25,False
"smith, m",Chemistry,13,2,27,False
"smith, m",Chemistry,14,4,31,False
"smith, m",Chemistry,15,2,33,False
"smith, m",Chemistry,16,4,37,False
"smith, m",Chemistry,17,3,40,False
"smith, m",Chemistry,18,7,47,False
"smith, m",Chemistry,19,5,52,False
"smith, m",Chemistry,20,9,61,True
"smith, m",Chemistry,21,5,66,False
"smith, m",Chemistry,22,9,75,False
"smith, m",Chemistry,23,7,82,False
"smith, m",Chemistry,24,9,91,False
"smith, m",Chemistry,25,7,98,False
"smith, m",Chemistry,26,6,104,False
"smith, m",Chemistry,27,6,110,False
"smith, m",Chemistry,28,9,119,False
"smith, m",Chemistry,29,10,129,False
"smith, m",Chemistry,30,3,132,False
"smith, m",Chemistry,31,5,137,False
"smith, m",Chemistry,32,8,145,False
"smith, m",Chemistry,33,4,149,False
"smith, m",Chemistry,34,8,157,False
"smith, m",Chemistry,35,2,159,False
"smith, m",Chemistry,36,3,162,False
"smith, m",Chemistry,37,12,174,False
"smith, m",Chemistry,38,2,176,False
"smith, m",Chemistry,39,4,180,False
"smith, m",Chemistry,40,5,185,False
"smith, m",Chemistry,41,1,186,False
"smith, m",Chemistry,45,1,187,False
"smith, m",Chemistry,46,1,188,False
"smith, m",Chemistry,51,1,189,False
"smith, m",Chemistry,55,1,190,False
"smith, m",Chemistry,57,1,191,False
"smith, m",Chemistry,58,1,192,False
"smithies, o",Medicine,0,1,1,False
"smithies, o",Medicine,7,2,3,False
"smithies, o",Medicine,8,2,5,False
"smithies, o",Medicine,9,2,7,False
"smithies, o",Medicine,10,2,9,False
"smithies, o",Medicine,14,2,11,False
"smithies, o",Medicine,15,3,14,False
"smithies, o",Medicine,16,2,16,False
"smithies, o",Medicine,17,2,18,False
"smithies, o",Medicine,18,3,21,False
"smithies, o",Medicine,19,2,23,False
"smithies, o",Medicine,20,3,26,False
"smithies, o",Medicine,21,2,28,False
"smithies, o",Medicine,22,1,29,False
"smithies, o",Medicine,23,3,32,False
"smithies, o",Medicine,24,3,35,False
"smithies, o",Medicine,25,1,36,False
"smithies, o",Medicine,26,3,39,False
"smithies, o",Medicine,27,2,41,False
"smithies, o",Medicine,28,3,44,False
"smithies, o",Medicine,29,4,48,False
"smithies, o",Medicine,30,5,53,False
"smithies, o",Medicine,31,1,54,False
"smithies, o",Medicine,32,3,57,False
"smithies, o",Medicine,33,3,60,False
"smithies, o",Medicine,34,3,63,False
"smithies, o",Medicine,35,3,66,False
"smithies, o",Medicine,36,5,71,True
"smithies, o",Medicine,37,3,74,False
"smithies, o",Medicine,38,5,79,False
"smithies, o",Medicine,39,3,82,False
"smithies, o",Medicine,40,4,86,False
"smithies, o",Medicine,41,3,89,False
"smithies, o",Medicine,42,4,93,False
"smithies, o",Medicine,43,7,100,False
"smithies, o",Medicine,44,5,105,False
"smithies, o",Medicine,45,6,111,False
"smithies, o",Medicine,46,2,113,False
"smithies, o",Medicine,47,13,126,False
"smithies, o",Medicine,48,8,134,False
"smithies, o",Medicine,49,11,145,False
"smithies, o",Medicine,50,10,155,False
"smithies, o",Medicine,51,9,164,False
"smithies, o",Medicine,52,9,173,False
"smithies, o",Medicine,53,9,182,False
"smithies, o",Medicine,54,11,193,False
"smithies, o",Medicine,55,6,199,False
"smithies, o",Medicine,56,11,210,False
"smithies, o",Medicine,57,9,219,False
"smithies, o",Medicine,58,11,230,False
"smithies, o",Medicine,59,7,237,False
"smithies, o",Medicine,60,4,241,False
"smoot, gf",Physics,0,1,1,False
"smoot, gf",Physics,1,2,3,False
"smoot, gf",Physics,2,2,5,False
"smoot, gf",Physics,3,4,9,False
"smoot, gf",Physics,5,1,10,False
"smoot, gf",Physics,6,2,12,False
"smoot, gf",Physics,7,3,15,False
"smoot, gf",Physics,8,2,17,False
"smoot, gf",Physics,9,2,19,False
"smoot, gf",Physics,11,3,22,False
"smoot, gf",Physics,12,5,27,False
"smoot, gf",Physics,13,3,30,False
"smoot, gf",Physics,14,2,32,False
"smoot, gf",Physics,15,4,36,False
"smoot, gf",Physics,16,4,40,False
"smoot, gf",Physics,17,3,43,False
"smoot, gf",Physics,18,7,50,False
"smoot, gf",Physics,19,4,54,False
"smoot, gf",Physics,20,13,67,True
"smoot, gf",Physics,21,10,77,False
"smoot, gf",Physics,22,16,93,False
"smoot, gf",Physics,23,14,107,False
"smoot, gf",Physics,24,16,123,False
"smoot, gf",Physics,25,3,126,False
"smoot, gf",Physics,26,3,129,False
"smoot, gf",Physics,27,2,131,False
"smoot, gf",Physics,28,7,138,False
"smoot, gf",Physics,29,8,146,False
"smoot, gf",Physics,30,4,150,False
"smoot, gf",Physics,31,7,157,False
"smoot, gf",Physics,32,4,161,False
"smoot, gf",Physics,33,1,162,False
"smoot, gf",Physics,34,3,165,False
"smoot, gf",Physics,35,5,170,False
"smoot, gf",Physics,36,2,172,False
"smoot, gf",Physics,37,2,174,False
"smoot, gf",Physics,38,6,180,False
"smoot, gf",Physics,39,26,206,False
"smoot, gf",Physics,40,1,207,False
"smoot, gf",Physics,41,15,222,False
"smoot, gf",Physics,42,7,229,False
"smoot, gf",Physics,44,5,234,False
"smoot, gf",Physics,45,2,236,False
"smoot, gf",Physics,46,1,237,False
"snell, gd",Medicine,0,1,1,False
"snell, gd",Medicine,1,1,2,False
"snell, gd",Medicine,2,3,5,False
"snell, gd",Medicine,3,3,8,False
"snell, gd",Medicine,5,1,9,False
"snell, gd",Medicine,6,2,11,False
"snell, gd",Medicine,7,2,13,False
"snell, gd",Medicine,8,5,18,False
"snell, gd",Medicine,9,2,20,False
"snell, gd",Medicine,10,4,24,False
"snell, gd",Medicine,11,1,25,False
"snell, gd",Medicine,12,4,29,False
"snell, gd",Medicine,13,2,31,False
"snell, gd",Medicine,14,2,33,True
"snell, gd",Medicine,15,9,42,False
"snell, gd",Medicine,16,6,48,False
"snell, gd",Medicine,17,3,51,False
"snell, gd",Medicine,18,2,53,False
"snell, gd",Medicine,19,3,56,False
"snell, gd",Medicine,20,4,60,False
"snell, gd",Medicine,21,3,63,False
"snell, gd",Medicine,22,2,65,False
"snell, gd",Medicine,24,3,68,False
"snell, gd",Medicine,25,3,71,False
"snell, gd",Medicine,26,1,72,False
"snell, gd",Medicine,27,2,74,False
"snell, gd",Medicine,28,4,78,False
"snell, gd",Medicine,29,5,83,False
"snell, gd",Medicine,30,7,90,False
"snell, gd",Medicine,32,3,93,False
"snell, gd",Medicine,33,2,95,False
"snell, gd",Medicine,34,4,99,False
"snell, gd",Medicine,35,1,100,False
"snell, gd",Medicine,36,2,102,False
"snell, gd",Medicine,37,1,103,False
"snell, gd",Medicine,38,4,107,False
"snell, gd",Medicine,39,3,110,False
"snell, gd",Medicine,40,1,111,False
"snell, gd",Medicine,41,2,113,False
"snell, gd",Medicine,45,1,114,False
"snell, gd",Medicine,49,2,116,False
"snell, gd",Medicine,50,1,117,False
"snell, gd",Medicine,51,3,120,False
"snell, gd",Medicine,52,4,124,False
"snell, gd",Medicine,55,1,125,False
"soddy, f",Chemistry,0,3,3,False
"soddy, f",Chemistry,1,3,6,False
"soddy, f",Chemistry,2,3,9,False
"soddy, f",Chemistry,3,3,12,False
"soddy, f",Chemistry,4,1,13,False
"soddy, f",Chemistry,5,1,14,False
"soddy, f",Chemistry,6,1,15,False
"soddy, f",Chemistry,7,7,22,False
"soddy, f",Chemistry,8,3,25,False
"soddy, f",Chemistry,9,1,26,False
"soddy, f",Chemistry,11,3,29,True
"soddy, f",Chemistry,12,1,30,False
"soddy, f",Chemistry,13,1,31,False
"soddy, f",Chemistry,14,2,33,False
"soddy, f",Chemistry,15,2,35,False
"soddy, f",Chemistry,16,3,38,False
"soddy, f",Chemistry,17,8,46,False
"soddy, f",Chemistry,18,6,52,False
"soddy, f",Chemistry,19,1,53,False
"soddy, f",Chemistry,20,1,54,False
"soddy, f",Chemistry,21,4,58,False
"soddy, f",Chemistry,22,1,59,False
"soddy, f",Chemistry,25,2,61,False
"soddy, f",Chemistry,28,1,62,False
"soddy, f",Chemistry,29,3,65,False
"soddy, f",Chemistry,30,1,66,False
"soddy, f",Chemistry,31,2,68,False
"soddy, f",Chemistry,33,1,69,False
"soddy, f",Chemistry,35,1,70,False
"soddy, f",Chemistry,36,2,72,False
"soddy, f",Chemistry,38,1,73,False
"spemann, h",Medicine,0,1,1,False
"spemann, h",Medicine,1,1,2,False
"spemann, h",Medicine,3,1,3,False
"spemann, h",Medicine,6,1,4,True
"spemann, h",Medicine,9,3,7,False
"sperry, rw",Medicine,0,1,1,False
"sperry, rw",Medicine,1,1,2,False
"sperry, rw",Medicine,2,1,3,False
"sperry, rw",Medicine,3,1,4,False
"sperry, rw",Medicine,4,4,8,False
"sperry, rw",Medicine,5,1,9,False
"sperry, rw",Medicine,6,4,13,False
"sperry, rw",Medicine,8,3,16,False
"sperry, rw",Medicine,9,2,18,False
"sperry, rw",Medicine,10,2,20,False
"sperry, rw",Medicine,11,1,21,False
"sperry, rw",Medicine,16,2,23,False
"sperry, rw",Medicine,17,2,25,False
"sperry, rw",Medicine,19,2,27,False
"sperry, rw",Medicine,20,2,29,False
"sperry, rw",Medicine,21,1,30,False
"sperry, rw",Medicine,22,1,31,False
"sperry, rw",Medicine,23,2,33,False
"sperry, rw",Medicine,24,5,38,True
"sperry, rw",Medicine,25,1,39,False
"sperry, rw",Medicine,26,1,40,False
"sperry, rw",Medicine,27,3,43,False
"sperry, rw",Medicine,28,2,45,False
"sperry, rw",Medicine,29,4,49,False
"sperry, rw",Medicine,30,3,52,False
"sperry, rw",Medicine,31,2,54,False
"sperry, rw",Medicine,32,4,58,False
"sperry, rw",Medicine,33,2,60,False
"sperry, rw",Medicine,34,5,65,False
"sperry, rw",Medicine,35,3,68,False
"sperry, rw",Medicine,36,3,71,False
"sperry, rw",Medicine,37,1,72,False
"sperry, rw",Medicine,38,5,77,False
"sperry, rw",Medicine,39,1,78,False
"sperry, rw",Medicine,40,3,81,False
"sperry, rw",Medicine,41,2,83,False
"sperry, rw",Medicine,42,2,85,False
"sperry, rw",Medicine,43,3,88,False
"sperry, rw",Medicine,44,1,89,False
"sperry, rw",Medicine,45,2,91,False
"sperry, rw",Medicine,46,2,93,False
"sperry, rw",Medicine,47,3,96,False
"sperry, rw",Medicine,49,1,97,False
"sperry, rw",Medicine,52,1,98,False
"sperry, rw",Medicine,53,1,99,False
"sperry, rw",Medicine,54,1,100,False
"sperry, rw",Medicine,55,1,101,False
"sperry, rw",Medicine,56,2,103,False
"sperry, rw",Medicine,59,1,104,False
"stanley, w",Chemistry,0,1,1,False
"stanley, w",Chemistry,2,2,3,True
"stanley, w",Chemistry,3,2,5,False
"stanley, w",Chemistry,4,6,11,False
"stanley, w",Chemistry,5,4,15,False
"stanley, w",Chemistry,6,1,16,False
"stanley, w",Chemistry,7,3,19,False
"stanley, w",Chemistry,8,3,22,False
"stanley, w",Chemistry,10,6,28,False
"stanley, w",Chemistry,11,3,31,False
"stanley, w",Chemistry,13,1,32,False
"stanley, w",Chemistry,20,1,33,False
"stanley, w",Chemistry,24,2,35,False
"stanley, w",Chemistry,26,1,36,False
"stark, j",Physics,0,1,1,False
"stark, j",Physics,9,1,2,False
"stark, j",Physics,10,5,7,True
"stark, j",Physics,12,1,8,False
"stark, j",Physics,13,1,9,False
"stark, j",Physics,14,1,10,False
"stark, j",Physics,24,3,13,False
"stark, j",Physics,25,3,16,False
"stark, j",Physics,26,5,21,False
"staudinger, h",Chemistry,0,2,2,False
"staudinger, h",Chemistry,1,1,3,False
"staudinger, h",Chemistry,2,1,4,False
"staudinger, h",Chemistry,3,1,5,False
"staudinger, h",Chemistry,6,1,6,False
"staudinger, h",Chemistry,9,1,7,False
"staudinger, h",Chemistry,14,4,11,True
"staudinger, h",Chemistry,15,4,15,False
"staudinger, h",Chemistry,16,3,18,False
"staudinger, h",Chemistry,17,1,19,False
"staudinger, h",Chemistry,18,1,20,False
"staudinger, h",Chemistry,19,4,24,False
"staudinger, h",Chemistry,20,6,30,False
"staudinger, h",Chemistry,22,2,32,False
"staudinger, h",Chemistry,23,3,35,False
"staudinger, h",Chemistry,24,13,48,False
"staudinger, h",Chemistry,25,15,63,False
"staudinger, h",Chemistry,26,5,68,False
"staudinger, h",Chemistry,27,3,71,False
"staudinger, h",Chemistry,29,4,75,False
"staudinger, h",Chemistry,30,10,85,False
"staudinger, h",Chemistry,31,12,97,False
"staudinger, h",Chemistry,32,16,113,False
"staudinger, h",Chemistry,33,5,118,False
"staudinger, h",Chemistry,34,2,120,False
"staudinger, h",Chemistry,35,2,122,False
"staudinger, h",Chemistry,36,2,124,False
"staudinger, h",Chemistry,37,3,127,False
"staudinger, h",Chemistry,38,1,128,False
"staudinger, h",Chemistry,39,1,129,False
"staudinger, h",Chemistry,41,1,130,False
"staudinger, h",Chemistry,45,1,131,False
"staudinger, h",Chemistry,46,3,134,False
"staudinger, h",Chemistry,47,4,138,False
"staudinger, h",Chemistry,48,1,139,False
"staudinger, h",Chemistry,49,2,141,False
"staudinger, h",Chemistry,50,1,142,False
"staudinger, h",Chemistry,51,2,144,False
"staudinger, h",Chemistry,55,1,145,False
"staudinger, h",Chemistry,56,1,146,False
"staudinger, h",Chemistry,57,1,147,False
"staudinger, h",Chemistry,59,1,148,False
"stein, w",Chemistry,0,1,1,False
"stein, w",Chemistry,4,2,3,False
"stein, w",Chemistry,8,4,7,False
"stein, w",Chemistry,10,1,8,False
"stein, w",Chemistry,12,1,9,False
"stein, w",Chemistry,13,3,12,False
"stein, w",Chemistry,16,3,15,False
"stein, w",Chemistry,19,1,16,False
"stein, w",Chemistry,20,2,18,True
"stein, w",Chemistry,22,1,19,False
"stein, w",Chemistry,23,1,20,False
"stein, w",Chemistry,24,1,21,False
"stein, w",Chemistry,25,1,22,False
"stein, w",Chemistry,27,1,23,False
"stein, w",Chemistry,35,2,25,False
"stein, w",Chemistry,36,1,26,False
"steinberger, j",Physics,0,1,1,False
"steinberger, j",Physics,1,2,3,False
"steinberger, j",Physics,2,6,9,False
"steinberger, j",Physics,3,5,14,False
"steinberger, j",Physics,4,3,17,False
"steinberger, j",Physics,5,4,21,False
"steinberger, j",Physics,6,3,24,False
"steinberger, j",Physics,8,1,25,False
"steinberger, j",Physics,9,4,29,False
"steinberger, j",Physics,10,5,34,False
"steinberger, j",Physics,11,1,35,False
"steinberger, j",Physics,14,5,40,True
"steinberger, j",Physics,15,3,43,False
"steinberger, j",Physics,16,2,45,False
"steinberger, j",Physics,17,6,51,False
"steinberger, j",Physics,19,2,53,False
"steinberger, j",Physics,20,3,56,False
"steinberger, j",Physics,21,1,57,False
"steinberger, j",Physics,22,1,58,False
"steinberger, j",Physics,23,1,59,False
"steinberger, j",Physics,24,1,60,False
"steinberger, j",Physics,25,2,62,False
"steinberger, j",Physics,26,5,67,False
"steinberger, j",Physics,27,1,68,False
"steinberger, j",Physics,28,4,72,False
"steinberger, j",Physics,29,6,78,False
"steinberger, j",Physics,30,7,85,False
"steinberger, j",Physics,31,5,90,False
"steinberger, j",Physics,33,2,92,False
"steinberger, j",Physics,34,6,98,False
"steinberger, j",Physics,35,1,99,False
"steinberger, j",Physics,36,2,101,False
"steinberger, j",Physics,37,1,102,False
"steinberger, j",Physics,38,1,103,False
"steinberger, j",Physics,39,2,105,False
"steinberger, j",Physics,40,3,108,False
"steinberger, j",Physics,41,2,110,False
"steinberger, j",Physics,42,4,114,False
"steinberger, j",Physics,43,9,123,False
"steinberger, j",Physics,44,10,133,False
"steinberger, j",Physics,45,16,149,False
"steinberger, j",Physics,46,10,159,False
"steinberger, j",Physics,47,25,184,False
"steinberger, j",Physics,48,26,210,False
"steinberger, j",Physics,49,25,235,False
"steinberger, j",Physics,50,9,244,False
"steinberger, j",Physics,52,1,245,False
"steinman, rm",Medicine,0,2,2,False
"steinman, rm",Medicine,1,1,3,True
"steinman, rm",Medicine,2,2,5,False
"steinman, rm",Medicine,4,1,6,False
"steinman, rm",Medicine,6,5,11,False
"steinman, rm",Medicine,7,1,12,False
"steinman, rm",Medicine,8,8,20,False
"steinman, rm",Medicine,9,1,21,False
"steinman, rm",Medicine,10,6,27,False
"steinman, rm",Medicine,11,10,37,False
"steinman, rm",Medicine,12,5,42,False
"steinman, rm",Medicine,13,9,51,False
"steinman, rm",Medicine,14,5,56,False
"steinman, rm",Medicine,15,8,64,False
"steinman, rm",Medicine,16,12,76,False
"steinman, rm",Medicine,17,10,86,False
"steinman, rm",Medicine,18,12,98,False
"steinman, rm",Medicine,19,3,101,False
"steinman, rm",Medicine,20,7,108,False
"steinman, rm",Medicine,21,10,118,False
"steinman, rm",Medicine,22,6,124,False
"steinman, rm",Medicine,23,9,133,False
"steinman, rm",Medicine,24,9,142,False
"steinman, rm",Medicine,25,6,148,False
"steinman, rm",Medicine,26,11,159,False
"steinman, rm",Medicine,27,13,172,False
"steinman, rm",Medicine,28,15,187,False
"steinman, rm",Medicine,29,8,195,False
"steinman, rm",Medicine,30,13,208,False
"steinman, rm",Medicine,31,15,223,False
"steinman, rm",Medicine,32,14,237,False
"steinman, rm",Medicine,33,14,251,False
"steinman, rm",Medicine,34,11,262,False
"steinman, rm",Medicine,35,18,280,False
"steinman, rm",Medicine,36,18,298,False
"steinman, rm",Medicine,37,9,307,False
"steinman, rm",Medicine,38,11,318,False
"steinman, rm",Medicine,39,9,327,False
"steinman, rm",Medicine,40,10,337,False
"steinman, rm",Medicine,41,7,344,False
"steinman, rm",Medicine,42,5,349,False
"steinman, rm",Medicine,43,1,350,False
"steinman, rm",Medicine,44,1,351,False
"steinman, rm",Medicine,45,1,352,False
"steitz, t",Chemistry,0,2,2,False
"steitz, t",Chemistry,1,1,3,False
"steitz, t",Chemistry,2,2,5,False
"steitz, t",Chemistry,3,1,6,False
"steitz, t",Chemistry,5,3,9,False
"steitz, t",Chemistry,6,1,10,False
"steitz, t",Chemistry,9,1,11,False
"steitz, t",Chemistry,10,1,12,False
"steitz, t",Chemistry,11,3,15,False
"steitz, t",Chemistry,13,3,18,False
"steitz, t",Chemistry,14,3,21,False
"steitz, t",Chemistry,15,2,23,False
"steitz, t",Chemistry,16,3,26,False
"steitz, t",Chemistry,17,7,33,False
"steitz, t",Chemistry,18,4,37,False
"steitz, t",Chemistry,19,4,41,False
"steitz, t",Chemistry,20,4,45,False
"steitz, t",Chemistry,21,3,48,False
"steitz, t",Chemistry,22,6,54,False
"steitz, t",Chemistry,23,4,58,False
"steitz, t",Chemistry,24,5,63,False
"steitz, t",Chemistry,25,8,71,False
"steitz, t",Chemistry,26,4,75,False
"steitz, t",Chemistry,27,6,81,False
"steitz, t",Chemistry,28,9,90,False
"steitz, t",Chemistry,29,7,97,False
"steitz, t",Chemistry,30,8,105,False
"steitz, t",Chemistry,31,4,109,False
"steitz, t",Chemistry,32,8,117,False
"steitz, t",Chemistry,33,11,128,False
"steitz, t",Chemistry,34,11,139,False
"steitz, t",Chemistry,35,9,148,True
"steitz, t",Chemistry,36,6,154,False
"steitz, t",Chemistry,37,9,163,False
"steitz, t",Chemistry,38,7,170,False
"steitz, t",Chemistry,39,8,178,False
"steitz, t",Chemistry,40,9,187,False
"steitz, t",Chemistry,41,7,194,False
"steitz, t",Chemistry,42,9,203,False
"steitz, t",Chemistry,43,9,212,False
"steitz, t",Chemistry,44,11,223,False
"steitz, t",Chemistry,45,7,230,False
"steitz, t",Chemistry,46,3,233,False
"steitz, t",Chemistry,47,5,238,False
"steitz, t",Chemistry,48,7,245,False
"steitz, t",Chemistry,49,11,256,False
"steitz, t",Chemistry,50,8,264,False
"steitz, t",Chemistry,51,4,268,False
"steitz, t",Chemistry,52,7,275,False
"stern, o",Physics,0,2,2,False
"stern, o",Physics,1,1,3,False
"stern, o",Physics,3,2,5,False
"stern, o",Physics,7,2,7,False
"stern, o",Physics,8,1,8,False
"stern, o",Physics,9,4,12,True
"stern, o",Physics,10,1,13,False
"stern, o",Physics,11,1,14,False
"stern, o",Physics,13,4,18,False
"stern, o",Physics,14,1,19,False
"stern, o",Physics,15,1,20,False
"stern, o",Physics,16,4,24,False
"stern, o",Physics,17,2,26,False
"stern, o",Physics,19,3,29,False
"stern, o",Physics,20,5,34,False
"stern, o",Physics,21,2,36,False
"stern, o",Physics,24,3,39,False
"stern, o",Physics,34,2,41,False
"stern, o",Physics,36,2,43,False
"stoddart, j",Chemistry,0,1,1,False
"stoddart, j",Chemistry,1,2,3,False
"stoddart, j",Chemistry,2,1,4,False
"stoddart, j",Chemistry,3,3,7,False
"stoddart, j",Chemistry,4,4,11,False
"stoddart, j",Chemistry,6,1,12,False
"stoddart, j",Chemistry,8,2,14,False
"stoddart, j",Chemistry,9,12,26,False
"stoddart, j",Chemistry,10,17,43,False
"stoddart, j",Chemistry,11,13,56,False
"stoddart, j",Chemistry,12,12,68,False
"stoddart, j",Chemistry,13,7,75,False
"stoddart, j",Chemistry,14,10,85,False
"stoddart, j",Chemistry,15,6,91,False
"stoddart, j",Chemistry,16,12,103,False
"stoddart, j",Chemistry,17,22,125,False
"stoddart, j",Chemistry,18,4,129,False
"stoddart, j",Chemistry,19,14,143,False
"stoddart, j",Chemistry,20,28,171,False
"stoddart, j",Chemistry,21,12,183,False
"stoddart, j",Chemistry,22,26,209,False
"stoddart, j",Chemistry,23,33,242,False
"stoddart, j",Chemistry,24,30,272,False
"stoddart, j",Chemistry,25,12,284,False
"stoddart, j",Chemistry,26,22,306,True
"stoddart, j",Chemistry,27,18,324,False
"stoddart, j",Chemistry,28,23,347,False
"stoddart, j",Chemistry,29,18,365,False
"stoddart, j",Chemistry,30,22,387,False
"stoddart, j",Chemistry,31,44,431,False
"stoddart, j",Chemistry,32,40,471,False
"stoddart, j",Chemistry,33,46,517,False
"stoddart, j",Chemistry,34,22,539,False
"stoddart, j",Chemistry,35,37,576,False
"stoddart, j",Chemistry,36,21,597,False
"stoddart, j",Chemistry,37,28,625,False
"stoddart, j",Chemistry,38,22,647,False
"stoddart, j",Chemistry,39,36,683,False
"stoddart, j",Chemistry,40,29,712,False
"stoddart, j",Chemistry,41,37,749,False
"stoddart, j",Chemistry,42,38,787,False
"stoddart, j",Chemistry,43,27,814,False
"stoddart, j",Chemistry,44,46,860,False
"stoddart, j",Chemistry,45,102,962,False
"stoddart, j",Chemistry,46,34,996,False
"stoddart, j",Chemistry,47,48,1044,False
"stoddart, j",Chemistry,48,40,1084,False
"stoddart, j",Chemistry,49,36,1120,False
"stoddart, j",Chemistry,50,32,1152,False
"stoddart, j",Chemistry,51,28,1180,False
"stoddart, j",Chemistry,52,23,1203,False
"stoddart, j",Chemistry,53,2,1205,False
"stormer, hl",Physics,0,1,1,False
"stormer, hl",Physics,1,5,6,False
"stormer, hl",Physics,2,8,14,False
"stormer, hl",Physics,3,7,21,False
"stormer, hl",Physics,4,7,28,True
"stormer, hl",Physics,5,10,38,False
"stormer, hl",Physics,6,12,50,False
"stormer, hl",Physics,7,7,57,False
"stormer, hl",Physics,8,5,62,False
"stormer, hl",Physics,9,4,66,False
"stormer, hl",Physics,10,9,75,False
"stormer, hl",Physics,11,6,81,False
"stormer, hl",Physics,12,11,92,False
"stormer, hl",Physics,13,5,97,False
"stormer, hl",Physics,14,10,107,False
"stormer, hl",Physics,15,6,113,False
"stormer, hl",Physics,16,8,121,False
"stormer, hl",Physics,17,3,124,False
"stormer, hl",Physics,18,5,129,False
"stormer, hl",Physics,19,3,132,False
"stormer, hl",Physics,20,2,134,False
"stormer, hl",Physics,21,6,140,False
"stormer, hl",Physics,22,12,152,False
"stormer, hl",Physics,23,6,158,False
"stormer, hl",Physics,24,2,160,False
"stormer, hl",Physics,25,5,165,False
"stormer, hl",Physics,26,3,168,False
"stormer, hl",Physics,27,6,174,False
"stormer, hl",Physics,28,9,183,False
"stormer, hl",Physics,29,8,191,False
"stormer, hl",Physics,30,6,197,False
"stormer, hl",Physics,31,4,201,False
"stormer, hl",Physics,32,1,202,False
"stormer, hl",Physics,33,1,203,False
"sudhof, tc",Medicine,0,3,3,False
"sudhof, tc",Medicine,1,5,8,False
"sudhof, tc",Medicine,2,2,10,False
"sudhof, tc",Medicine,3,4,14,False
"sudhof, tc",Medicine,4,3,17,False
"sudhof, tc",Medicine,5,3,20,False
"sudhof, tc",Medicine,6,2,22,False
"sudhof, tc",Medicine,7,5,27,False
"sudhof, tc",Medicine,8,4,31,True
"sudhof, tc",Medicine,9,8,39,False
"sudhof, tc",Medicine,10,6,45,False
"sudhof, tc",Medicine,11,10,55,False
"sudhof, tc",Medicine,12,13,68,False
"sudhof, tc",Medicine,13,17,85,False
"sudhof, tc",Medicine,14,9,94,False
"sudhof, tc",Medicine,15,11,105,False
"sudhof, tc",Medicine,16,26,131,False
"sudhof, tc",Medicine,17,20,151,False
"sudhof, tc",Medicine,18,15,166,False
"sudhof, tc",Medicine,19,21,187,False
"sudhof, tc",Medicine,20,24,211,False
"sudhof, tc",Medicine,21,11,222,False
"sudhof, tc",Medicine,22,20,242,False
"sudhof, tc",Medicine,23,20,262,False
"sudhof, tc",Medicine,24,20,282,False
"sudhof, tc",Medicine,25,18,300,False
"sudhof, tc",Medicine,26,16,316,False
"sudhof, tc",Medicine,27,20,336,False
"sudhof, tc",Medicine,28,22,358,False
"sudhof, tc",Medicine,29,21,379,False
"sudhof, tc",Medicine,30,20,399,False
"sudhof, tc",Medicine,31,22,421,False
"sudhof, tc",Medicine,32,14,435,False
"sudhof, tc",Medicine,33,23,458,False
"sudhof, tc",Medicine,34,15,473,False
"sudhof, tc",Medicine,35,26,499,False
"sulston, je",Medicine,0,2,2,False
"sulston, je",Medicine,1,1,3,False
"sulston, je",Medicine,2,5,8,False
"sulston, je",Medicine,3,1,9,False
"sulston, je",Medicine,4,2,11,False
"sulston, je",Medicine,7,1,12,False
"sulston, je",Medicine,9,1,13,False
"sulston, je",Medicine,10,1,14,False
"sulston, je",Medicine,11,1,15,True
"sulston, je",Medicine,12,2,17,False
"sulston, je",Medicine,13,1,18,False
"sulston, je",Medicine,14,2,20,False
"sulston, je",Medicine,15,3,23,False
"sulston, je",Medicine,16,2,25,False
"sulston, je",Medicine,17,4,29,False
"sulston, je",Medicine,20,3,32,False
"sulston, je",Medicine,21,4,36,False
"sulston, je",Medicine,22,4,40,False
"sulston, je",Medicine,23,1,41,False
"sulston, je",Medicine,25,2,43,False
"sulston, je",Medicine,26,2,45,False
"sulston, je",Medicine,27,1,46,False
"sulston, je",Medicine,28,1,47,False
"sulston, je",Medicine,29,4,51,False
"sulston, je",Medicine,32,2,53,False
"sulston, je",Medicine,33,2,55,False
"sulston, je",Medicine,34,1,56,False
"sulston, je",Medicine,35,2,58,False
"sulston, je",Medicine,36,2,60,False
"sulston, je",Medicine,37,5,65,False
"sulston, je",Medicine,38,1,66,False
"sulston, je",Medicine,39,2,68,False
"sulston, je",Medicine,40,1,69,False
"sulston, je",Medicine,41,1,70,False
"sumner, j",Chemistry,0,1,1,False
"sumner, j",Chemistry,2,1,2,True
"sumner, j",Chemistry,3,1,3,False
"sumner, j",Chemistry,5,1,4,False
"sumner, j",Chemistry,6,1,5,False
"sumner, j",Chemistry,8,3,8,False
"sumner, j",Chemistry,9,3,11,False
"sumner, j",Chemistry,10,1,12,False
"sumner, j",Chemistry,11,1,13,False
"sumner, j",Chemistry,14,2,15,False
"sumner, j",Chemistry,16,1,16,False
"sumner, j",Chemistry,17,1,17,False
"sumner, j",Chemistry,20,1,18,False
"sumner, j",Chemistry,21,1,19,False
"sumner, j",Chemistry,24,1,20,False
"sumner, j",Chemistry,28,1,21,False
"sumner, j",Chemistry,29,1,22,False
"sumner, j",Chemistry,32,2,24,False
"sutherland, ew",Medicine,0,1,1,False
"sutherland, ew",Medicine,4,1,2,False
"sutherland, ew",Medicine,5,1,3,False
"sutherland, ew",Medicine,6,1,4,False
"sutherland, ew",Medicine,10,1,5,False
"sutherland, ew",Medicine,11,5,10,True
"sutherland, ew",Medicine,13,1,11,False
"sutherland, ew",Medicine,15,2,13,False
"sutherland, ew",Medicine,16,6,19,False
"sutherland, ew",Medicine,17,1,20,False
"sutherland, ew",Medicine,18,1,21,False
"sutherland, ew",Medicine,19,6,27,False
"sutherland, ew",Medicine,20,4,31,False
"sutherland, ew",Medicine,21,4,35,False
"sutherland, ew",Medicine,22,3,38,False
"sutherland, ew",Medicine,23,1,39,False
"sutherland, ew",Medicine,24,4,43,False
"sutherland, ew",Medicine,25,3,46,False
"suzuki, a",Chemistry,0,3,3,False
"suzuki, a",Chemistry,1,2,5,False
"suzuki, a",Chemistry,2,2,7,False
"suzuki, a",Chemistry,3,3,10,False
"suzuki, a",Chemistry,4,1,11,False
"suzuki, a",Chemistry,5,1,12,False
"suzuki, a",Chemistry,6,4,16,False
"suzuki, a",Chemistry,7,7,23,False
"suzuki, a",Chemistry,8,9,32,False
"suzuki, a",Chemistry,9,17,49,False
"suzuki, a",Chemistry,10,28,77,False
"suzuki, a",Chemistry,11,21,98,False
"suzuki, a",Chemistry,12,15,113,False
"suzuki, a",Chemistry,13,13,126,False
"suzuki, a",Chemistry,14,12,138,False
"suzuki, a",Chemistry,15,14,152,False
"suzuki, a",Chemistry,16,13,165,False
"suzuki, a",Chemistry,17,19,184,False
"suzuki, a",Chemistry,18,17,201,False
"suzuki, a",Chemistry,19,22,223,True
"suzuki, a",Chemistry,20,18,241,False
"suzuki, a",Chemistry,21,21,262,False
"suzuki, a",Chemistry,22,25,287,False
"suzuki, a",Chemistry,23,31,318,False
"suzuki, a",Chemistry,24,18,336,False
"suzuki, a",Chemistry,25,21,357,False
"suzuki, a",Chemistry,26,24,381,False
"suzuki, a",Chemistry,27,16,397,False
"suzuki, a",Chemistry,28,25,422,False
"suzuki, a",Chemistry,29,19,441,False
"suzuki, a",Chemistry,30,34,475,False
"suzuki, a",Chemistry,31,21,496,False
"suzuki, a",Chemistry,32,24,520,False
"suzuki, a",Chemistry,33,20,540,False
"suzuki, a",Chemistry,34,16,556,False
"suzuki, a",Chemistry,35,10,566,False
"suzuki, a",Chemistry,36,16,582,False
"suzuki, a",Chemistry,37,5,587,False
"suzuki, a",Chemistry,38,15,602,False
"suzuki, a",Chemistry,39,13,615,False
"suzuki, a",Chemistry,40,16,631,False
"suzuki, a",Chemistry,41,14,645,False
"suzuki, a",Chemistry,42,19,664,False
"suzuki, a",Chemistry,43,17,681,False
"suzuki, a",Chemistry,44,22,703,False
"suzuki, a",Chemistry,45,20,723,False
"suzuki, a",Chemistry,46,24,747,False
"suzuki, a",Chemistry,47,20,767,False
"suzuki, a",Chemistry,48,19,786,False
"suzuki, a",Chemistry,49,17,803,False
"suzuki, a",Chemistry,50,81,884,False
"suzuki, a",Chemistry,51,22,906,False
"suzuki, a",Chemistry,52,33,939,False
"suzuki, a",Chemistry,53,31,970,False
"suzuki, a",Chemistry,54,32,1002,False
"suzuki, a",Chemistry,55,14,1016,False
"suzuki, a",Chemistry,56,17,1033,False
"suzuki, a",Chemistry,57,23,1056,False
"suzuki, a",Chemistry,58,3,1059,False
"svedberg, t",Chemistry,0,1,1,True
"svedberg, t",Chemistry,1,1,2,False
"svedberg, t",Chemistry,7,1,3,False
"svedberg, t",Chemistry,10,1,4,False
"svedberg, t",Chemistry,11,1,5,False
"synge, r",Chemistry,0,1,1,True
"synge, r",Chemistry,2,1,2,False
"synge, r",Chemistry,6,1,3,False
"synge, r",Chemistry,8,1,4,False
"synge, r",Chemistry,11,2,6,False
"synge, r",Chemistry,13,3,9,False
"synge, r",Chemistry,23,1,10,False
"synge, r",Chemistry,25,1,11,False
"synge, r",Chemistry,27,3,14,False
"synge, r",Chemistry,30,1,15,False
"synge, r",Chemistry,32,2,17,False
"synge, r",Chemistry,33,1,18,False
"synge, r",Chemistry,34,2,20,False
"synge, r",Chemistry,35,2,22,False
"synge, r",Chemistry,36,1,23,False
"synge, r",Chemistry,37,2,25,False
"synge, r",Chemistry,38,2,27,False
"synge, r",Chemistry,39,2,29,False
"synge, r",Chemistry,40,1,30,False
"synge, r",Chemistry,44,1,31,False
"synge, r",Chemistry,49,1,32,False
"szostak, jw",Medicine,0,1,1,False
"szostak, jw",Medicine,2,1,2,False
"szostak, jw",Medicine,3,1,3,False
"szostak, jw",Medicine,4,2,5,False
"szostak, jw",Medicine,5,1,6,True
"szostak, jw",Medicine,6,8,14,False
"szostak, jw",Medicine,7,3,17,False
"szostak, jw",Medicine,8,3,20,False
"szostak, jw",Medicine,9,4,24,False
"szostak, jw",Medicine,10,5,29,False
"szostak, jw",Medicine,11,3,32,False
"szostak, jw",Medicine,12,10,42,False
"szostak, jw",Medicine,13,7,49,False
"szostak, jw",Medicine,14,9,58,False
"szostak, jw",Medicine,15,7,65,False
"szostak, jw",Medicine,16,4,69,False
"szostak, jw",Medicine,17,7,76,False
"szostak, jw",Medicine,18,9,85,False
"szostak, jw",Medicine,19,7,92,False
"szostak, jw",Medicine,20,3,95,False
"szostak, jw",Medicine,21,5,100,False
"szostak, jw",Medicine,22,1,101,False
"szostak, jw",Medicine,23,2,103,False
"szostak, jw",Medicine,24,3,106,False
"szostak, jw",Medicine,25,3,109,False
"szostak, jw",Medicine,26,7,116,False
"szostak, jw",Medicine,27,7,123,False
"szostak, jw",Medicine,28,10,133,False
"szostak, jw",Medicine,29,8,141,False
"szostak, jw",Medicine,30,8,149,False
"szostak, jw",Medicine,31,5,154,False
"szostak, jw",Medicine,32,15,169,False
"szostak, jw",Medicine,33,10,179,False
"szostak, jw",Medicine,34,7,186,False
"szostak, jw",Medicine,35,8,194,False
"szostak, jw",Medicine,36,12,206,False
"szostak, jw",Medicine,37,9,215,False
"szostak, jw",Medicine,38,8,223,False
"szostak, jw",Medicine,39,12,235,False
"szostak, jw",Medicine,40,13,248,False
"szostak, jw",Medicine,41,2,250,False
"tamm, i",Physics,0,1,1,True
"tanaka, k",Chemistry,0,1,1,False
"tanaka, k",Chemistry,1,4,5,False
"tanaka, k",Chemistry,2,3,8,False
"tanaka, k",Chemistry,3,5,13,False
"tanaka, k",Chemistry,4,3,16,False
"tanaka, k",Chemistry,5,9,25,False
"tanaka, k",Chemistry,6,6,31,False
"tanaka, k",Chemistry,7,9,40,False
"tanaka, k",Chemistry,8,16,56,False
"tanaka, k",Chemistry,9,9,65,False
"tanaka, k",Chemistry,10,18,83,False
"tanaka, k",Chemistry,11,9,92,False
"tanaka, k",Chemistry,12,15,107,False
"tanaka, k",Chemistry,13,29,136,True
"tanaka, k",Chemistry,14,27,163,False
"tanaka, k",Chemistry,15,22,185,False
"tanaka, k",Chemistry,16,15,200,False
"tanaka, k",Chemistry,17,11,211,False
"tanaka, k",Chemistry,18,15,226,False
"tanaka, k",Chemistry,19,17,243,False
"tanaka, k",Chemistry,20,13,256,False
"tanaka, k",Chemistry,21,15,271,False
"tanaka, k",Chemistry,22,14,285,False
"tanaka, k",Chemistry,23,23,308,False
"tanaka, k",Chemistry,24,22,330,False
"tanaka, k",Chemistry,25,21,351,False
"tanaka, k",Chemistry,26,25,376,False
"tanaka, k",Chemistry,27,20,396,False
"tanaka, k",Chemistry,28,20,416,False
"tanaka, k",Chemistry,29,21,437,False
"tanaka, k",Chemistry,30,16,453,False
"tanaka, k",Chemistry,31,9,462,False
"tanaka, k",Chemistry,32,5,467,False
"tanaka, k",Chemistry,33,12,479,False
"tanaka, k",Chemistry,34,4,483,False
"tanaka, k",Chemistry,35,67,550,False
"tanaka, k",Chemistry,36,5,555,False
"tanaka, k",Chemistry,37,9,564,False
"tanaka, k",Chemistry,38,3,567,False
"tanaka, k",Chemistry,39,4,571,False
"tanaka, k",Chemistry,40,2,573,False
"tanaka, k",Chemistry,41,3,576,False
"tatum, el",Medicine,0,2,2,False
"tatum, el",Medicine,1,3,5,False
"tatum, el",Medicine,3,2,7,True
"tatum, el",Medicine,4,3,10,False
"tatum, el",Medicine,5,2,12,False
"tatum, el",Medicine,6,3,15,False
"tatum, el",Medicine,7,4,19,False
"tatum, el",Medicine,8,1,20,False
"tatum, el",Medicine,9,1,21,False
"tatum, el",Medicine,10,1,22,False
"tatum, el",Medicine,11,1,23,False
"tatum, el",Medicine,12,3,26,False
"tatum, el",Medicine,15,2,28,False
"tatum, el",Medicine,16,3,31,False
"tatum, el",Medicine,17,1,32,False
"tatum, el",Medicine,18,2,34,False
"tatum, el",Medicine,21,3,37,False
"tatum, el",Medicine,22,1,38,False
"tatum, el",Medicine,23,7,45,False
"tatum, el",Medicine,24,4,49,False
"tatum, el",Medicine,25,4,53,False
"tatum, el",Medicine,26,3,56,False
"tatum, el",Medicine,27,4,60,False
"tatum, el",Medicine,28,2,62,False
"tatum, el",Medicine,29,4,66,False
"tatum, el",Medicine,30,1,67,False
"tatum, el",Medicine,31,1,68,False
"tatum, el",Medicine,32,2,70,False
"tatum, el",Medicine,34,2,72,False
"tatum, el",Medicine,35,2,74,False
"tatum, el",Medicine,36,1,75,False
"tatum, el",Medicine,37,1,76,False
"tatum, el",Medicine,38,1,77,False
"taube, h",Chemistry,0,1,1,False
"taube, h",Chemistry,1,2,3,False
"taube, h",Chemistry,2,2,5,False
"taube, h",Chemistry,3,3,8,False
"taube, h",Chemistry,6,1,9,False
"taube, h",Chemistry,7,1,10,False
"taube, h",Chemistry,8,1,11,False
"taube, h",Chemistry,9,3,14,False
"taube, h",Chemistry,10,8,22,False
"taube, h",Chemistry,11,4,26,False
"taube, h",Chemistry,12,10,36,True
"taube, h",Chemistry,13,3,39,False
"taube, h",Chemistry,14,8,47,False
"taube, h",Chemistry,15,2,49,False
"taube, h",Chemistry,16,4,53,False
"taube, h",Chemistry,17,2,55,False
"taube, h",Chemistry,18,4,59,False
"taube, h",Chemistry,19,10,69,False
"taube, h",Chemistry,20,9,78,False
"taube, h",Chemistry,21,9,87,False
"taube, h",Chemistry,22,7,94,False
"taube, h",Chemistry,23,9,103,False
"taube, h",Chemistry,24,7,110,False
"taube, h",Chemistry,25,12,122,False
"taube, h",Chemistry,26,10,132,False
"taube, h",Chemistry,27,8,140,False
"taube, h",Chemistry,28,18,158,False
"taube, h",Chemistry,29,7,165,False
"taube, h",Chemistry,30,16,181,False
"taube, h",Chemistry,31,15,196,False
"taube, h",Chemistry,32,8,204,False
"taube, h",Chemistry,33,10,214,False
"taube, h",Chemistry,34,14,228,False
"taube, h",Chemistry,35,19,247,False
"taube, h",Chemistry,36,11,258,False
"taube, h",Chemistry,37,2,260,False
"taube, h",Chemistry,38,12,272,False
"taube, h",Chemistry,39,12,284,False
"taube, h",Chemistry,40,11,295,False
"taube, h",Chemistry,41,15,310,False
"taube, h",Chemistry,42,11,321,False
"taube, h",Chemistry,43,14,335,False
"taube, h",Chemistry,44,9,344,False
"taube, h",Chemistry,45,8,352,False
"taube, h",Chemistry,46,6,358,False
"taube, h",Chemistry,47,13,371,False
"taube, h",Chemistry,48,14,385,False
"taube, h",Chemistry,49,15,400,False
"taube, h",Chemistry,50,4,404,False
"taube, h",Chemistry,51,10,414,False
"taube, h",Chemistry,52,4,418,False
"taube, h",Chemistry,53,5,423,False
"taube, h",Chemistry,54,9,432,False
"taube, h",Chemistry,55,2,434,False
"taube, h",Chemistry,56,2,436,False
"taube, h",Chemistry,57,6,442,False
"taube, h",Chemistry,59,1,443,False
"taylor, jh",Physics,0,1,1,False
"taylor, jh",Physics,1,2,3,False
"taylor, jh",Physics,2,1,4,False
"taylor, jh",Physics,3,4,8,False
"taylor, jh",Physics,4,4,12,False
"taylor, jh",Physics,5,3,15,False
"taylor, jh",Physics,6,3,18,False
"taylor, jh",Physics,7,7,25,True
"taylor, jh",Physics,8,1,26,False
"taylor, jh",Physics,9,4,30,False
"taylor, jh",Physics,10,2,32,False
"taylor, jh",Physics,11,5,37,False
"taylor, jh",Physics,12,2,39,False
"taylor, jh",Physics,13,3,42,False
"taylor, jh",Physics,14,5,47,False
"taylor, jh",Physics,15,3,50,False
"taylor, jh",Physics,16,2,52,False
"taylor, jh",Physics,17,6,58,False
"taylor, jh",Physics,18,8,66,False
"taylor, jh",Physics,19,1,67,False
"taylor, jh",Physics,20,9,76,False
"taylor, jh",Physics,21,4,80,False
"taylor, jh",Physics,22,3,83,False
"taylor, jh",Physics,23,4,87,False
"taylor, jh",Physics,24,4,91,False
"taylor, jh",Physics,25,9,100,False
"taylor, jh",Physics,26,5,105,False
"taylor, jh",Physics,27,4,109,False
"taylor, jh",Physics,28,7,116,False
"taylor, jh",Physics,29,1,117,False
"taylor, jh",Physics,30,2,119,False
"taylor, jh",Physics,31,1,120,False
"taylor, jh",Physics,32,4,124,False
"taylor, jh",Physics,33,1,125,False
"taylor, jh",Physics,34,2,127,False
"taylor, jh",Physics,36,1,128,False
"taylor, jh",Physics,40,1,129,False
"taylor, jh",Physics,42,1,130,False
"taylor, re",Physics,0,2,2,True
"taylor, re",Physics,1,3,5,False
"taylor, re",Physics,2,1,6,False
"taylor, re",Physics,4,1,7,False
"taylor, re",Physics,5,2,9,False
"taylor, re",Physics,6,1,10,False
"taylor, re",Physics,7,2,12,False
"taylor, re",Physics,8,3,15,False
"taylor, re",Physics,10,1,16,False
"taylor, re",Physics,11,1,17,False
"taylor, re",Physics,15,1,18,False
"taylor, re",Physics,21,1,19,False
"taylor, re",Physics,23,3,22,False
"taylor, re",Physics,24,1,23,False
"taylor, re",Physics,25,3,26,False
"taylor, re",Physics,26,7,33,False
"taylor, re",Physics,27,7,40,False
"taylor, re",Physics,29,2,42,False
"taylor, re",Physics,48,1,43,False
"temin, hm",Medicine,0,1,1,False
"temin, hm",Medicine,1,2,3,False
"temin, hm",Medicine,2,2,5,False
"temin, hm",Medicine,3,1,6,False
"temin, hm",Medicine,4,1,7,False
"temin, hm",Medicine,5,2,9,False
"temin, hm",Medicine,6,2,11,False
"temin, hm",Medicine,9,2,13,False
"temin, hm",Medicine,10,3,16,False
"temin, hm",Medicine,11,2,18,False
"temin, hm",Medicine,12,6,24,True
"temin, hm",Medicine,13,4,28,False
"temin, hm",Medicine,14,4,32,False
"temin, hm",Medicine,15,3,35,False
"temin, hm",Medicine,16,7,42,False
"temin, hm",Medicine,17,1,43,False
"temin, hm",Medicine,18,2,45,False
"temin, hm",Medicine,19,4,49,False
"temin, hm",Medicine,20,3,52,False
"temin, hm",Medicine,21,1,53,False
"temin, hm",Medicine,22,5,58,False
"temin, hm",Medicine,23,2,60,False
"temin, hm",Medicine,24,6,66,False
"temin, hm",Medicine,25,5,71,False
"temin, hm",Medicine,26,8,79,False
"temin, hm",Medicine,28,8,87,False
"temin, hm",Medicine,29,2,89,False
"temin, hm",Medicine,30,4,93,False
"temin, hm",Medicine,31,5,98,False
"temin, hm",Medicine,32,8,106,False
"temin, hm",Medicine,33,1,107,False
"temin, hm",Medicine,35,5,112,False
"temin, hm",Medicine,36,2,114,False
"temin, hm",Medicine,37,1,115,False
"theiler, m",Medicine,0,1,1,False
"theiler, m",Medicine,4,1,2,False
"theiler, m",Medicine,7,4,6,True
"theiler, m",Medicine,10,2,8,False
"theiler, m",Medicine,26,1,9,False
"theorell, h",Medicine,0,2,2,True
"theorell, h",Medicine,1,1,3,False
"theorell, h",Medicine,4,1,4,False
"theorell, h",Medicine,5,1,5,False
"theorell, h",Medicine,6,4,9,False
"theorell, h",Medicine,10,1,10,False
"theorell, h",Medicine,16,2,12,False
"theorell, h",Medicine,17,3,15,False
"theorell, h",Medicine,18,1,16,False
"theorell, h",Medicine,20,2,18,False
"theorell, h",Medicine,21,1,19,False
"theorell, h",Medicine,24,1,20,False
"theorell, h",Medicine,25,2,22,False
"theorell, h",Medicine,27,1,23,False
"theorell, h",Medicine,28,1,24,False
"theorell, h",Medicine,29,2,26,False
"theorell, h",Medicine,30,3,29,False
"theorell, h",Medicine,31,4,33,False
"theorell, h",Medicine,32,4,37,False
"theorell, h",Medicine,34,3,40,False
"theorell, h",Medicine,35,4,44,False
"theorell, h",Medicine,36,3,47,False
"theorell, h",Medicine,37,2,49,False
"theorell, h",Medicine,39,2,51,False
"theorell, h",Medicine,40,2,53,False
"theorell, h",Medicine,41,1,54,False
"theorell, h",Medicine,44,1,55,False
"theorell, h",Medicine,45,1,56,False
"theorell, h",Medicine,47,2,58,False
"theorell, h",Medicine,48,1,59,False
thomas ed,Medicine,0,1,1,False
thomas ed,Medicine,5,1,2,False
thomas ed,Medicine,8,1,3,False
thomas ed,Medicine,9,1,4,False
thomas ed,Medicine,10,2,6,True
thomas ed,Medicine,11,4,10,False
thomas ed,Medicine,12,4,14,False
thomas ed,Medicine,13,4,18,False
thomas ed,Medicine,14,2,20,False
thomas ed,Medicine,15,2,22,False
thomas ed,Medicine,16,6,28,False
thomas ed,Medicine,17,2,30,False
thomas ed,Medicine,18,3,33,False
thomas ed,Medicine,19,4,37,False
thomas ed,Medicine,20,7,44,False
thomas ed,Medicine,21,8,52,False
thomas ed,Medicine,22,7,59,False
thomas ed,Medicine,23,5,64,False
thomas ed,Medicine,24,11,75,False
thomas ed,Medicine,25,4,79,False
thomas ed,Medicine,26,4,83,False
thomas ed,Medicine,27,9,92,False
thomas ed,Medicine,28,11,103,False
thomas ed,Medicine,29,10,113,False
thomas ed,Medicine,30,10,123,False
thomas ed,Medicine,31,14,137,False
thomas ed,Medicine,32,21,158,False
thomas ed,Medicine,33,35,193,False
thomas ed,Medicine,34,22,215,False
thomas ed,Medicine,35,21,236,False
thomas ed,Medicine,36,16,252,False
thomas ed,Medicine,37,21,273,False
thomas ed,Medicine,38,19,292,False
thomas ed,Medicine,39,14,306,False
thomas ed,Medicine,40,11,317,False
thomas ed,Medicine,41,6,323,False
thomas ed,Medicine,42,4,327,False
thomas ed,Medicine,43,1,328,False
thomas ed,Medicine,44,1,329,False
thomas ed,Medicine,45,2,331,False
thomas ed,Medicine,46,3,334,False
thomas ed,Medicine,47,1,335,False
thomas ed,Medicine,50,2,337,False
thomas ed,Medicine,51,4,341,False
thomas ed,Medicine,52,1,342,False
thomas ed,Medicine,55,1,343,False
thomas ed,Medicine,56,1,344,False
thomas ed,Medicine,57,1,345,False
thomas ed,Medicine,58,1,346,False
thomas ed,Medicine,59,1,347,False
thomas ed,Medicine,60,2,349,False
"thomson, gp",Physics,0,2,2,True
"thomson, gp",Physics,1,1,3,False
"thomson, gp",Physics,3,1,4,False
"thomson, gp",Physics,21,1,5,False
"thooft, g",Physics,0,3,3,False
"thooft, g",Physics,1,2,5,True
"thooft, g",Physics,2,2,7,False
"thooft, g",Physics,3,2,9,False
"thooft, g",Physics,5,4,13,False
"thooft, g",Physics,6,1,14,False
"thooft, g",Physics,7,1,15,False
"thooft, g",Physics,8,2,17,False
"thooft, g",Physics,9,2,19,False
"thooft, g",Physics,10,4,23,False
"thooft, g",Physics,11,4,27,False
"thooft, g",Physics,12,1,28,False
"thooft, g",Physics,13,3,31,False
"thooft, g",Physics,14,5,36,False
"thooft, g",Physics,15,2,38,False
"thooft, g",Physics,16,1,39,False
"thooft, g",Physics,17,3,42,False
"thooft, g",Physics,18,1,43,False
"thooft, g",Physics,19,2,45,False
"thooft, g",Physics,20,2,47,False
"thooft, g",Physics,21,3,50,False
"thooft, g",Physics,22,3,53,False
"thooft, g",Physics,23,1,54,False
"thooft, g",Physics,24,2,56,False
"thooft, g",Physics,25,3,59,False
"thooft, g",Physics,26,2,61,False
"thooft, g",Physics,27,1,62,False
"thooft, g",Physics,28,4,66,False
"thooft, g",Physics,29,2,68,False
"thooft, g",Physics,30,2,70,False
"thooft, g",Physics,31,1,71,False
"thooft, g",Physics,32,2,73,False
"thooft, g",Physics,34,1,74,False
"thooft, g",Physics,35,2,76,False
"thooft, g",Physics,36,4,80,False
"thooft, g",Physics,37,3,83,False
"thooft, g",Physics,39,1,84,False
"thooft, g",Physics,40,1,85,False
"thooft, g",Physics,41,2,87,False
"thooft, g",Physics,42,3,90,False
"thooft, g",Physics,43,4,94,False
"thooft, g",Physics,44,2,96,False
"thooft, g",Physics,45,4,100,False
"thooft, g",Physics,46,2,102,False
"thouless, dj",Physics,0,2,2,False
"thouless, dj",Physics,1,1,3,False
"thouless, dj",Physics,2,1,4,False
"thouless, dj",Physics,3,2,6,False
"thouless, dj",Physics,4,3,9,False
"thouless, dj",Physics,5,2,11,False
"thouless, dj",Physics,6,1,12,False
"thouless, dj",Physics,7,1,13,False
"thouless, dj",Physics,8,2,15,False
"thouless, dj",Physics,9,1,16,False
"thouless, dj",Physics,10,2,18,False
"thouless, dj",Physics,11,1,19,False
"thouless, dj",Physics,12,4,23,False
"thouless, dj",Physics,13,2,25,False
"thouless, dj",Physics,14,2,27,False
"thouless, dj",Physics,15,3,30,False
"thouless, dj",Physics,16,3,33,True
"thouless, dj",Physics,17,3,36,False
"thouless, dj",Physics,18,5,41,False
"thouless, dj",Physics,19,6,47,False
"thouless, dj",Physics,20,4,51,False
"thouless, dj",Physics,21,8,59,False
"thouless, dj",Physics,22,1,60,False
"thouless, dj",Physics,23,5,65,False
"thouless, dj",Physics,24,2,67,False
"thouless, dj",Physics,25,2,69,False
"thouless, dj",Physics,26,6,75,False
"thouless, dj",Physics,27,6,81,False
"thouless, dj",Physics,28,4,85,False
"thouless, dj",Physics,29,3,88,False
"thouless, dj",Physics,30,5,93,False
"thouless, dj",Physics,31,4,97,False
"thouless, dj",Physics,32,2,99,False
"thouless, dj",Physics,33,4,103,False
"thouless, dj",Physics,34,5,108,False
"thouless, dj",Physics,35,1,109,False
"thouless, dj",Physics,36,5,114,False
"thouless, dj",Physics,37,7,121,False
"thouless, dj",Physics,38,3,124,False
"thouless, dj",Physics,39,2,126,False
"thouless, dj",Physics,40,3,129,False
"thouless, dj",Physics,41,6,135,False
"thouless, dj",Physics,42,1,136,False
"thouless, dj",Physics,44,2,138,False
"thouless, dj",Physics,45,1,139,False
"thouless, dj",Physics,47,1,140,False
"thouless, dj",Physics,48,1,141,False
"thouless, dj",Physics,50,1,142,False
"thouless, dj",Physics,53,1,143,False
"ting, scc",Physics,0,1,1,False
"ting, scc",Physics,1,4,5,False
"ting, scc",Physics,2,1,6,False
"ting, scc",Physics,4,1,7,False
"ting, scc",Physics,5,2,9,False
"ting, scc",Physics,6,1,10,False
"ting, scc",Physics,8,2,12,True
"ting, scc",Physics,9,4,16,False
"ting, scc",Physics,11,4,20,False
"ting, scc",Physics,13,7,27,False
"ting, scc",Physics,14,3,30,False
"ting, scc",Physics,15,3,33,False
"ting, scc",Physics,16,6,39,False
"ting, scc",Physics,17,3,42,False
"ting, scc",Physics,18,3,45,False
"ting, scc",Physics,19,2,47,False
"ting, scc",Physics,20,5,52,False
"ting, scc",Physics,21,1,53,False
"ting, scc",Physics,22,2,55,False
"ting, scc",Physics,23,3,58,False
"ting, scc",Physics,24,5,63,False
"ting, scc",Physics,26,3,66,False
"ting, scc",Physics,27,1,67,False
"ting, scc",Physics,28,4,71,False
"ting, scc",Physics,29,7,78,False
"ting, scc",Physics,30,7,85,False
"ting, scc",Physics,31,11,96,False
"ting, scc",Physics,32,6,102,False
"ting, scc",Physics,33,22,124,False
"ting, scc",Physics,34,15,139,False
"ting, scc",Physics,35,12,151,False
"ting, scc",Physics,36,10,161,False
"ting, scc",Physics,37,7,168,False
"ting, scc",Physics,38,14,182,False
"ting, scc",Physics,39,11,193,False
"ting, scc",Physics,40,4,197,False
"ting, scc",Physics,41,2,199,False
"ting, scc",Physics,42,1,200,False
"ting, scc",Physics,43,1,201,False
"ting, scc",Physics,44,1,202,False
"ting, scc",Physics,45,4,206,False
"ting, scc",Physics,47,1,207,False
"ting, scc",Physics,48,3,210,False
"ting, scc",Physics,49,1,211,False
"ting, scc",Physics,50,2,213,False
"ting, scc",Physics,51,1,214,False
"ting, scc",Physics,52,1,215,False
"tiselius, a",Chemistry,0,4,4,True
"tiselius, a",Chemistry,1,3,7,False
"tiselius, a",Chemistry,2,2,9,False
"tiselius, a",Chemistry,6,1,10,False
"tiselius, a",Chemistry,10,1,11,False
"tiselius, a",Chemistry,12,1,12,False
"tiselius, a",Chemistry,13,2,14,False
"tiselius, a",Chemistry,14,2,16,False
"tiselius, a",Chemistry,16,1,17,False
"tiselius, a",Chemistry,17,1,18,False
"tiselius, a",Chemistry,18,1,19,False
"tiselius, a",Chemistry,26,1,20,False
"tiselius, a",Chemistry,28,3,23,False
"tiselius, a",Chemistry,30,1,24,False
"tiselius, a",Chemistry,31,1,25,False
"tiselius, a",Chemistry,32,1,26,False
"todd, a",Chemistry,0,3,3,True
"todd, a",Chemistry,1,1,4,False
"todd, a",Chemistry,2,3,7,False
"todd, a",Chemistry,3,1,8,False
"todd, a",Chemistry,4,4,12,False
"todd, a",Chemistry,5,6,18,False
"todd, a",Chemistry,6,3,21,False
"todd, a",Chemistry,7,9,30,False
"todd, a",Chemistry,8,9,39,False
"todd, a",Chemistry,9,11,50,False
"todd, a",Chemistry,10,6,56,False
"todd, a",Chemistry,11,2,58,False
"todd, a",Chemistry,13,4,62,False
"todd, a",Chemistry,14,1,63,False
"todd, a",Chemistry,15,1,64,False
"todd, a",Chemistry,16,3,67,False
"tomonaga, si",Physics,0,1,1,False
"tomonaga, si",Physics,1,1,2,True
"tomonaga, si",Physics,2,1,3,False
"tomonaga, si",Physics,19,2,5,False
"tonegawa, s",Medicine,0,1,1,False
"tonegawa, s",Medicine,4,2,3,False
"tonegawa, s",Medicine,7,1,4,False
"tonegawa, s",Medicine,8,2,6,False
"tonegawa, s",Medicine,10,2,8,True
"tonegawa, s",Medicine,11,4,12,False
"tonegawa, s",Medicine,12,7,19,False
"tonegawa, s",Medicine,13,2,21,False
"tonegawa, s",Medicine,14,4,25,False
"tonegawa, s",Medicine,15,6,31,False
"tonegawa, s",Medicine,16,2,33,False
"tonegawa, s",Medicine,17,6,39,False
"tonegawa, s",Medicine,18,9,48,False
"tonegawa, s",Medicine,19,12,60,False
"tonegawa, s",Medicine,20,4,64,False
"tonegawa, s",Medicine,21,6,70,False
"tonegawa, s",Medicine,22,7,77,False
"tonegawa, s",Medicine,23,8,85,False
"tonegawa, s",Medicine,24,9,94,False
"tonegawa, s",Medicine,25,7,101,False
"tonegawa, s",Medicine,26,8,109,False
"tonegawa, s",Medicine,27,15,124,False
"tonegawa, s",Medicine,28,17,141,False
"tonegawa, s",Medicine,29,18,159,False
"tonegawa, s",Medicine,30,15,174,False
"tonegawa, s",Medicine,31,17,191,False
"tonegawa, s",Medicine,32,4,195,False
"tonegawa, s",Medicine,33,7,202,False
"tonegawa, s",Medicine,34,2,204,False
"tonegawa, s",Medicine,35,4,208,False
"tonegawa, s",Medicine,36,2,210,False
"tonegawa, s",Medicine,37,9,219,False
"tonegawa, s",Medicine,38,7,226,False
"tonegawa, s",Medicine,39,2,228,False
"tonegawa, s",Medicine,40,5,233,False
"tonegawa, s",Medicine,41,7,240,False
"tonegawa, s",Medicine,42,4,244,False
"tonegawa, s",Medicine,43,4,248,False
"tonegawa, s",Medicine,44,7,255,False
"tonegawa, s",Medicine,45,6,261,False
"tonegawa, s",Medicine,46,6,267,False
"tonegawa, s",Medicine,47,12,279,False
"tonegawa, s",Medicine,48,12,291,False
"tonegawa, s",Medicine,49,9,300,False
"tonegawa, s",Medicine,50,8,308,False
"tonegawa, s",Medicine,51,11,319,False
"tonegawa, s",Medicine,52,1,320,False
"townes, ch",Physics,0,1,1,False
"townes, ch",Physics,5,1,2,False
"townes, ch",Physics,7,2,4,False
"townes, ch",Physics,8,7,11,False
"townes, ch",Physics,9,7,18,False
"townes, ch",Physics,10,7,25,False
"townes, ch",Physics,11,8,33,False
"townes, ch",Physics,12,6,39,False
"townes, ch",Physics,13,10,49,False
"townes, ch",Physics,14,5,54,False
"townes, ch",Physics,15,8,62,False
"townes, ch",Physics,16,5,67,True
"townes, ch",Physics,17,2,69,False
"townes, ch",Physics,18,4,73,False
"townes, ch",Physics,19,6,79,False
"townes, ch",Physics,20,5,84,False
"townes, ch",Physics,21,1,85,False
"townes, ch",Physics,22,2,87,False
"townes, ch",Physics,23,1,88,False
"townes, ch",Physics,24,4,92,False
"townes, ch",Physics,25,4,96,False
"townes, ch",Physics,26,2,98,False
"townes, ch",Physics,27,4,102,False
"townes, ch",Physics,28,2,104,False
"townes, ch",Physics,29,7,111,False
"townes, ch",Physics,30,5,116,False
"townes, ch",Physics,31,2,118,False
"townes, ch",Physics,32,2,120,False
"townes, ch",Physics,33,3,123,False
"townes, ch",Physics,34,2,125,False
"townes, ch",Physics,35,5,130,False
"townes, ch",Physics,36,1,131,False
"townes, ch",Physics,37,7,138,False
"townes, ch",Physics,38,3,141,False
"townes, ch",Physics,39,2,143,False
"townes, ch",Physics,40,3,146,False
"townes, ch",Physics,41,5,151,False
"townes, ch",Physics,42,7,158,False
"townes, ch",Physics,43,2,160,False
"townes, ch",Physics,44,5,165,False
"townes, ch",Physics,45,7,172,False
"townes, ch",Physics,46,5,177,False
"townes, ch",Physics,47,2,179,False
"townes, ch",Physics,48,1,180,False
"townes, ch",Physics,49,3,183,False
"townes, ch",Physics,51,4,187,False
"townes, ch",Physics,52,4,191,False
"townes, ch",Physics,53,3,194,False
"townes, ch",Physics,54,3,197,False
"townes, ch",Physics,55,8,205,False
"townes, ch",Physics,56,3,208,False
"townes, ch",Physics,57,4,212,False
"townes, ch",Physics,58,8,220,False
"townes, ch",Physics,59,1,221,False
"townes, ch",Physics,60,2,223,False
"tsien, r",Chemistry,0,2,2,False
"tsien, r",Chemistry,2,6,8,False
"tsien, r",Chemistry,3,3,11,False
"tsien, r",Chemistry,4,7,18,False
"tsien, r",Chemistry,5,3,21,False
"tsien, r",Chemistry,6,3,24,False
"tsien, r",Chemistry,7,4,28,False
"tsien, r",Chemistry,8,4,32,False
"tsien, r",Chemistry,9,8,40,False
"tsien, r",Chemistry,10,8,48,False
"tsien, r",Chemistry,11,2,50,False
"tsien, r",Chemistry,12,5,55,False
"tsien, r",Chemistry,13,3,58,False
"tsien, r",Chemistry,14,2,60,False
"tsien, r",Chemistry,15,7,67,False
"tsien, r",Chemistry,16,4,71,True
"tsien, r",Chemistry,17,9,80,False
"tsien, r",Chemistry,18,7,87,False
"tsien, r",Chemistry,19,11,98,False
"tsien, r",Chemistry,20,7,105,False
"tsien, r",Chemistry,21,9,114,False
"tsien, r",Chemistry,22,15,129,False
"tsien, r",Chemistry,23,7,136,False
"tsien, r",Chemistry,24,7,143,False
"tsien, r",Chemistry,25,9,152,False
"tsien, r",Chemistry,26,11,163,False
"tsien, r",Chemistry,27,9,172,False
"tsien, r",Chemistry,28,10,182,False
"tsien, r",Chemistry,29,6,188,False
"tsien, r",Chemistry,30,7,195,False
"tsien, r",Chemistry,31,12,207,False
"tsien, r",Chemistry,32,12,219,False
"tsien, r",Chemistry,33,8,227,False
"tsien, r",Chemistry,34,8,235,False
"tsien, r",Chemistry,35,13,248,False
"tsien, r",Chemistry,36,12,260,False
"tsien, r",Chemistry,37,12,272,False
"tsien, r",Chemistry,38,11,283,False
"tsien, r",Chemistry,39,5,288,False
"tsien, r",Chemistry,40,1,289,False
"tsui, dc",Physics,0,1,1,False
"tsui, dc",Physics,1,3,4,False
"tsui, dc",Physics,2,3,7,False
"tsui, dc",Physics,3,4,11,False
"tsui, dc",Physics,5,2,13,False
"tsui, dc",Physics,6,6,19,False
"tsui, dc",Physics,7,7,26,False
"tsui, dc",Physics,8,8,34,False
"tsui, dc",Physics,9,4,38,False
"tsui, dc",Physics,10,10,48,False
"tsui, dc",Physics,11,2,50,False
"tsui, dc",Physics,12,14,64,False
"tsui, dc",Physics,13,10,74,False
"tsui, dc",Physics,14,16,90,True
"tsui, dc",Physics,15,14,104,False
"tsui, dc",Physics,16,15,119,False
"tsui, dc",Physics,17,10,129,False
"tsui, dc",Physics,18,9,138,False
"tsui, dc",Physics,19,18,156,False
"tsui, dc",Physics,20,19,175,False
"tsui, dc",Physics,21,15,190,False
"tsui, dc",Physics,22,13,203,False
"tsui, dc",Physics,23,11,214,False
"tsui, dc",Physics,24,15,229,False
"tsui, dc",Physics,25,12,241,False
"tsui, dc",Physics,26,11,252,False
"tsui, dc",Physics,27,13,265,False
"tsui, dc",Physics,28,11,276,False
"tsui, dc",Physics,29,12,288,False
"tsui, dc",Physics,30,12,300,False
"tsui, dc",Physics,31,17,317,False
"tsui, dc",Physics,32,15,332,False
"tsui, dc",Physics,33,13,345,False
"tsui, dc",Physics,34,15,360,False
"tsui, dc",Physics,35,11,371,False
"tsui, dc",Physics,36,15,386,False
"tsui, dc",Physics,37,17,403,False
"tsui, dc",Physics,38,14,417,False
"tsui, dc",Physics,39,10,427,False
"tsui, dc",Physics,40,9,436,False
"tsui, dc",Physics,41,6,442,False
"tsui, dc",Physics,42,7,449,False
"tsui, dc",Physics,43,5,454,False
"tsui, dc",Physics,44,6,460,False
"tsui, dc",Physics,46,2,462,False
"tsui, dc",Physics,47,3,465,False
"tsui, dc",Physics,48,1,466,False
"tsui, dc",Physics,49,1,467,False
"urey, h",Chemistry,0,1,1,False
"urey, h",Chemistry,1,1,2,False
"urey, h",Chemistry,2,1,3,False
"urey, h",Chemistry,3,1,4,False
"urey, h",Chemistry,4,1,5,False
"urey, h",Chemistry,5,1,6,False
"urey, h",Chemistry,6,3,9,False
"urey, h",Chemistry,7,1,10,False
"urey, h",Chemistry,8,4,14,False
"urey, h",Chemistry,9,7,21,True
"urey, h",Chemistry,10,7,28,False
"urey, h",Chemistry,11,12,40,False
"urey, h",Chemistry,12,6,46,False
"urey, h",Chemistry,13,4,50,False
"urey, h",Chemistry,14,4,54,False
"urey, h",Chemistry,15,6,60,False
"urey, h",Chemistry,16,12,72,False
"urey, h",Chemistry,17,2,74,False
"urey, h",Chemistry,18,1,75,False
"urey, h",Chemistry,19,2,77,False
"urey, h",Chemistry,20,1,78,False
"urey, h",Chemistry,22,2,80,False
"urey, h",Chemistry,23,2,82,False
"urey, h",Chemistry,24,2,84,False
"urey, h",Chemistry,25,6,90,False
"urey, h",Chemistry,26,2,92,False
"urey, h",Chemistry,27,3,95,False
"urey, h",Chemistry,28,3,98,False
"urey, h",Chemistry,29,7,105,False
"urey, h",Chemistry,30,5,110,False
"urey, h",Chemistry,31,1,111,False
"urey, h",Chemistry,32,5,116,False
"urey, h",Chemistry,33,7,123,False
"urey, h",Chemistry,34,4,127,False
"urey, h",Chemistry,35,5,132,False
"urey, h",Chemistry,36,6,138,False
"urey, h",Chemistry,37,3,141,False
"urey, h",Chemistry,38,3,144,False
"urey, h",Chemistry,39,4,148,False
"urey, h",Chemistry,40,3,151,False
"urey, h",Chemistry,41,2,153,False
"urey, h",Chemistry,42,1,154,False
"urey, h",Chemistry,43,4,158,False
"urey, h",Chemistry,44,3,161,False
"urey, h",Chemistry,45,4,165,False
"urey, h",Chemistry,46,4,169,False
"urey, h",Chemistry,47,3,172,False
"urey, h",Chemistry,48,2,174,False
"urey, h",Chemistry,49,5,179,False
"urey, h",Chemistry,50,5,184,False
"urey, h",Chemistry,51,1,185,False
"urey, h",Chemistry,53,2,187,False
"urey, h",Chemistry,54,1,188,False
"van vleck, jh",Physics,0,1,1,True
"van vleck, jh",Physics,22,1,2,False
"van vleck, jh",Physics,46,1,3,False
"vandermeer, s",Physics,0,1,1,False
"vandermeer, s",Physics,5,2,3,True
"vandermeer, s",Physics,7,1,4,False
"vane, jr",Medicine,0,2,2,False
"vane, jr",Medicine,1,1,3,False
"vane, jr",Medicine,4,2,5,False
"vane, jr",Medicine,5,4,9,False
"vane, jr",Medicine,10,1,10,False
"vane, jr",Medicine,11,1,11,False
"vane, jr",Medicine,13,1,12,False
"vane, jr",Medicine,14,2,14,False
"vane, jr",Medicine,15,3,17,False
"vane, jr",Medicine,16,2,19,False
"vane, jr",Medicine,17,2,21,False
"vane, jr",Medicine,18,4,25,False
"vane, jr",Medicine,19,15,40,False
"vane, jr",Medicine,20,3,43,False
"vane, jr",Medicine,21,6,49,False
"vane, jr",Medicine,22,8,57,False
"vane, jr",Medicine,23,5,62,True
"vane, jr",Medicine,24,7,69,False
"vane, jr",Medicine,25,9,78,False
"vane, jr",Medicine,26,8,86,False
"vane, jr",Medicine,27,7,93,False
"vane, jr",Medicine,28,16,109,False
"vane, jr",Medicine,29,11,120,False
"vane, jr",Medicine,30,18,138,False
"vane, jr",Medicine,31,10,148,False
"vane, jr",Medicine,32,7,155,False
"vane, jr",Medicine,33,1,156,False
"vane, jr",Medicine,35,9,165,False
"vane, jr",Medicine,36,5,170,False
"vane, jr",Medicine,38,1,171,False
"vane, jr",Medicine,39,3,174,False
"vane, jr",Medicine,40,7,181,False
"vane, jr",Medicine,41,16,197,False
"vane, jr",Medicine,42,25,222,False
"vane, jr",Medicine,43,21,243,False
"vane, jr",Medicine,44,19,262,False
"vane, jr",Medicine,45,27,289,False
"vane, jr",Medicine,46,23,312,False
"vane, jr",Medicine,47,33,345,False
"vane, jr",Medicine,48,5,350,False
"vane, jr",Medicine,49,6,356,False
"vane, jr",Medicine,50,3,359,False
"vane, jr",Medicine,51,2,361,False
"vane, jr",Medicine,52,2,363,False
"vane, jr",Medicine,54,2,365,False
"vane, jr",Medicine,55,2,367,False
"vane, jr",Medicine,56,1,368,False
"vane, jr",Medicine,58,1,369,False
"vanvleck, jh",Physics,0,1,1,True
"vanvleck, jh",Physics,22,1,2,False
"vanvleck, jh",Physics,46,1,3,False
"varmus, he",Medicine,0,2,2,False
"varmus, he",Medicine,1,3,5,False
"varmus, he",Medicine,2,4,9,False
"varmus, he",Medicine,3,7,16,False
"varmus, he",Medicine,4,8,24,False
"varmus, he",Medicine,5,4,28,False
"varmus, he",Medicine,6,6,34,True
"varmus, he",Medicine,7,13,47,False
"varmus, he",Medicine,8,10,57,False
"varmus, he",Medicine,9,10,67,False
"varmus, he",Medicine,10,10,77,False
"varmus, he",Medicine,11,19,96,False
"varmus, he",Medicine,12,4,100,False
"varmus, he",Medicine,13,9,109,False
"varmus, he",Medicine,14,11,120,False
"varmus, he",Medicine,15,13,133,False
"varmus, he",Medicine,16,7,140,False
"varmus, he",Medicine,17,10,150,False
"varmus, he",Medicine,18,6,156,False
"varmus, he",Medicine,19,7,163,False
"varmus, he",Medicine,20,11,174,False
"varmus, he",Medicine,21,1,175,False
"varmus, he",Medicine,22,9,184,False
"varmus, he",Medicine,23,7,191,False
"varmus, he",Medicine,24,4,195,False
"varmus, he",Medicine,25,9,204,False
"varmus, he",Medicine,26,4,208,False
"varmus, he",Medicine,27,9,217,False
"varmus, he",Medicine,28,4,221,False
"varmus, he",Medicine,29,6,227,False
"varmus, he",Medicine,30,3,230,False
"varmus, he",Medicine,31,6,236,False
"varmus, he",Medicine,32,6,242,False
"varmus, he",Medicine,33,6,248,False
"varmus, he",Medicine,34,6,254,False
"varmus, he",Medicine,35,9,263,False
"varmus, he",Medicine,36,4,267,False
"varmus, he",Medicine,37,3,270,False
"varmus, he",Medicine,38,7,277,False
"varmus, he",Medicine,39,7,284,False
"varmus, he",Medicine,40,4,288,False
"varmus, he",Medicine,41,7,295,False
"varmus, he",Medicine,42,7,302,False
"varmus, he",Medicine,43,4,306,False
"varmus, he",Medicine,44,2,308,False
"varmus, he",Medicine,45,7,315,False
"varmus, he",Medicine,46,2,317,False
"veltman, m",Physics,0,3,3,False
"veltman, m",Physics,1,1,4,False
"veltman, m",Physics,2,3,7,False
"veltman, m",Physics,3,1,8,False
"veltman, m",Physics,4,3,11,False
"veltman, m",Physics,5,1,12,False
"veltman, m",Physics,6,1,13,False
"veltman, m",Physics,7,2,15,False
"veltman, m",Physics,9,2,17,True
"veltman, m",Physics,12,2,19,False
"veltman, m",Physics,14,2,21,False
"veltman, m",Physics,16,2,23,False
"veltman, m",Physics,17,3,26,False
"veltman, m",Physics,18,2,28,False
"veltman, m",Physics,21,3,31,False
"veltman, m",Physics,23,1,32,False
"veltman, m",Physics,26,1,33,False
"veltman, m",Physics,27,1,34,False
"veltman, m",Physics,28,1,35,False
"veltman, m",Physics,37,2,37,False
victor f. hess,Physics,0,1,1,True
victor grignard,Chemistry,0,1,1,True
"virtanen, a",Chemistry,0,2,2,False
"virtanen, a",Chemistry,2,3,5,False
"virtanen, a",Chemistry,3,1,6,False
"virtanen, a",Chemistry,4,1,7,False
"virtanen, a",Chemistry,5,1,8,False
"virtanen, a",Chemistry,6,2,10,False
"virtanen, a",Chemistry,7,1,11,False
"virtanen, a",Chemistry,8,4,15,True
"virtanen, a",Chemistry,9,2,17,False
"virtanen, a",Chemistry,10,1,18,False
"virtanen, a",Chemistry,11,4,22,False
"virtanen, a",Chemistry,12,6,28,False
"virtanen, a",Chemistry,13,3,31,False
"virtanen, a",Chemistry,14,5,36,False
"virtanen, a",Chemistry,15,1,37,False
"virtanen, a",Chemistry,16,2,39,False
"virtanen, a",Chemistry,17,3,42,False
"virtanen, a",Chemistry,21,1,43,False
"virtanen, a",Chemistry,22,3,46,False
"virtanen, a",Chemistry,23,4,50,False
"virtanen, a",Chemistry,24,3,53,False
"virtanen, a",Chemistry,25,7,60,False
"virtanen, a",Chemistry,26,10,70,False
"virtanen, a",Chemistry,27,7,77,False
"virtanen, a",Chemistry,28,10,87,False
"virtanen, a",Chemistry,29,75,162,False
"virtanen, a",Chemistry,30,36,198,False
"virtanen, a",Chemistry,31,48,246,False
"virtanen, a",Chemistry,32,3,249,False
"virtanen, a",Chemistry,33,11,260,False
"virtanen, a",Chemistry,34,13,273,False
"virtanen, a",Chemistry,35,15,288,False
"virtanen, a",Chemistry,36,11,299,False
"virtanen, a",Chemistry,37,6,305,False
"virtanen, a",Chemistry,38,20,325,False
"virtanen, a",Chemistry,39,8,333,False
"virtanen, a",Chemistry,40,10,343,False
"virtanen, a",Chemistry,41,8,351,False
"virtanen, a",Chemistry,42,5,356,False
"virtanen, a",Chemistry,43,3,359,False
"virtanen, a",Chemistry,44,16,375,False
"virtanen, a",Chemistry,45,1,376,False
von euler us,Medicine,0,2,2,False
von euler us,Medicine,2,1,3,False
von euler us,Medicine,4,2,5,False
von euler us,Medicine,5,5,10,False
von euler us,Medicine,6,5,15,False
von euler us,Medicine,7,3,18,False
von euler us,Medicine,8,3,21,False
von euler us,Medicine,9,1,22,False
von euler us,Medicine,10,5,27,False
von euler us,Medicine,11,1,28,False
von euler us,Medicine,12,1,29,False
von euler us,Medicine,13,2,31,False
von euler us,Medicine,15,4,35,False
von euler us,Medicine,16,1,36,False
von euler us,Medicine,17,1,37,False
von euler us,Medicine,18,3,40,False
von euler us,Medicine,19,1,41,False
von euler us,Medicine,20,2,43,True
von euler us,Medicine,21,3,46,False
von euler us,Medicine,22,4,50,False
von euler us,Medicine,23,3,53,False
von euler us,Medicine,24,5,58,False
von euler us,Medicine,25,8,66,False
von euler us,Medicine,26,2,68,False
von euler us,Medicine,27,11,79,False
von euler us,Medicine,28,4,83,False
von euler us,Medicine,29,6,89,False
von euler us,Medicine,30,5,94,False
von euler us,Medicine,31,3,97,False
von euler us,Medicine,32,2,99,False
von euler us,Medicine,33,3,102,False
von euler us,Medicine,34,2,104,False
von euler us,Medicine,35,6,110,False
von euler us,Medicine,36,2,112,False
von euler us,Medicine,37,1,113,False
von euler us,Medicine,38,2,115,False
von euler us,Medicine,39,3,118,False
von euler us,Medicine,41,1,119,False
von euler us,Medicine,45,1,120,False
von euler us,Medicine,47,1,121,False
"von euler, h",Chemistry,0,1,1,True
"vonbekesy, g",Medicine,0,2,2,True
"vonklitzing, k",Physics,0,1,1,True
"waksman, sa",Medicine,0,7,7,False
"waksman, sa",Medicine,1,3,10,False
"waksman, sa",Medicine,2,3,13,False
"waksman, sa",Medicine,3,1,14,False
"waksman, sa",Medicine,4,2,16,False
"waksman, sa",Medicine,5,3,19,False
"waksman, sa",Medicine,6,8,27,False
"waksman, sa",Medicine,7,7,34,False
"waksman, sa",Medicine,8,6,40,False
"waksman, sa",Medicine,9,3,43,False
"waksman, sa",Medicine,10,6,49,False
"waksman, sa",Medicine,11,5,54,False
"waksman, sa",Medicine,12,7,61,False
"waksman, sa",Medicine,13,8,69,False
"waksman, sa",Medicine,14,5,74,False
"waksman, sa",Medicine,15,10,84,False
"waksman, sa",Medicine,16,8,92,False
"waksman, sa",Medicine,17,8,100,False
"waksman, sa",Medicine,18,5,105,False
"waksman, sa",Medicine,19,4,109,False
"waksman, sa",Medicine,20,5,114,False
"waksman, sa",Medicine,21,8,122,False
"waksman, sa",Medicine,22,3,125,False
"waksman, sa",Medicine,23,5,130,False
"waksman, sa",Medicine,24,3,133,True
"waksman, sa",Medicine,25,1,134,False
"waksman, sa",Medicine,26,6,140,False
"waksman, sa",Medicine,27,2,142,False
"waksman, sa",Medicine,28,10,152,False
"waksman, sa",Medicine,29,10,162,False
"waksman, sa",Medicine,30,6,168,False
"waksman, sa",Medicine,31,7,175,False
"waksman, sa",Medicine,32,6,181,False
"waksman, sa",Medicine,33,5,186,False
"waksman, sa",Medicine,34,4,190,False
"waksman, sa",Medicine,35,2,192,False
"waksman, sa",Medicine,36,2,194,False
"waksman, sa",Medicine,37,4,198,False
"waksman, sa",Medicine,38,2,200,False
"waksman, sa",Medicine,39,3,203,False
"waksman, sa",Medicine,40,2,205,False
"waksman, sa",Medicine,41,1,206,False
"waksman, sa",Medicine,42,1,207,False
"waksman, sa",Medicine,43,1,208,False
"waksman, sa",Medicine,44,1,209,False
"waksman, sa",Medicine,45,1,210,False
"waksman, sa",Medicine,48,1,211,False
"waksman, sa",Medicine,49,1,212,False
"waksman, sa",Medicine,50,3,215,False
"waksman, sa",Medicine,51,1,216,False
"waksman, sa",Medicine,57,1,217,False
"wald, g",Medicine,0,1,1,False
"wald, g",Medicine,1,1,2,False
"wald, g",Medicine,2,5,7,False
"wald, g",Medicine,3,2,9,False
"wald, g",Medicine,4,3,12,False
"wald, g",Medicine,5,3,15,False
"wald, g",Medicine,6,3,18,False
"wald, g",Medicine,7,1,19,False
"wald, g",Medicine,8,3,22,False
"wald, g",Medicine,9,1,23,False
"wald, g",Medicine,12,2,25,False
"wald, g",Medicine,14,2,27,False
"wald, g",Medicine,15,2,29,False
"wald, g",Medicine,16,2,31,False
"wald, g",Medicine,17,4,35,False
"wald, g",Medicine,18,4,39,False
"wald, g",Medicine,19,4,43,True
"wald, g",Medicine,20,4,47,False
"wald, g",Medicine,21,2,49,False
"wald, g",Medicine,22,3,52,False
"wald, g",Medicine,23,4,56,False
"wald, g",Medicine,24,8,64,False
"wald, g",Medicine,25,4,68,False
"wald, g",Medicine,26,2,70,False
"wald, g",Medicine,27,4,74,False
"wald, g",Medicine,30,5,79,False
"wald, g",Medicine,31,3,82,False
"wald, g",Medicine,32,3,85,False
"wald, g",Medicine,33,2,87,False
"wald, g",Medicine,34,3,90,False
"wald, g",Medicine,35,4,94,False
"wald, g",Medicine,38,1,95,False
"wald, g",Medicine,39,1,96,False
"wald, g",Medicine,40,2,98,False
"wald, g",Medicine,41,2,100,False
"wald, g",Medicine,44,1,101,False
"wald, g",Medicine,51,1,102,False
"walker, j",Chemistry,0,1,1,False
"walton, ets",Physics,0,1,1,True
"warburg, o",Medicine,0,1,1,False
"warburg, o",Medicine,4,1,2,False
"warburg, o",Medicine,5,2,4,True
"warburg, o",Medicine,7,1,5,False
"warburg, o",Medicine,8,1,6,False
"warburg, o",Medicine,13,1,7,False
"warburg, o",Medicine,15,1,8,False
"warburg, o",Medicine,23,1,9,False
"warburg, o",Medicine,26,1,10,False
"warburg, o",Medicine,27,1,11,False
"warburg, o",Medicine,28,5,16,False
"warburg, o",Medicine,29,4,20,False
"warburg, o",Medicine,30,4,24,False
"warburg, o",Medicine,31,8,32,False
"warburg, o",Medicine,32,8,40,False
"warburg, o",Medicine,33,6,46,False
"warburg, o",Medicine,34,7,53,False
"warburg, o",Medicine,35,10,63,False
"warburg, o",Medicine,36,3,66,False
"warburg, o",Medicine,37,6,72,False
"warburg, o",Medicine,39,2,74,False
"warburg, o",Medicine,40,3,77,False
"warburg, o",Medicine,42,1,78,False
"warburg, o",Medicine,43,1,79,False
"warburg, o",Medicine,44,3,82,False
"warburg, o",Medicine,45,1,83,False
"warburg, o",Medicine,46,2,85,False
"warburg, o",Medicine,47,1,86,False
"warren, jr",Medicine,0,1,1,False
"warren, jr",Medicine,1,1,2,True
"warren, jr",Medicine,2,1,3,False
"warren, jr",Medicine,4,1,4,False
"warren, jr",Medicine,5,1,5,False
"warren, jr",Medicine,6,1,6,False
"warren, jr",Medicine,10,1,7,False
"warren, jr",Medicine,11,1,8,False
"warren, jr",Medicine,13,1,9,False
"warren, jr",Medicine,17,1,10,False
"warshel, a",Chemistry,0,1,1,False
"warshel, a",Chemistry,1,1,2,False
"warshel, a",Chemistry,2,5,7,False
"warshel, a",Chemistry,3,1,8,False
"warshel, a",Chemistry,4,2,10,True
"warshel, a",Chemistry,5,1,11,False
"warshel, a",Chemistry,6,7,18,False
"warshel, a",Chemistry,7,8,26,False
"warshel, a",Chemistry,8,5,31,False
"warshel, a",Chemistry,9,4,35,False
"warshel, a",Chemistry,10,8,43,False
"warshel, a",Chemistry,11,6,49,False
"warshel, a",Chemistry,12,2,51,False
"warshel, a",Chemistry,13,9,60,False
"warshel, a",Chemistry,14,3,63,False
"warshel, a",Chemistry,15,3,66,False
"warshel, a",Chemistry,16,3,69,False
"warshel, a",Chemistry,17,5,74,False
"warshel, a",Chemistry,18,6,80,False
"warshel, a",Chemistry,19,5,85,False
"warshel, a",Chemistry,20,7,92,False
"warshel, a",Chemistry,21,10,102,False
"warshel, a",Chemistry,22,5,107,False
"warshel, a",Chemistry,23,8,115,False
"warshel, a",Chemistry,24,10,125,False
"warshel, a",Chemistry,25,5,130,False
"warshel, a",Chemistry,26,6,136,False
"warshel, a",Chemistry,27,5,141,False
"warshel, a",Chemistry,28,9,150,False
"warshel, a",Chemistry,29,10,160,False
"warshel, a",Chemistry,30,15,175,False
"warshel, a",Chemistry,31,9,184,False
"warshel, a",Chemistry,32,14,198,False
"warshel, a",Chemistry,33,6,204,False
"warshel, a",Chemistry,34,7,211,False
"warshel, a",Chemistry,35,9,220,False
"warshel, a",Chemistry,36,10,230,False
"warshel, a",Chemistry,37,7,237,False
"warshel, a",Chemistry,38,13,250,False
"warshel, a",Chemistry,39,12,262,False
"warshel, a",Chemistry,40,12,274,False
"warshel, a",Chemistry,41,13,287,False
"warshel, a",Chemistry,42,19,306,False
"warshel, a",Chemistry,43,16,322,False
"warshel, a",Chemistry,44,15,337,False
"warshel, a",Chemistry,45,11,348,False
"warshel, a",Chemistry,46,13,361,False
"warshel, a",Chemistry,47,9,370,False
"warshel, a",Chemistry,48,15,385,False
"warshel, a",Chemistry,49,10,395,False
"watson, jd",Medicine,0,1,1,False
"weinberg, s",Physics,0,1,1,False
"weinberg, s",Physics,1,1,2,False
"weinberg, s",Physics,2,4,6,False
"weinberg, s",Physics,3,7,13,False
"weinberg, s",Physics,4,4,17,False
"weinberg, s",Physics,5,3,20,False
"weinberg, s",Physics,6,3,23,False
"weinberg, s",Physics,7,2,25,False
"weinberg, s",Physics,8,10,35,False
"weinberg, s",Physics,9,4,39,False
"weinberg, s",Physics,10,4,43,False
"weinberg, s",Physics,11,8,51,True
"weinberg, s",Physics,12,3,54,False
"weinberg, s",Physics,13,6,60,False
"weinberg, s",Physics,14,4,64,False
"weinberg, s",Physics,15,5,69,False
"weinberg, s",Physics,16,6,75,False
"weinberg, s",Physics,17,10,85,False
"weinberg, s",Physics,18,5,90,False
"weinberg, s",Physics,19,4,94,False
"weinberg, s",Physics,20,8,102,False
"weinberg, s",Physics,21,9,111,False
"weinberg, s",Physics,22,2,113,False
"weinberg, s",Physics,23,4,117,False
"weinberg, s",Physics,24,5,122,False
"weinberg, s",Physics,25,3,125,False
"weinberg, s",Physics,26,3,128,False
"weinberg, s",Physics,27,5,133,False
"weinberg, s",Physics,28,4,137,False
"weinberg, s",Physics,29,2,139,False
"weinberg, s",Physics,30,3,142,False
"weinberg, s",Physics,31,6,148,False
"weinberg, s",Physics,32,2,150,False
"weinberg, s",Physics,33,5,155,False
"weinberg, s",Physics,34,4,159,False
"weinberg, s",Physics,35,2,161,False
"weinberg, s",Physics,36,1,162,False
"weinberg, s",Physics,37,3,165,False
"weinberg, s",Physics,38,5,170,False
"weinberg, s",Physics,39,2,172,False
"weinberg, s",Physics,40,1,173,False
"weinberg, s",Physics,41,5,178,False
"weinberg, s",Physics,42,2,180,False
"weinberg, s",Physics,43,1,181,False
"weinberg, s",Physics,44,3,184,False
"weinberg, s",Physics,45,2,186,False
"weinberg, s",Physics,46,1,187,False
"weinberg, s",Physics,47,2,189,False
"weinberg, s",Physics,48,4,193,False
"weinberg, s",Physics,49,3,196,False
"weinberg, s",Physics,50,3,199,False
"weinberg, s",Physics,51,2,201,False
"weinberg, s",Physics,52,5,206,False
"weinberg, s",Physics,53,2,208,False
"weinberg, s",Physics,54,3,211,False
"weinberg, s",Physics,55,2,213,False
"weinberg, s",Physics,56,3,216,False
"weinberg, s",Physics,57,4,220,False
"weinberg, s",Physics,58,1,221,False
"weinberg, s",Physics,60,4,225,False
"weller, th",Medicine,0,1,1,False
"weller, th",Medicine,1,1,2,False
"weller, th",Medicine,5,1,3,False
"weller, th",Medicine,6,1,4,False
"weller, th",Medicine,8,2,6,False
"weller, th",Medicine,9,3,9,True
"weller, th",Medicine,10,2,11,False
"weller, th",Medicine,11,1,12,False
"weller, th",Medicine,13,3,15,False
"weller, th",Medicine,14,4,19,False
"weller, th",Medicine,16,1,20,False
"weller, th",Medicine,17,2,22,False
"weller, th",Medicine,18,3,25,False
"weller, th",Medicine,20,2,27,False
"weller, th",Medicine,21,5,32,False
"weller, th",Medicine,22,3,35,False
"weller, th",Medicine,23,2,37,False
"weller, th",Medicine,24,2,39,False
"weller, th",Medicine,25,3,42,False
"weller, th",Medicine,26,1,43,False
"weller, th",Medicine,27,1,44,False
"weller, th",Medicine,28,1,45,False
"weller, th",Medicine,29,2,47,False
"weller, th",Medicine,30,3,50,False
"weller, th",Medicine,31,3,53,False
"weller, th",Medicine,33,2,55,False
"weller, th",Medicine,34,4,59,False
"weller, th",Medicine,35,1,60,False
"weller, th",Medicine,36,1,61,False
"weller, th",Medicine,37,2,63,False
"weller, th",Medicine,38,2,65,False
"weller, th",Medicine,39,1,66,False
"weller, th",Medicine,40,4,70,False
"weller, th",Medicine,42,5,75,False
"weller, th",Medicine,43,2,77,False
"weller, th",Medicine,44,1,78,False
"weller, th",Medicine,45,2,80,False
"weller, th",Medicine,47,2,82,False
"weller, th",Medicine,49,2,84,False
"weller, th",Medicine,50,1,85,False
"weller, th",Medicine,51,1,86,False
"weller, th",Medicine,52,1,87,False
"weller, th",Medicine,53,2,89,False
"weller, th",Medicine,55,2,91,False
"weller, th",Medicine,56,1,92,False
"whipple, gh",Medicine,0,2,2,False
"whipple, gh",Medicine,1,2,4,False
"whipple, gh",Medicine,2,1,5,False
"whipple, gh",Medicine,3,4,9,False
"whipple, gh",Medicine,4,1,10,False
"whipple, gh",Medicine,5,6,16,False
"whipple, gh",Medicine,6,8,24,False
"whipple, gh",Medicine,7,5,29,False
"whipple, gh",Medicine,8,6,35,False
"whipple, gh",Medicine,9,11,46,True
"whipple, gh",Medicine,10,5,51,False
"whipple, gh",Medicine,11,11,62,False
"whipple, gh",Medicine,12,5,67,False
"whipple, gh",Medicine,13,2,69,False
"whipple, gh",Medicine,14,4,73,False
"whipple, gh",Medicine,15,4,77,False
"whipple, gh",Medicine,16,7,84,False
"whipple, gh",Medicine,17,7,91,False
"whipple, gh",Medicine,18,2,93,False
"whipple, gh",Medicine,19,6,99,False
"whipple, gh",Medicine,20,3,102,False
"whipple, gh",Medicine,21,7,109,False
"whipple, gh",Medicine,22,5,114,False
"whipple, gh",Medicine,23,4,118,False
"whipple, gh",Medicine,24,7,125,False
"whipple, gh",Medicine,25,3,128,False
"whipple, gh",Medicine,26,4,132,False
"whipple, gh",Medicine,27,6,138,False
"whipple, gh",Medicine,28,6,144,False
"whipple, gh",Medicine,29,8,152,False
"whipple, gh",Medicine,30,5,157,False
"whipple, gh",Medicine,31,7,164,False
"whipple, gh",Medicine,32,4,168,False
"whipple, gh",Medicine,33,5,173,False
"whipple, gh",Medicine,34,6,179,False
"whipple, gh",Medicine,35,5,184,False
"whipple, gh",Medicine,36,3,187,False
"whipple, gh",Medicine,37,3,190,False
"whipple, gh",Medicine,38,6,196,False
"whipple, gh",Medicine,39,3,199,False
"whipple, gh",Medicine,40,2,201,False
"whipple, gh",Medicine,41,2,203,False
"whipple, gh",Medicine,42,1,204,False
"whipple, gh",Medicine,44,4,208,False
"whipple, gh",Medicine,47,1,209,False
"whipple, gh",Medicine,48,1,210,False
"whipple, gh",Medicine,49,1,211,False
"wieland, h",Chemistry,0,1,1,True
"wiemann, ce",Physics,0,1,1,False
"wiemann, ce",Physics,1,2,3,False
"wiemann, ce",Physics,2,2,5,False
"wiemann, ce",Physics,3,1,6,False
"wiemann, ce",Physics,4,5,11,False
"wiemann, ce",Physics,5,1,12,False
"wiemann, ce",Physics,6,4,16,False
"wiemann, ce",Physics,7,3,19,False
"wiemann, ce",Physics,8,2,21,False
"wiemann, ce",Physics,9,5,26,False
"wiemann, ce",Physics,10,2,28,False
"wiemann, ce",Physics,11,6,34,False
"wiemann, ce",Physics,12,2,36,False
"wiemann, ce",Physics,13,5,41,True
"wiemann, ce",Physics,14,9,50,False
"wiemann, ce",Physics,15,9,59,False
"wiemann, ce",Physics,16,9,68,False
"wiemann, ce",Physics,17,6,74,False
"wiemann, ce",Physics,18,4,78,False
"wiemann, ce",Physics,19,3,81,False
"wiemann, ce",Physics,20,6,87,False
"wiemann, ce",Physics,21,1,88,False
"wiemann, ce",Physics,23,3,91,False
"wiemann, ce",Physics,24,2,93,False
"wiemann, ce",Physics,26,3,96,False
"wien, w",Physics,0,2,2,False
"wien, w",Physics,2,1,3,False
"wieschaus, e",Medicine,0,2,2,False
"wieschaus, e",Medicine,1,2,4,False
"wieschaus, e",Medicine,2,3,7,False
"wieschaus, e",Medicine,3,2,9,False
"wieschaus, e",Medicine,4,1,10,True
"wieschaus, e",Medicine,5,1,11,False
"wieschaus, e",Medicine,6,1,12,False
"wieschaus, e",Medicine,8,2,14,False
"wieschaus, e",Medicine,9,2,16,False
"wieschaus, e",Medicine,10,6,22,False
"wieschaus, e",Medicine,11,1,23,False
"wieschaus, e",Medicine,12,2,25,False
"wieschaus, e",Medicine,13,1,26,False
"wieschaus, e",Medicine,14,2,28,False
"wieschaus, e",Medicine,15,1,29,False
"wieschaus, e",Medicine,16,4,33,False
"wieschaus, e",Medicine,17,4,37,False
"wieschaus, e",Medicine,18,2,39,False
"wieschaus, e",Medicine,20,2,41,False
"wieschaus, e",Medicine,21,1,42,False
"wieschaus, e",Medicine,22,2,44,False
"wieschaus, e",Medicine,24,4,48,False
"wieschaus, e",Medicine,25,1,49,False
"wieschaus, e",Medicine,26,6,55,False
"wieschaus, e",Medicine,27,2,57,False
"wieschaus, e",Medicine,28,5,62,False
"wieschaus, e",Medicine,29,3,65,False
"wieschaus, e",Medicine,30,1,66,False
"wieschaus, e",Medicine,31,4,70,False
"wieschaus, e",Medicine,32,4,74,False
"wieschaus, e",Medicine,33,2,76,False
"wieschaus, e",Medicine,34,4,80,False
"wieschaus, e",Medicine,35,3,83,False
"wieschaus, e",Medicine,36,6,89,False
"wieschaus, e",Medicine,37,4,93,False
"wieschaus, e",Medicine,38,4,97,False
"wiesel, tn",Medicine,0,2,2,False
"wiesel, tn",Medicine,1,3,5,False
"wiesel, tn",Medicine,2,2,7,False
"wiesel, tn",Medicine,3,3,10,False
"wiesel, tn",Medicine,4,1,11,True
"wiesel, tn",Medicine,5,4,15,False
"wiesel, tn",Medicine,6,1,16,False
"wiesel, tn",Medicine,7,5,21,False
"wiesel, tn",Medicine,8,2,23,False
"wiesel, tn",Medicine,9,1,24,False
"wiesel, tn",Medicine,10,1,25,False
"wiesel, tn",Medicine,11,2,27,False
"wiesel, tn",Medicine,12,3,30,False
"wiesel, tn",Medicine,13,1,31,False
"wiesel, tn",Medicine,14,1,32,False
"wiesel, tn",Medicine,16,4,36,False
"wiesel, tn",Medicine,17,2,38,False
"wiesel, tn",Medicine,18,2,40,False
"wiesel, tn",Medicine,19,5,45,False
"wiesel, tn",Medicine,20,1,46,False
"wiesel, tn",Medicine,21,2,48,False
"wiesel, tn",Medicine,22,1,49,False
"wiesel, tn",Medicine,24,2,51,False
"wiesel, tn",Medicine,25,1,52,False
"wiesel, tn",Medicine,27,2,54,False
"wiesel, tn",Medicine,28,3,57,False
"wiesel, tn",Medicine,30,1,58,False
"wiesel, tn",Medicine,31,1,59,False
"wiesel, tn",Medicine,32,3,62,False
"wiesel, tn",Medicine,33,1,63,False
"wiesel, tn",Medicine,34,1,64,False
"wiesel, tn",Medicine,36,1,65,False
"wiesel, tn",Medicine,40,1,66,False
"wiesel, tn",Medicine,41,1,67,False
"wiesel, tn",Medicine,42,1,68,False
"wiesel, tn",Medicine,44,1,69,False
"wiesel, tn",Medicine,48,1,70,False
"wiesel, tn",Medicine,49,2,72,False
"wiesel, tn",Medicine,51,1,73,False
"wiesel, tn",Medicine,54,1,74,False
"wiesel, tn",Medicine,56,1,75,False
"wiesel, tn",Medicine,57,1,76,False
"wiesel, tn",Medicine,59,1,77,False
"wigner, ep",Physics,0,1,1,False
"wigner, ep",Physics,1,1,2,False
"wigner, ep",Physics,4,3,5,False
"wigner, ep",Physics,6,2,7,False
"wigner, ep",Physics,8,2,9,True
"wigner, ep",Physics,9,3,12,False
"wigner, ep",Physics,10,1,13,False
"wigner, ep",Physics,11,3,16,False
"wigner, ep",Physics,12,5,21,False
"wigner, ep",Physics,13,3,24,False
"wigner, ep",Physics,14,3,27,False
"wigner, ep",Physics,15,3,30,False
"wigner, ep",Physics,16,1,31,False
"wigner, ep",Physics,17,4,35,False
"wigner, ep",Physics,18,1,36,False
"wigner, ep",Physics,22,3,39,False
"wigner, ep",Physics,23,1,40,False
"wigner, ep",Physics,24,4,44,False
"wigner, ep",Physics,25,4,48,False
"wigner, ep",Physics,26,3,51,False
"wigner, ep",Physics,27,4,55,False
"wigner, ep",Physics,28,7,62,False
"wigner, ep",Physics,29,2,64,False
"wigner, ep",Physics,30,6,70,False
"wigner, ep",Physics,31,8,78,False
"wigner, ep",Physics,32,4,82,False
"wigner, ep",Physics,33,3,85,False
"wigner, ep",Physics,34,2,87,False
"wigner, ep",Physics,35,3,90,False
"wigner, ep",Physics,36,8,98,False
"wigner, ep",Physics,37,4,102,False
"wigner, ep",Physics,38,2,104,False
"wigner, ep",Physics,39,5,109,False
"wigner, ep",Physics,40,10,119,False
"wigner, ep",Physics,41,6,125,False
"wigner, ep",Physics,42,2,127,False
"wigner, ep",Physics,43,7,134,False
"wigner, ep",Physics,44,6,140,False
"wigner, ep",Physics,45,2,142,False
"wigner, ep",Physics,46,5,147,False
"wigner, ep",Physics,47,1,148,False
"wigner, ep",Physics,48,2,150,False
"wigner, ep",Physics,49,2,152,False
"wigner, ep",Physics,51,1,153,False
"wigner, ep",Physics,52,5,158,False
"wigner, ep",Physics,53,5,163,False
"wigner, ep",Physics,54,1,164,False
"wigner, ep",Physics,55,1,165,False
"wigner, ep",Physics,57,2,167,False
"wigner, ep",Physics,58,1,168,False
"wigner, ep",Physics,60,2,170,False
"wilczek, f",Physics,0,1,1,True
"wilczek, f",Physics,1,5,6,False
"wilczek, f",Physics,2,5,11,False
"wilczek, f",Physics,3,2,13,False
"wilczek, f",Physics,4,9,22,False
"wilczek, f",Physics,5,3,25,False
"wilczek, f",Physics,6,7,32,False
"wilczek, f",Physics,7,3,35,False
"wilczek, f",Physics,8,1,36,False
"wilczek, f",Physics,9,11,47,False
"wilczek, f",Physics,10,3,50,False
"wilczek, f",Physics,11,9,59,False
"wilczek, f",Physics,12,5,64,False
"wilczek, f",Physics,13,3,67,False
"wilczek, f",Physics,14,1,68,False
"wilczek, f",Physics,15,1,69,False
"wilczek, f",Physics,16,7,76,False
"wilczek, f",Physics,17,4,80,False
"wilczek, f",Physics,18,11,91,False
"wilczek, f",Physics,19,8,99,False
"wilczek, f",Physics,20,3,102,False
"wilczek, f",Physics,21,6,108,False
"wilczek, f",Physics,22,5,113,False
"wilczek, f",Physics,23,9,122,False
"wilczek, f",Physics,24,3,125,False
"wilczek, f",Physics,25,12,137,False
"wilczek, f",Physics,26,10,147,False
"wilczek, f",Physics,27,8,155,False
"wilczek, f",Physics,28,5,160,False
"wilczek, f",Physics,29,1,161,False
"wilczek, f",Physics,30,2,163,False
"wilczek, f",Physics,31,5,168,False
"wilczek, f",Physics,32,9,177,False
"wilczek, f",Physics,33,9,186,False
"wilczek, f",Physics,35,2,188,False
"wilczek, f",Physics,36,1,189,False
"wilczek, f",Physics,37,1,190,False
"wilczek, f",Physics,39,3,193,False
"wilczek, f",Physics,40,3,196,False
"wilczek, f",Physics,41,2,198,False
"wilkins, mhf",Medicine,0,1,1,False
"wilkins, mhf",Medicine,1,1,2,False
"wilkins, mhf",Medicine,3,4,6,True
"wilkins, mhf",Medicine,5,1,7,False
"wilkins, mhf",Medicine,6,1,8,False
"wilkins, mhf",Medicine,7,1,9,False
"wilkins, mhf",Medicine,8,1,10,False
"wilkins, mhf",Medicine,9,3,13,False
"wilkins, mhf",Medicine,10,2,15,False
"wilkins, mhf",Medicine,11,1,16,False
"wilkins, mhf",Medicine,12,3,19,False
"wilkins, mhf",Medicine,13,2,21,False
"wilkins, mhf",Medicine,14,1,22,False
"wilkins, mhf",Medicine,15,2,24,False
"wilkins, mhf",Medicine,16,1,25,False
"wilkins, mhf",Medicine,17,2,27,False
"wilkins, mhf",Medicine,20,2,29,False
"wilkins, mhf",Medicine,22,1,30,False
wilkinso.g,Chemistry,0,2,2,False
wilkinso.g,Chemistry,1,6,8,True
wilkinso.g,Chemistry,2,2,10,False
wilkinso.g,Chemistry,3,9,19,False
wilkinso.g,Chemistry,4,7,26,False
wilkinso.g,Chemistry,5,13,39,False
wilkinso.g,Chemistry,6,2,41,False
wilkinso.g,Chemistry,7,9,50,False
wilkinso.g,Chemistry,8,13,63,False
wilkinso.g,Chemistry,9,6,69,False
wilkinso.g,Chemistry,10,8,77,False
wilkinso.g,Chemistry,11,6,83,False
wilkinso.g,Chemistry,12,6,89,False
wilkinso.g,Chemistry,13,15,104,False
wilkinso.g,Chemistry,14,10,114,False
wilkinso.g,Chemistry,15,15,129,False
wilkinso.g,Chemistry,16,11,140,False
wilkinso.g,Chemistry,17,19,159,False
wilkinso.g,Chemistry,18,9,168,False
wilkinso.g,Chemistry,19,13,181,False
wilkinso.g,Chemistry,20,9,190,False
wilkinso.g,Chemistry,21,9,199,False
wilkinso.g,Chemistry,22,17,216,False
wilkinso.g,Chemistry,23,18,234,False
wilkinso.g,Chemistry,24,14,248,False
wilkinso.g,Chemistry,25,19,267,False
wilkinso.g,Chemistry,26,20,287,False
wilkinso.g,Chemistry,27,18,305,False
wilkinso.g,Chemistry,28,15,320,False
wilkinso.g,Chemistry,29,31,351,False
wilkinso.g,Chemistry,30,23,374,False
wilkinso.g,Chemistry,31,18,392,False
wilkinso.g,Chemistry,32,12,404,False
wilkinso.g,Chemistry,33,20,424,False
wilkinso.g,Chemistry,34,19,443,False
wilkinso.g,Chemistry,35,18,461,False
wilkinso.g,Chemistry,36,15,476,False
wilkinso.g,Chemistry,37,16,492,False
wilkinso.g,Chemistry,38,10,502,False
wilkinso.g,Chemistry,39,18,520,False
wilkinso.g,Chemistry,40,14,534,False
wilkinso.g,Chemistry,41,7,541,False
wilkinso.g,Chemistry,42,9,550,False
wilkinso.g,Chemistry,43,5,555,False
wilkinso.g,Chemistry,44,4,559,False
wilkinso.g,Chemistry,45,9,568,False
wilkinso.g,Chemistry,46,4,572,False
wilkinso.g,Chemistry,55,1,573,False
wilkinso.g,Chemistry,59,1,574,False
"willstatter, r",Chemistry,0,2,2,True
"willstatter, r",Chemistry,11,1,3,False
"wilson, ctr",Physics,0,1,1,False
"wilson, kg",Physics,0,1,1,False
"wilson, kg",Physics,3,1,2,False
"wilson, kg",Physics,6,1,3,False
"wilson, kg",Physics,7,1,4,False
"wilson, kg",Physics,8,3,7,False
"wilson, kg",Physics,9,4,11,True
"wilson, kg",Physics,10,6,17,False
"wilson, kg",Physics,11,2,19,False
"wilson, kg",Physics,12,4,23,False
"wilson, kg",Physics,13,4,27,False
"wilson, kg",Physics,14,1,28,False
"wilson, kg",Physics,17,1,29,False
"wilson, kg",Physics,18,1,30,False
"wilson, kg",Physics,20,1,31,False
"wilson, kg",Physics,21,1,32,False
"wilson, kg",Physics,22,2,34,False
"wilson, kg",Physics,23,1,35,False
"wilson, kg",Physics,24,3,38,False
"wilson, kg",Physics,26,3,41,False
"wilson, kg",Physics,27,1,42,False
"wilson, kg",Physics,28,3,45,False
"wilson, kg",Physics,29,1,46,False
"wilson, kg",Physics,30,2,48,False
"wilson, kg",Physics,31,6,54,False
"wilson, kg",Physics,32,3,57,False
"wilson, kg",Physics,33,1,58,False
"wilson, kg",Physics,34,2,60,False
"wilson, kg",Physics,35,5,65,False
"wilson, kg",Physics,36,7,72,False
"wilson, kg",Physics,37,4,76,False
"wilson, kg",Physics,38,1,77,False
"wilson, kg",Physics,39,3,80,False
"wilson, kg",Physics,40,3,83,False
"wilson, kg",Physics,41,3,86,False
"wilson, kg",Physics,42,2,88,False
"wilson, kg",Physics,43,2,90,False
"wilson, kg",Physics,44,1,91,False
"wilson, kg",Physics,45,1,92,False
"wilson, kg",Physics,46,4,96,False
"wilson, kg",Physics,47,3,99,False
"wilson, kg",Physics,48,3,102,False
"wilson, kg",Physics,49,3,105,False
"wilson, kg",Physics,50,5,110,False
"wilson, rw",Physics,0,1,1,False
"wilson, rw",Physics,1,1,2,False
"wilson, rw",Physics,2,1,3,False
"wilson, rw",Physics,3,1,4,False
"wilson, rw",Physics,5,3,7,True
"wilson, rw",Physics,6,2,9,False
"wilson, rw",Physics,7,1,10,False
"wilson, rw",Physics,9,2,12,False
"wilson, rw",Physics,10,3,15,False
"wilson, rw",Physics,11,9,24,False
"wilson, rw",Physics,12,6,30,False
"wilson, rw",Physics,13,5,35,False
"wilson, rw",Physics,14,3,38,False
"wilson, rw",Physics,16,3,41,False
"wilson, rw",Physics,17,2,43,False
"wilson, rw",Physics,18,2,45,False
"wilson, rw",Physics,19,4,49,False
"wilson, rw",Physics,20,3,52,False
"wilson, rw",Physics,21,1,53,False
"wilson, rw",Physics,22,2,55,False
"wilson, rw",Physics,23,1,56,False
"wilson, rw",Physics,25,3,59,False
"wilson, rw",Physics,26,3,62,False
"wilson, rw",Physics,27,4,66,False
"wilson, rw",Physics,28,4,70,False
"wilson, rw",Physics,29,2,72,False
"wilson, rw",Physics,30,1,73,False
"wilson, rw",Physics,31,1,74,False
"wilson, rw",Physics,32,2,76,False
"wilson, rw",Physics,33,4,80,False
"wilson, rw",Physics,34,1,81,False
"wilson, rw",Physics,39,1,82,False
"wilson, rw",Physics,41,1,83,False
"wilson, rw",Physics,49,3,86,False
"wilson, rw",Physics,51,1,87,False
"wilson, rw",Physics,52,1,88,False
"wilson, rw",Physics,56,1,89,False
"windaus, a",Chemistry,0,1,1,True
"windaus, a",Chemistry,1,1,2,False
"wineland, david",Physics,0,1,1,False
"wineland, david",Physics,3,2,3,False
"wineland, david",Physics,4,2,5,False
"wineland, david",Physics,5,3,8,False
"wineland, david",Physics,6,3,11,False
"wineland, david",Physics,7,3,14,False
"wineland, david",Physics,8,3,17,False
"wineland, david",Physics,9,4,21,False
"wineland, david",Physics,10,2,23,False
"wineland, david",Physics,11,2,25,False
"wineland, david",Physics,12,3,28,False
"wineland, david",Physics,13,7,35,False
"wineland, david",Physics,14,3,38,False
"wineland, david",Physics,15,7,45,False
"wineland, david",Physics,16,7,52,False
"wineland, david",Physics,17,2,54,False
"wineland, david",Physics,18,3,57,False
"wineland, david",Physics,19,3,60,False
"wineland, david",Physics,20,5,65,False
"wineland, david",Physics,21,7,72,False
"wineland, david",Physics,22,3,75,False
"wineland, david",Physics,23,9,84,True
"wineland, david",Physics,24,8,92,False
"wineland, david",Physics,25,2,94,False
"wineland, david",Physics,26,10,104,False
"wineland, david",Physics,27,1,105,False
"wineland, david",Physics,28,10,115,False
"wineland, david",Physics,29,7,122,False
"wineland, david",Physics,30,3,125,False
"wineland, david",Physics,31,6,131,False
"wineland, david",Physics,32,6,137,False
"wineland, david",Physics,33,6,143,False
"wineland, david",Physics,34,3,146,False
"wineland, david",Physics,35,8,154,False
"wineland, david",Physics,36,6,160,False
"wineland, david",Physics,37,7,167,False
"wineland, david",Physics,38,5,172,False
"wineland, david",Physics,39,10,182,False
"wineland, david",Physics,40,4,186,False
"wineland, david",Physics,41,11,197,False
"wineland, david",Physics,42,3,200,False
"wineland, david",Physics,43,3,203,False
"wineland, david",Physics,44,3,206,False
"wineland, david",Physics,45,5,211,False
"wittig, g",Chemistry,0,1,1,False
"wittig, g",Chemistry,1,3,4,False
"wittig, g",Chemistry,2,1,5,False
"wittig, g",Chemistry,3,1,6,False
"wittig, g",Chemistry,4,2,8,False
"wittig, g",Chemistry,6,1,9,False
"wittig, g",Chemistry,7,1,10,False
"wittig, g",Chemistry,12,1,11,False
"wittig, g",Chemistry,13,4,15,False
"wittig, g",Chemistry,14,2,17,False
"wittig, g",Chemistry,15,3,20,False
"wittig, g",Chemistry,16,4,24,False
"wittig, g",Chemistry,17,3,27,False
"wittig, g",Chemistry,18,3,30,False
"wittig, g",Chemistry,19,2,32,False
"wittig, g",Chemistry,20,3,35,False
"wittig, g",Chemistry,23,8,43,False
"wittig, g",Chemistry,24,3,46,False
"wittig, g",Chemistry,25,4,50,False
"wittig, g",Chemistry,26,6,56,False
"wittig, g",Chemistry,27,8,64,False
"wittig, g",Chemistry,28,3,67,False
"wittig, g",Chemistry,29,4,71,True
"wittig, g",Chemistry,30,5,76,False
"wittig, g",Chemistry,31,9,85,False
"wittig, g",Chemistry,32,7,92,False
"wittig, g",Chemistry,33,7,99,False
"wittig, g",Chemistry,34,11,110,False
"wittig, g",Chemistry,35,4,114,False
"wittig, g",Chemistry,36,11,125,False
"wittig, g",Chemistry,37,10,135,False
"wittig, g",Chemistry,38,15,150,False
"wittig, g",Chemistry,39,9,159,False
"wittig, g",Chemistry,40,13,172,False
"wittig, g",Chemistry,41,6,178,False
"wittig, g",Chemistry,42,5,183,False
"wittig, g",Chemistry,43,5,188,False
"wittig, g",Chemistry,44,10,198,False
"wittig, g",Chemistry,45,3,201,False
"wittig, g",Chemistry,46,4,205,False
"wittig, g",Chemistry,47,23,228,False
"wittig, g",Chemistry,48,8,236,False
"wittig, g",Chemistry,49,10,246,False
"wittig, g",Chemistry,50,2,248,False
"wittig, g",Chemistry,51,6,254,False
"wittig, g",Chemistry,52,3,257,False
"wittig, g",Chemistry,53,1,258,False
"wittig, g",Chemistry,54,2,260,False
"wittig, g",Chemistry,56,2,262,False
"woodward, r",Chemistry,0,1,1,False
"woodward, r",Chemistry,2,4,5,False
"woodward, r",Chemistry,3,3,8,False
"woodward, r",Chemistry,4,3,11,False
"woodward, r",Chemistry,5,1,12,False
"woodward, r",Chemistry,6,1,13,False
"woodward, r",Chemistry,7,1,14,False
"woodward, r",Chemistry,9,1,15,False
"woodward, r",Chemistry,10,4,19,False
"woodward, r",Chemistry,11,1,20,False
"woodward, r",Chemistry,12,5,25,False
"woodward, r",Chemistry,13,4,29,False
"woodward, r",Chemistry,14,7,36,True
"woodward, r",Chemistry,15,5,41,False
"woodward, r",Chemistry,16,8,49,False
"woodward, r",Chemistry,17,2,51,False
"woodward, r",Chemistry,18,7,58,False
"woodward, r",Chemistry,19,1,59,False
"woodward, r",Chemistry,20,3,62,False
"woodward, r",Chemistry,21,2,64,False
"woodward, r",Chemistry,22,3,67,False
"woodward, r",Chemistry,23,3,70,False
"woodward, r",Chemistry,24,3,73,False
"woodward, r",Chemistry,25,4,77,False
"woodward, r",Chemistry,27,8,85,False
"woodward, r",Chemistry,28,5,90,False
"woodward, r",Chemistry,30,3,93,False
"woodward, r",Chemistry,31,6,99,False
"woodward, r",Chemistry,32,3,102,False
"woodward, r",Chemistry,34,2,104,False
"woodward, r",Chemistry,35,1,105,False
"woodward, r",Chemistry,38,2,107,False
"woodward, r",Chemistry,39,1,108,False
"woodward, r",Chemistry,41,1,109,False
"woodward, r",Chemistry,42,2,111,False
"woodward, r",Chemistry,43,4,115,False
"woodward, r",Chemistry,44,2,117,False
"woodward, r",Chemistry,45,3,120,False
"woodward, r",Chemistry,46,1,121,False
"woodward, r",Chemistry,52,1,122,False
"woodward, r",Chemistry,55,1,123,False
"wuthrich, k",Chemistry,0,1,1,False
"wuthrich, k",Chemistry,4,2,3,False
"wuthrich, k",Chemistry,5,5,8,False
"wuthrich, k",Chemistry,6,4,12,False
"wuthrich, k",Chemistry,7,1,13,False
"wuthrich, k",Chemistry,8,9,22,False
"wuthrich, k",Chemistry,9,7,29,False
"wuthrich, k",Chemistry,10,5,34,False
"wuthrich, k",Chemistry,11,7,41,False
"wuthrich, k",Chemistry,12,12,53,False
"wuthrich, k",Chemistry,13,11,64,False
"wuthrich, k",Chemistry,14,20,84,False
"wuthrich, k",Chemistry,15,21,105,False
"wuthrich, k",Chemistry,16,15,120,False
"wuthrich, k",Chemistry,17,12,132,False
"wuthrich, k",Chemistry,18,7,139,False
"wuthrich, k",Chemistry,19,20,159,False
"wuthrich, k",Chemistry,20,18,177,False
"wuthrich, k",Chemistry,21,15,192,True
"wuthrich, k",Chemistry,22,15,207,False
"wuthrich, k",Chemistry,23,17,224,False
"wuthrich, k",Chemistry,24,10,234,False
"wuthrich, k",Chemistry,25,11,245,False
"wuthrich, k",Chemistry,26,11,256,False
"wuthrich, k",Chemistry,27,18,274,False
"wuthrich, k",Chemistry,28,24,298,False
"wuthrich, k",Chemistry,29,22,320,False
"wuthrich, k",Chemistry,30,21,341,False
"wuthrich, k",Chemistry,31,12,353,False
"wuthrich, k",Chemistry,32,17,370,False
"wuthrich, k",Chemistry,33,19,389,False
"wuthrich, k",Chemistry,34,17,406,False
"wuthrich, k",Chemistry,35,14,420,False
"wuthrich, k",Chemistry,36,7,427,False
"wuthrich, k",Chemistry,37,10,437,False
"wuthrich, k",Chemistry,38,13,450,False
"wuthrich, k",Chemistry,39,11,461,False
"wuthrich, k",Chemistry,40,13,474,False
"wuthrich, k",Chemistry,41,15,489,False
"wuthrich, k",Chemistry,42,14,503,False
"wuthrich, k",Chemistry,43,13,516,False
"wuthrich, k",Chemistry,44,13,529,False
"wuthrich, k",Chemistry,45,9,538,False
"wuthrich, k",Chemistry,46,13,551,False
"wuthrich, k",Chemistry,47,11,562,False
"wuthrich, k",Chemistry,48,11,573,False
"wuthrich, k",Chemistry,49,10,583,False
"wuthrich, k",Chemistry,50,5,588,False
"wuthrich, k",Chemistry,51,9,597,False
"wuthrich, k",Chemistry,52,11,608,False
"wuthrich, k",Chemistry,53,3,611,False
"wuthrich, k",Chemistry,54,1,612,False
"yalow, rs",Medicine,0,1,1,False
"yalow, rs",Medicine,1,5,6,False
"yalow, rs",Medicine,2,7,13,False
"yalow, rs",Medicine,3,3,16,False
"yalow, rs",Medicine,4,5,21,False
"yalow, rs",Medicine,5,5,26,False
"yalow, rs",Medicine,6,1,27,True
"yalow, rs",Medicine,7,10,37,False
"yalow, rs",Medicine,8,4,41,False
"yalow, rs",Medicine,9,3,44,False
"yalow, rs",Medicine,10,5,49,False
"yalow, rs",Medicine,11,9,58,False
"yalow, rs",Medicine,12,1,59,False
"yalow, rs",Medicine,13,4,63,False
"yalow, rs",Medicine,14,5,68,False
"yalow, rs",Medicine,15,3,71,False
"yalow, rs",Medicine,16,6,77,False
"yalow, rs",Medicine,17,2,79,False
"yalow, rs",Medicine,18,4,83,False
"yalow, rs",Medicine,19,3,86,False
"yalow, rs",Medicine,20,4,90,False
"yalow, rs",Medicine,21,5,95,False
"yalow, rs",Medicine,22,1,96,False
"yalow, rs",Medicine,23,4,100,False
"yalow, rs",Medicine,24,3,103,False
"yalow, rs",Medicine,25,7,110,False
"yalow, rs",Medicine,26,2,112,False
"yalow, rs",Medicine,27,2,114,False
"yalow, rs",Medicine,28,10,124,False
"yalow, rs",Medicine,29,5,129,False
"yalow, rs",Medicine,30,12,141,False
"yalow, rs",Medicine,31,12,153,False
"yalow, rs",Medicine,32,7,160,False
"yalow, rs",Medicine,33,3,163,False
"yalow, rs",Medicine,34,7,170,False
"yalow, rs",Medicine,35,7,177,False
"yalow, rs",Medicine,36,9,186,False
"yalow, rs",Medicine,37,7,193,False
"yalow, rs",Medicine,38,2,195,False
"yalow, rs",Medicine,39,3,198,False
"yalow, rs",Medicine,40,3,201,False
"yalow, rs",Medicine,41,3,204,False
"yalow, rs",Medicine,42,2,206,False
"yalow, rs",Medicine,44,1,207,False
"yalow, rs",Medicine,46,1,208,False
"yalow, rs",Medicine,49,1,209,False
"yalow, rs",Medicine,56,2,211,False
"yamanaka, s",Medicine,0,2,2,False
"yamanaka, s",Medicine,1,1,3,False
"yamanaka, s",Medicine,2,2,5,False
"yamanaka, s",Medicine,3,3,8,False
"yamanaka, s",Medicine,5,1,9,False
"yamanaka, s",Medicine,6,2,11,False
"yamanaka, s",Medicine,7,5,16,False
"yamanaka, s",Medicine,8,6,22,False
"yamanaka, s",Medicine,9,3,25,False
"yamanaka, s",Medicine,10,3,28,False
"yamanaka, s",Medicine,11,1,29,False
"yamanaka, s",Medicine,12,2,31,False
"yamanaka, s",Medicine,13,5,36,False
"yamanaka, s",Medicine,14,5,41,False
"yamanaka, s",Medicine,15,7,48,False
"yamanaka, s",Medicine,16,4,52,True
"yamanaka, s",Medicine,17,9,61,False
"yamanaka, s",Medicine,18,8,69,False
"yamanaka, s",Medicine,19,26,95,False
"yamanaka, s",Medicine,20,25,120,False
"yamanaka, s",Medicine,21,27,147,False
"yamanaka, s",Medicine,22,13,160,False
"yamanaka, s",Medicine,23,24,184,False
"yamanaka, s",Medicine,24,22,206,False
"yamanaka, s",Medicine,25,16,222,False
"yamanaka, s",Medicine,26,15,237,False
"yamanaka, s",Medicine,27,11,248,False
"yang, cn",Physics,0,1,1,False
"yang, cn",Physics,1,2,3,False
"yang, cn",Physics,3,3,6,False
"yang, cn",Physics,5,1,7,False
"yang, cn",Physics,6,1,8,False
"yang, cn",Physics,7,5,13,True
"yang, cn",Physics,8,10,23,False
"yang, cn",Physics,9,4,27,False
"yang, cn",Physics,10,2,29,False
"yang, cn",Physics,11,5,34,False
"yang, cn",Physics,12,3,37,False
"yang, cn",Physics,13,3,40,False
"yang, cn",Physics,14,1,41,False
"yang, cn",Physics,15,2,43,False
"yang, cn",Physics,17,3,46,False
"yang, cn",Physics,18,2,48,False
"yang, cn",Physics,19,1,49,False
"yang, cn",Physics,20,1,50,False
"yang, cn",Physics,21,1,51,False
"yang, cn",Physics,25,1,52,False
"yang, cn",Physics,26,3,55,False
"yang, cn",Physics,27,3,58,False
"yang, cn",Physics,28,5,63,False
"yang, cn",Physics,29,2,65,False
"yang, cn",Physics,33,1,66,False
"yang, cn",Physics,40,2,68,False
"yang, cn",Physics,42,1,69,False
"yang, cn",Physics,46,2,71,False
"yang, cn",Physics,47,1,72,False
"yang, cn",Physics,48,3,75,False
"yang, cn",Physics,50,4,79,False
"yang, cn",Physics,51,6,85,False
"yang, cn",Physics,52,2,87,False
"yang, cn",Physics,53,1,88,False
"yang, cn",Physics,54,4,92,False
"yang, cn",Physics,56,1,93,False
"yang, cn",Physics,59,1,94,False
"yonath, a",Chemistry,0,1,1,False
"yonath, a",Chemistry,3,3,4,False
"yonath, a",Chemistry,4,2,6,False
"yonath, a",Chemistry,5,3,9,False
"yonath, a",Chemistry,6,1,10,False
"yonath, a",Chemistry,7,4,14,False
"yonath, a",Chemistry,8,5,19,False
"yonath, a",Chemistry,9,5,24,False
"yonath, a",Chemistry,10,3,27,False
"yonath, a",Chemistry,11,3,30,False
"yonath, a",Chemistry,12,3,33,False
"yonath, a",Chemistry,13,3,36,False
"yonath, a",Chemistry,14,3,39,False
"yonath, a",Chemistry,15,2,41,False
"yonath, a",Chemistry,16,2,43,False
"yonath, a",Chemistry,17,2,45,False
"yonath, a",Chemistry,18,1,46,False
"yonath, a",Chemistry,19,2,48,False
"yonath, a",Chemistry,20,3,51,False
"yonath, a",Chemistry,21,1,52,True
"yonath, a",Chemistry,22,2,54,False
"yonath, a",Chemistry,23,4,58,False
"yonath, a",Chemistry,24,10,68,False
"yonath, a",Chemistry,25,4,72,False
"yonath, a",Chemistry,26,7,79,False
"yonath, a",Chemistry,27,5,84,False
"yonath, a",Chemistry,28,2,86,False
"yonath, a",Chemistry,29,3,89,False
"yonath, a",Chemistry,30,4,93,False
"yonath, a",Chemistry,31,4,97,False
"yonath, a",Chemistry,32,3,100,False
"yonath, a",Chemistry,33,1,101,False
"yonath, a",Chemistry,34,2,103,False
youyou tu,Medicine,0,1,1,True
youyou tu,Medicine,34,1,2,False
"yukawa, h",Physics,0,1,1,True
"yukawa, h",Physics,2,1,2,False
"yukawa, h",Physics,10,1,3,False
"yukawa, h",Physics,11,2,5,False
"yukawa, h",Physics,12,3,8,False
"yukawa, h",Physics,13,2,10,False
"yukawa, h",Physics,14,1,11,False
"yukawa, h",Physics,18,6,17,False
"yukawa, h",Physics,19,1,18,False
"yukawa, h",Physics,20,2,20,False
"yukawa, h",Physics,24,1,21,False
"yukawa, h",Physics,25,1,22,False
"yukawa, h",Physics,26,2,24,False
"yukawa, h",Physics,27,1,25,False
"yukawa, h",Physics,29,1,26,False
"yukawa, h",Physics,31,1,27,False
"yukawa, h",Physics,37,1,28,False
"yukawa, h",Physics,38,1,29,False
"yukawa, h",Physics,44,1,30,False
"yukawa, h",Physics,54,1,31,False
"zeeman, p",Physics,0,1,1,True
"zeeman, p",Physics,1,1,2,False
"zeeman, p",Physics,28,1,3,False
"zeeman, p",Physics,29,1,4,False
"zeeman, p",Physics,34,1,5,False
"zernike, f",Physics,0,1,1,True
"zernike, f",Physics,8,1,2,False
"zernike, f",Physics,16,2,4,False
"zernike, f",Physics,23,1,5,False
"zewail, a",Chemistry,0,2,2,False
"zewail, a",Chemistry,1,5,7,False
"zewail, a",Chemistry,2,3,10,False
"zewail, a",Chemistry,3,2,12,False
"zewail, a",Chemistry,4,4,16,False
"zewail, a",Chemistry,5,7,23,False
"zewail, a",Chemistry,6,2,25,False
"zewail, a",Chemistry,7,8,33,False
"zewail, a",Chemistry,8,3,36,False
"zewail, a",Chemistry,9,16,52,False
"zewail, a",Chemistry,10,8,60,False
"zewail, a",Chemistry,11,10,70,False
"zewail, a",Chemistry,12,10,80,False
"zewail, a",Chemistry,13,18,98,False
"zewail, a",Chemistry,14,14,112,False
"zewail, a",Chemistry,15,21,133,False
"zewail, a",Chemistry,16,15,148,False
"zewail, a",Chemistry,17,13,161,False
"zewail, a",Chemistry,18,10,171,True
"zewail, a",Chemistry,19,11,182,False
"zewail, a",Chemistry,20,17,199,False
"zewail, a",Chemistry,21,8,207,False
"zewail, a",Chemistry,22,12,219,False
"zewail, a",Chemistry,23,11,230,False
"zewail, a",Chemistry,24,11,241,False
"zewail, a",Chemistry,25,15,256,False
"zewail, a",Chemistry,26,16,272,False
"zewail, a",Chemistry,27,7,279,False
"zewail, a",Chemistry,28,13,292,False
"zewail, a",Chemistry,29,15,307,False
"zewail, a",Chemistry,30,12,319,False
"zewail, a",Chemistry,31,21,340,False
"zewail, a",Chemistry,32,16,356,False
"zewail, a",Chemistry,33,13,369,False
"zewail, a",Chemistry,34,18,387,False
"zewail, a",Chemistry,35,10,397,False
"zewail, a",Chemistry,36,17,414,False
"zewail, a",Chemistry,37,15,429,False
"zewail, a",Chemistry,38,19,448,False
"zewail, a",Chemistry,39,19,467,False
"zewail, a",Chemistry,40,24,491,False
"zewail, a",Chemistry,41,16,507,False
"zewail, a",Chemistry,42,16,523,False
"zewail, a",Chemistry,43,12,535,False
"zewail, a",Chemistry,44,14,549,False
"zewail, a",Chemistry,45,9,558,False
"zewail, a",Chemistry,46,6,564,False
"zewail, a",Chemistry,47,11,575,False
"zewail, a",Chemistry,48,1,576,False
"ziegler, k",Chemistry,0,1,1,False
"ziegler, k",Chemistry,4,1,2,False
"ziegler, k",Chemistry,6,2,4,False
"ziegler, k",Chemistry,7,2,6,False
"ziegler, k",Chemistry,8,1,7,False
"ziegler, k",Chemistry,9,1,8,False
"ziegler, k",Chemistry,10,3,11,False
"ziegler, k",Chemistry,11,4,15,False
"ziegler, k",Chemistry,14,1,16,False
"ziegler, k",Chemistry,27,5,21,False
"ziegler, k",Chemistry,31,2,23,False
"ziegler, k",Chemistry,32,3,26,True
"ziegler, k",Chemistry,33,2,28,False
"ziegler, k",Chemistry,34,5,33,False
"ziegler, k",Chemistry,36,4,37,False
"ziegler, k",Chemistry,37,12,49,False
"ziegler, k",Chemistry,38,1,50,False
"ziegler, k",Chemistry,39,3,53,False
"ziegler, k",Chemistry,57,1,54,False
"ziegler, k",Chemistry,58,1,55,False
"ziegler, k",Chemistry,59,2,57,False
"ziegler, k",Chemistry,60,1,58,False
zinkerna.rm,Medicine,0,1,1,False
zinkerna.rm,Medicine,1,5,6,True
zinkerna.rm,Medicine,2,8,14,False
zinkerna.rm,Medicine,3,8,22,False
zinkerna.rm,Medicine,4,7,29,False
zinkerna.rm,Medicine,5,11,40,False
zinkerna.rm,Medicine,6,5,45,False
zinkerna.rm,Medicine,7,5,50,False
zinkerna.rm,Medicine,8,2,52,False
zinkerna.rm,Medicine,9,3,55,False
zinkerna.rm,Medicine,10,1,56,False
zinkerna.rm,Medicine,11,3,59,False
zinkerna.rm,Medicine,12,8,67,False
zinkerna.rm,Medicine,13,13,80,False
zinkerna.rm,Medicine,14,4,84,False
zinkerna.rm,Medicine,15,21,105,False
zinkerna.rm,Medicine,16,14,119,False
zinkerna.rm,Medicine,17,11,130,False
zinkerna.rm,Medicine,18,15,145,False
zinkerna.rm,Medicine,19,12,157,False
zinkerna.rm,Medicine,20,18,175,False
zinkerna.rm,Medicine,21,18,193,False
zinkerna.rm,Medicine,22,16,209,False
zinkerna.rm,Medicine,23,25,234,False
zinkerna.rm,Medicine,24,23,257,False
zinkerna.rm,Medicine,25,21,278,False
zinkerna.rm,Medicine,26,10,288,False
zinkerna.rm,Medicine,27,22,310,False
zinkerna.rm,Medicine,28,14,324,False
zinkerna.rm,Medicine,29,12,336,False
zinkerna.rm,Medicine,30,8,344,False
zinkerna.rm,Medicine,31,9,353,False
zinkerna.rm,Medicine,32,8,361,False
zinkerna.rm,Medicine,33,14,375,False
zinkerna.rm,Medicine,34,9,384,False
zinkerna.rm,Medicine,35,6,390,False
zinkerna.rm,Medicine,36,3,393,False
zinkerna.rm,Medicine,37,1,394,False
zinkerna.rm,Medicine,38,1,395,False
zinkerna.rm,Medicine,39,1,396,False
zinkerna.rm,Medicine,40,1,397,False
zinkerna.rm,Medicine,41,2,399,False
"zsigmondy, r",Chemistry,0,1,1,True
